S1	E1	S2	E2	Reference	Contig	IDY	Ambiguous	Best_group
4607910	4608319	42	452	Pseudomonas_aeruginosa_NZ_CP039990.1	scaffold_36	97.32		True
relocation, inconsistency = 447065
4149987	4154986	11311	6311	Pseudomonas_aeruginosa_NZ_CP039990.1	scaffold_36	99.48		True
relocation, inconsistency = 1171
4112103	4148790	48032	11337	Pseudomonas_aeruginosa_NZ_CP039990.1	scaffold_36	99.33		True
relocation, inconsistency = 11042
4043224	4099344	105866	49749	Pseudomonas_aeruginosa_NZ_CP039990.1	scaffold_36	99.49		True
local misassembly
4022030	4042858	126705	105867	Pseudomonas_aeruginosa_NZ_CP039990.1	scaffold_36	99.41		True
CONTIG	scaffold_36	126804	misassembled
293581	296872	3292	1	Pseudomonas_aeruginosa_NZ_CP039990.1	scaffold_37	99.76		True
local misassembly
289866	293256	7008	3623	Pseudomonas_aeruginosa_NZ_CP039990.1	scaffold_37	95.15		True
local misassembly
262449	289699	34144	7009	Pseudomonas_aeruginosa_NZ_CP039990.1	scaffold_37	98.97		True
local misassembly
247805	262171	48577	34216	Pseudomonas_aeruginosa_NZ_CP039990.1	scaffold_37	99.57		True
local misassembly
239122	247806	57730	49046	Pseudomonas_aeruginosa_NZ_CP039990.1	scaffold_37	99.62		True
relocation, inconsistency = -6580
164199	239080	139224	64352	Pseudomonas_aeruginosa_NZ_CP039990.1	scaffold_37	99.62		True
local misassembly
138711	163964	164567	139358	Pseudomonas_aeruginosa_NZ_CP039990.1	scaffold_37	99.16		True
local misassembly
125376	138367	177559	164568	Pseudomonas_aeruginosa_NZ_CP039990.1	scaffold_37	99.75		True
CONTIG	scaffold_37	177559	misassembled
4681568	4771606	92078	2024	Pseudomonas_aeruginosa_NZ_CP039990.1	scaffold_52	99.54		True
CONTIG	scaffold_52	92078	correct
299772	300996	1	1225	Pseudomonas_aeruginosa_NZ_CP039990.1	scaffold_54	98.72		True
relocation, inconsistency = 13070
314067	385816	1226	72958	Pseudomonas_aeruginosa_NZ_CP039990.1	scaffold_54	99.57		True
local misassembly
385995	403907	73894	91806	Pseudomonas_aeruginosa_NZ_CP039990.1	scaffold_54	99.56		True
fake: scaffold gap size wrong estimation (local)
404648	438626	92208	126182	Pseudomonas_aeruginosa_NZ_CP039990.1	scaffold_54	99.67		True
local misassembly
440025	521424	127559	208963	Pseudomonas_aeruginosa_NZ_CP039990.1	scaffold_54	99.53		True
CONTIG	scaffold_54	209088	misassembled
3742468	3782033	94	39619	Pseudomonas_aeruginosa_NZ_CP039990.1	scaffold_61	99.35		True
local misassembly
3782222	3865286	39620	122656	Pseudomonas_aeruginosa_NZ_CP039990.1	scaffold_61	99.65		True
local misassembly
3865499	3891051	122657	148213	Pseudomonas_aeruginosa_NZ_CP039990.1	scaffold_61	99.63		True
relocation, inconsistency = 43314
3934366	3943023	148214	156871	Pseudomonas_aeruginosa_NZ_CP039990.1	scaffold_61	99.67		True
local misassembly
3943375	3951996	156872	165489	Pseudomonas_aeruginosa_NZ_CP039990.1	scaffold_61	99.19		True
CONTIG	scaffold_61	165584	misassembled
6441706	6457222	1	15517	Pseudomonas_aeruginosa_NZ_CP039990.1	scaffold_64	99.97		True
local misassembly
6457442	6496877	15519	54959	Pseudomonas_aeruginosa_NZ_CP039990.1	scaffold_64	99.66		True
local misassembly
6496769	6511238	54960	69430	Pseudomonas_aeruginosa_NZ_CP039990.1	scaffold_64	99.37		True
local misassembly
6511326	6518148	69431	76253	Pseudomonas_aeruginosa_NZ_CP039990.1	scaffold_64	99.47		True
relocation, inconsistency = -1197
6518222	6537083	77524	96392	Pseudomonas_aeruginosa_NZ_CP039990.1	scaffold_64	99.81		True
local misassembly
6537594	6557102	96526	116041	Pseudomonas_aeruginosa_NZ_CP039990.1	scaffold_64	99.53		True
CONTIG	scaffold_64	116135	misassembled
1049096	1051835	2845	95	Pseudomonas_aeruginosa_NZ_CP039990.1	scaffold_67	98.98		True
local misassembly
1030466	1048886	21265	2846	Pseudomonas_aeruginosa_NZ_CP039990.1	scaffold_67	99.29		True
local misassembly
1005410	1030535	46416	21310	Pseudomonas_aeruginosa_NZ_CP039990.1	scaffold_67	99.42		True
local misassembly
983897	1005413	68443	46926	Pseudomonas_aeruginosa_NZ_CP039990.1	scaffold_67	99.29		True
relocation, inconsistency = 3061
968049	980754	81230	68525	Pseudomonas_aeruginosa_NZ_CP039990.1	scaffold_67	99.46		True
local misassembly
955348	968045	94050	81351	Pseudomonas_aeruginosa_NZ_CP039990.1	scaffold_67	99.48		True
local misassembly
933105	955151	116098	94051	Pseudomonas_aeruginosa_NZ_CP039990.1	scaffold_67	99.41		True
local misassembly
928972	932758	119887	116099	Pseudomonas_aeruginosa_NZ_CP039990.1	scaffold_67	99.37		True
local misassembly
901627	928659	147115	120077	Pseudomonas_aeruginosa_NZ_CP039990.1	scaffold_67	99.71		True
CONTIG	scaffold_67	147210	misassembled
2579136	2588129	8948	1	Pseudomonas_aeruginosa_NZ_CP039990.1	scaffold_69	98.71		True
relocation, inconsistency = 6519
2516884	2572616	64712	8949	Pseudomonas_aeruginosa_NZ_CP039990.1	scaffold_69	99.57		True
local misassembly
2474636	2516738	106817	64713	Pseudomonas_aeruginosa_NZ_CP039990.1	scaffold_69	99.58		True
relocation, inconsistency = -2125
2441367	2474352	142214	109226	Pseudomonas_aeruginosa_NZ_CP039990.1	scaffold_69	99.6		True
local misassembly
2435395	2441170	147993	142215	Pseudomonas_aeruginosa_NZ_CP039990.1	scaffold_69	99.34		True
fake: scaffold gap size wrong estimation (local)
2417273	2435054	165925	148138	Pseudomonas_aeruginosa_NZ_CP039990.1	scaffold_69	99.42		True
local misassembly
2396161	2417063	186829	165926	Pseudomonas_aeruginosa_NZ_CP039990.1	scaffold_69	99.05		True
fake: scaffold gap size wrong estimation (local)
2384168	2395666	198702	187201	Pseudomonas_aeruginosa_NZ_CP039990.1	scaffold_69	99.11		True
CONTIG	scaffold_69	209408	misassembled
1895005	1895507	1	500	Pseudomonas_aeruginosa_NZ_CP039990.1	scaffold_73	96.35		True
relocation, inconsistency = 301900
1563011	1593104	30576	501	Pseudomonas_aeruginosa_NZ_CP039990.1	scaffold_73	99.14		True
local misassembly
1487442	1562640	105752	30577	Pseudomonas_aeruginosa_NZ_CP039990.1	scaffold_73	99.54		True
local misassembly
1481811	1487336	111281	105756	Pseudomonas_aeruginosa_NZ_CP039990.1	scaffold_73	99.75		True
local misassembly
1474005	1481674	118950	111282	Pseudomonas_aeruginosa_NZ_CP039990.1	scaffold_73	99.62		True
CONTIG	scaffold_73	119042	misassembled
1241446	1246457	1	5012	Pseudomonas_aeruginosa_NZ_CP039990.1	scaffold_75	99.62		True
local misassembly
1246686	1269420	5021	27754	Pseudomonas_aeruginosa_NZ_CP039990.1	scaffold_75	99.53		True
local misassembly
1269732	1320715	28768	79813	Pseudomonas_aeruginosa_NZ_CP039990.1	scaffold_75	99.21		True
CONTIG	scaffold_75	79813	correct
3182341	3190699	34020	42378	Pseudomonas_aeruginosa_NZ_CP039990.1	scaffold_76	99.58		True
local misassembly
3190906	3225821	42379	77271	Pseudomonas_aeruginosa_NZ_CP039990.1	scaffold_76	99.51		True
local misassembly
3226163	3227727	77272	78837	Pseudomonas_aeruginosa_NZ_CP039990.1	scaffold_76	99.74		True
local misassembly
3228048	3267234	78928	118102	Pseudomonas_aeruginosa_NZ_CP039990.1	scaffold_76	99.53		True
local misassembly
3267402	3270511	118103	121212	Pseudomonas_aeruginosa_NZ_CP039990.1	scaffold_76	99.13		True
local misassembly
3270857	3299539	121274	149975	Pseudomonas_aeruginosa_NZ_CP039990.1	scaffold_76	99.28		True
local misassembly
3300027	3342792	150150	192922	Pseudomonas_aeruginosa_NZ_CP039990.1	scaffold_76	99.55		True
relocation, inconsistency = 50538
3393331	3414245	192923	213834	Pseudomonas_aeruginosa_NZ_CP039990.1	scaffold_76	99.37		True
local misassembly
3414736	3422745	213883	221891	Pseudomonas_aeruginosa_NZ_CP039990.1	scaffold_76	99.49		True
local misassembly
3423023	3438294	222151	237412	Pseudomonas_aeruginosa_NZ_CP039990.1	scaffold_76	99.62		True
local misassembly
3438445	3439664	237413	238632	Pseudomonas_aeruginosa_NZ_CP039990.1	scaffold_76	99.43		True
local misassembly
3439808	3460278	238633	259111	Pseudomonas_aeruginosa_NZ_CP039990.1	scaffold_76	99.34		True
relocation, inconsistency = 1993
3462994	3488951	259834	285789	Pseudomonas_aeruginosa_NZ_CP039990.1	scaffold_76	99.58		True
local misassembly
3493906	3494700	290230	291023	Pseudomonas_aeruginosa_NZ_CP039990.1	scaffold_76	96.98		True
relocation, inconsistency = 3946
3498796	3520045	291173	312420	Pseudomonas_aeruginosa_NZ_CP039990.1	scaffold_76	99.45		True
local misassembly
3520148	3521832	312421	314105	Pseudomonas_aeruginosa_NZ_CP039990.1	scaffold_76	99.53		True
relocation, inconsistency = 1435
3523308	3533458	314146	324251	Pseudomonas_aeruginosa_NZ_CP039990.1	scaffold_76	98.57		True
local misassembly
3533329	3533572	324266	324509	Pseudomonas_aeruginosa_NZ_CP039990.1	scaffold_76	97.54		True
CONTIG	scaffold_76	324509	misassembled
3064554	3082606	18145	93	Pseudomonas_aeruginosa_NZ_CP039990.1	scaffold_77	99.22		True
relocation, inconsistency = 986798
2046463	2059731	49440	36170	Pseudomonas_aeruginosa_NZ_CP039990.1	scaffold_77	99.62		True
local misassembly
2013300	2046184	82326	49441	Pseudomonas_aeruginosa_NZ_CP039990.1	scaffold_77	99.3		True
local misassembly
1973445	2012182	123053	84327	Pseudomonas_aeruginosa_NZ_CP039990.1	scaffold_77	98.44		True
CONTIG	scaffold_77	123053	misassembled
5258609	5260473	1865	1	Pseudomonas_aeruginosa_NZ_CP039990.1	scaffold_84	97.64		True
relocation, inconsistency = 1063
5255789	5257506	3622	1905	Pseudomonas_aeruginosa_NZ_CP039990.1	scaffold_84	99.36		True
local misassembly
5254522	5255792	5049	3779	Pseudomonas_aeruginosa_NZ_CP039990.1	scaffold_84	98.98		True
local misassembly
5248387	5254193	11582	5776	Pseudomonas_aeruginosa_NZ_CP039990.1	scaffold_84	98.93		True
local misassembly
5237139	5248273	22704	11588	Pseudomonas_aeruginosa_NZ_CP039990.1	scaffold_84	98.8		True
local misassembly
5220193	5233575	40490	27109	Pseudomonas_aeruginosa_NZ_CP039990.1	scaffold_84	99.44		True
local misassembly
5215136	5218197	45586	42525	Pseudomonas_aeruginosa_NZ_CP039990.1	scaffold_84	98.5		True
local misassembly
5192835	5215341	68106	45606	Pseudomonas_aeruginosa_NZ_CP039990.1	scaffold_84	99.01		True
local misassembly
5151171	5192496	109641	68255	Pseudomonas_aeruginosa_NZ_CP039990.1	scaffold_84	99.4		True
local misassembly
5103854	5151028	156821	109642	Pseudomonas_aeruginosa_NZ_CP039990.1	scaffold_84	99.72		True
local misassembly
5033118	5103644	227495	156956	Pseudomonas_aeruginosa_NZ_CP039990.1	scaffold_84	99.66		True
fake: scaffold gap size wrong estimation (local)
5022982	5032754	237554	227778	Pseudomonas_aeruginosa_NZ_CP039990.1	scaffold_84	99.62		True
local misassembly
5003434	5022759	256881	237555	Pseudomonas_aeruginosa_NZ_CP039990.1	scaffold_84	99.34		True
CONTIG	scaffold_84	256881	misassembled
2787728	2789806	2173	95	Pseudomonas_aeruginosa_NZ_CP039990.1	scaffold_86	99.66		True
local misassembly
2770930	2787243	18588	2268	Pseudomonas_aeruginosa_NZ_CP039990.1	scaffold_86	99.5		True
relocation, inconsistency = 1395
2761307	2767651	26813	20472	Pseudomonas_aeruginosa_NZ_CP039990.1	scaffold_86	99.04		True
local misassembly
2745959	2761083	42034	26908	Pseudomonas_aeruginosa_NZ_CP039990.1	scaffold_86	99.72		True
local misassembly
2741639	2745680	46076	42035	Pseudomonas_aeruginosa_NZ_CP039990.1	scaffold_86	99.66		True
local misassembly
2677171	2741478	110423	46077	Pseudomonas_aeruginosa_NZ_CP039990.1	scaffold_86	99.36		True
CONTIG	scaffold_86	110423	misassembled
5538973	5605645	66685	1	Pseudomonas_aeruginosa_NZ_CP039990.1	scaffold_90	99.56		True
CONTIG	scaffold_90	66685	correct
753200	762566	9379	11	Pseudomonas_aeruginosa_NZ_CP039990.1	scaffold_91	99.36		True
local misassembly
744085	752990	18286	9380	Pseudomonas_aeruginosa_NZ_CP039990.1	scaffold_91	99.6		True
local misassembly
730644	740555	32264	22342	Pseudomonas_aeruginosa_NZ_CP039990.1	scaffold_91	98.84		True
relocation, inconsistency = 12130
698017	718487	52762	32291	Pseudomonas_aeruginosa_NZ_CP039990.1	scaffold_91	99.29		True
local misassembly
675517	696898	75288	53899	Pseudomonas_aeruginosa_NZ_CP039990.1	scaffold_91	99.45		True
local misassembly
673214	675273	77348	75289	Pseudomonas_aeruginosa_NZ_CP039990.1	scaffold_91	99.47		True
relocation, inconsistency = 30137
641180	643076	79245	77349	Pseudomonas_aeruginosa_NZ_CP039990.1	scaffold_91	99.59		True
local misassembly
637828	640786	82204	79246	Pseudomonas_aeruginosa_NZ_CP039990.1	scaffold_91	99.16		True
local misassembly
622079	637519	97645	82205	Pseudomonas_aeruginosa_NZ_CP039990.1	scaffold_91	99.83		True
local misassembly
618445	621678	101020	97781	Pseudomonas_aeruginosa_NZ_CP039990.1	scaffold_91	99.32		True
CONTIG	scaffold_91	101064	misassembled
4937822	4952878	15064	1	Pseudomonas_aeruginosa_NZ_CP039990.1	scaffold_92	99.12		True
local misassembly
4901823	4937820	51171	15165	Pseudomonas_aeruginosa_NZ_CP039990.1	scaffold_92	99.34		True
local misassembly
4894799	4901791	58866	51859	Pseudomonas_aeruginosa_NZ_CP039990.1	scaffold_92	98.69		True
relocation, inconsistency = 10846
4862569	4883952	80246	58867	Pseudomonas_aeruginosa_NZ_CP039990.1	scaffold_92	99.5		True
CONTIG	scaffold_92	80338	misassembled
4566260	4579690	56	13492	Pseudomonas_aeruginosa_NZ_CP039990.1	scaffold_94	99.27		True
relocation, inconsistency = -13234
4579642	4607276	26678	54276	Pseudomonas_aeruginosa_NZ_CP039990.1	scaffold_94	98.94		True
relocation, inconsistency = 5426
4612703	4623109	54277	64684	Pseudomonas_aeruginosa_NZ_CP039990.1	scaffold_94	99.68		True
local misassembly
4623428	4679760	64831	121151	Pseudomonas_aeruginosa_NZ_CP039990.1	scaffold_94	99.36		True
CONTIG	scaffold_94	121151	misassembled
5973844	6023266	49524	96	Pseudomonas_aeruginosa_NZ_CP039990.1	scaffold_95	99.47		True
local misassembly
5959028	5972965	64337	50400	Pseudomonas_aeruginosa_NZ_CP039990.1	scaffold_95	99.18		True
local misassembly
5938617	5958831	84552	64338	Pseudomonas_aeruginosa_NZ_CP039990.1	scaffold_95	99.73		True
local misassembly
5890427	5938418	132522	84553	Pseudomonas_aeruginosa_NZ_CP039990.1	scaffold_95	98.85		True
local misassembly
5880030	5890142	142634	132523	Pseudomonas_aeruginosa_NZ_CP039990.1	scaffold_95	99.74		True
local misassembly
5870260	5879833	152211	142635	Pseudomonas_aeruginosa_NZ_CP039990.1	scaffold_95	99.55		True
local misassembly
5863969	5870117	158360	152212	Pseudomonas_aeruginosa_NZ_CP039990.1	scaffold_95	99.4		True
local misassembly
5858574	5862870	163755	159459	Pseudomonas_aeruginosa_NZ_CP039990.1	scaffold_95	99.51		True
local misassembly
5850537	5858351	171575	163756	Pseudomonas_aeruginosa_NZ_CP039990.1	scaffold_95	99.54		True
CONTIG	scaffold_95	172064	correct
5789043	5850466	61504	77	Pseudomonas_aeruginosa_NZ_CP039990.1	scaffold_100	99.57		True
CONTIG	scaffold_100	61504	correct
2256718	2259514	131	2927	Pseudomonas_aeruginosa_NZ_CP039990.1	scaffold_102	99.43		True
local misassembly
2264362	2271842	7052	14532	Pseudomonas_aeruginosa_NZ_CP039990.1	scaffold_102	99.48		True
local misassembly
2272111	2332769	14533	75190	Pseudomonas_aeruginosa_NZ_CP039990.1	scaffold_102	99.59		True
CONTIG	scaffold_102	75190	correct
1413114	1473299	60411	205	Pseudomonas_aeruginosa_NZ_CP039990.1	scaffold_106	99.76		True
local misassembly
1407344	1412829	65897	60412	Pseudomonas_aeruginosa_NZ_CP039990.1	scaffold_106	99.6		True
local misassembly
1397638	1407145	75430	65992	Pseudomonas_aeruginosa_NZ_CP039990.1	scaffold_106	99.0		True
relocation, inconsistency = 39099
1354099	1358538	79870	75431	Pseudomonas_aeruginosa_NZ_CP039990.1	scaffold_106	99.37		True
local misassembly
1353120	1353881	80632	79871	Pseudomonas_aeruginosa_NZ_CP039990.1	scaffold_106	98.17		True
local misassembly
1337929	1352482	95625	81071	Pseudomonas_aeruginosa_NZ_CP039990.1	scaffold_106	99.54		True
relocation, inconsistency = 9839
1320696	1325897	103024	97818	Pseudomonas_aeruginosa_NZ_CP039990.1	scaffold_106	99.54		True
CONTIG	scaffold_106	103024	misassembled
3674781	3678160	123	3503	Pseudomonas_aeruginosa_NZ_CP039990.1	scaffold_108	99.56		True
local misassembly
3678440	3727366	3504	52435	Pseudomonas_aeruginosa_NZ_CP039990.1	scaffold_108	99.53		True
local misassembly
3727620	3738409	52436	63226	Pseudomonas_aeruginosa_NZ_CP039990.1	scaffold_108	99.65		True
local misassembly
3738553	3742036	63319	66807	Pseudomonas_aeruginosa_NZ_CP039990.1	scaffold_108	99.46		True
CONTIG	scaffold_108	66905	correct
4523137	4558604	35485	18	Pseudomonas_aeruginosa_NZ_CP039990.1	scaffold_111	99.56		True
local misassembly
4494554	4522759	63698	35486	Pseudomonas_aeruginosa_NZ_CP039990.1	scaffold_111	99.5		True
local misassembly
4478025	4494430	80105	63699	Pseudomonas_aeruginosa_NZ_CP039990.1	scaffold_111	99.52		True
local misassembly
4443484	4477748	114372	80106	Pseudomonas_aeruginosa_NZ_CP039990.1	scaffold_111	99.63		True
relocation, inconsistency = -1310
4433947	4443324	125234	115842	Pseudomonas_aeruginosa_NZ_CP039990.1	scaffold_111	99.02		True
local misassembly
4433263	4433716	126787	126334	Pseudomonas_aeruginosa_NZ_CP039990.1	scaffold_111	99.34		True
relocation, inconsistency = 2168
4427541	4430722	130339	127160	Pseudomonas_aeruginosa_NZ_CP039990.1	scaffold_111	98.37		True
local misassembly
4421258	4426321	137242	132186	Pseudomonas_aeruginosa_NZ_CP039990.1	scaffold_111	99.35		True
local misassembly
4396894	4420914	161267	137247	Pseudomonas_aeruginosa_NZ_CP039990.1	scaffold_111	99.6		True
local misassembly
4365838	4396770	192189	161268	Pseudomonas_aeruginosa_NZ_CP039990.1	scaffold_111	99.57		True
local misassembly
4356387	4365562	201384	192190	Pseudomonas_aeruginosa_NZ_CP039990.1	scaffold_111	99.31		True
local misassembly
4341340	4356193	216240	201385	Pseudomonas_aeruginosa_NZ_CP039990.1	scaffold_111	99.54		True
CONTIG	scaffold_111	216335	misassembled
592273	617724	25755	292	Pseudomonas_aeruginosa_NZ_CP039990.1	scaffold_112	99.49		True
local misassembly
584729	591960	33081	25848	Pseudomonas_aeruginosa_NZ_CP039990.1	scaffold_112	99.49		True
local misassembly
535332	584857	82608	33082	Pseudomonas_aeruginosa_NZ_CP039990.1	scaffold_112	99.47		True
local misassembly
521716	535056	95951	82609	Pseudomonas_aeruginosa_NZ_CP039990.1	scaffold_112	99.62		True
CONTIG	scaffold_112	96054	correct
6557943	6572293	108	14463	Pseudomonas_aeruginosa_NZ_CP039990.1	scaffold_115	99.61		True
fake: scaffold gap size wrong estimation (local)
6572744	6573638	14635	15529	Pseudomonas_aeruginosa_NZ_CP039990.1	scaffold_115	99.66		True
fake: not a misassembly [linear representation of circular genome]
1	50478	15530	66011	Pseudomonas_aeruginosa_NZ_CP039990.1	scaffold_115	99.38		True
relocation, inconsistency = 7224
57703	58431	66012	66740	Pseudomonas_aeruginosa_NZ_CP039990.1	scaffold_115	98.3		True
CONTIG	scaffold_115	69100	misassembled
5478156	5496343	18188	1	Pseudomonas_aeruginosa_NZ_CP039990.1	scaffold_116	99.53		True
relocation, inconsistency = 1045
5437396	5477110	57837	18189	Pseudomonas_aeruginosa_NZ_CP039990.1	scaffold_116	99.22		True
CONTIG	scaffold_116	57837	misassembled
3643411	3674022	30603	1	Pseudomonas_aeruginosa_NZ_CP039990.1	scaffold_126	99.46		True
local misassembly
3594144	3643201	79659	30604	Pseudomonas_aeruginosa_NZ_CP039990.1	scaffold_126	99.53		True
local misassembly
3574940	3594045	98759	79662	Pseudomonas_aeruginosa_NZ_CP039990.1	scaffold_126	99.38		True
local misassembly
3572495	3574789	101053	98760	Pseudomonas_aeruginosa_NZ_CP039990.1	scaffold_126	98.22		True
local misassembly
3570536	3572236	102754	101054	Pseudomonas_aeruginosa_NZ_CP039990.1	scaffold_126	95.35		True
CONTIG	scaffold_126	102754	correct
1857700	1861674	1	3975	Pseudomonas_aeruginosa_NZ_CP039990.1	scaffold_127	99.27		True
local misassembly
1861774	1893326	3976	35480	Pseudomonas_aeruginosa_NZ_CP039990.1	scaffold_127	98.88		True
local misassembly
1893808	1894533	36931	37656	Pseudomonas_aeruginosa_NZ_CP039990.1	scaffold_127	99.31		True
relocation, inconsistency = -10102
1894689	1895227	47914	48453	Pseudomonas_aeruginosa_NZ_CP039990.1	scaffold_127	98.7		True
CONTIG	scaffold_127	48550	misassembled
2211827	2255172	43424	76	Pseudomonas_aeruginosa_NZ_CP039990.1	scaffold_130	99.48		True
local misassembly
2164454	2211683	90676	43425	Pseudomonas_aeruginosa_NZ_CP039990.1	scaffold_130	99.53		True
local misassembly
2121469	2164287	133489	90677	Pseudomonas_aeruginosa_NZ_CP039990.1	scaffold_130	99.7		True
local misassembly
2109109	2121302	145686	133490	Pseudomonas_aeruginosa_NZ_CP039990.1	scaffold_130	99.46		True
local misassembly
2096048	2108879	158613	145782	Pseudomonas_aeruginosa_NZ_CP039990.1	scaffold_130	99.53		True
local misassembly
2084266	2095770	170166	158614	Pseudomonas_aeruginosa_NZ_CP039990.1	scaffold_130	99.0		True
local misassembly
2066442	2083907	187862	170363	Pseudomonas_aeruginosa_NZ_CP039990.1	scaffold_130	99.35		True
local misassembly
2064443	2066271	189695	187867	Pseudomonas_aeruginosa_NZ_CP039990.1	scaffold_130	99.4		True
relocation, scaffold gap is present, inconsistency = 330129
1709902	1719517	214198	204492	Pseudomonas_aeruginosa_NZ_CP039990.1	scaffold_130	98.25		True
local misassembly
1704158	1709679	219720	214199	Pseudomonas_aeruginosa_NZ_CP039990.1	scaffold_130	99.19		True
local misassembly
1689324	1703927	234313	219721	Pseudomonas_aeruginosa_NZ_CP039990.1	scaffold_130	99.24		True
relocation, inconsistency = 1503
1661561	1687820	260579	234314	Pseudomonas_aeruginosa_NZ_CP039990.1	scaffold_130	99.34		True
local misassembly
1647786	1661399	274198	260580	Pseudomonas_aeruginosa_NZ_CP039990.1	scaffold_130	99.43		True
local misassembly
1630437	1647675	291437	274199	Pseudomonas_aeruginosa_NZ_CP039990.1	scaffold_130	99.77		True
local misassembly
1612855	1630036	308956	291861	Pseudomonas_aeruginosa_NZ_CP039990.1	scaffold_130	97.87		True
local misassembly
1609655	1612658	311960	308957	Pseudomonas_aeruginosa_NZ_CP039990.1	scaffold_130	99.73		True
local misassembly
1605859	1609349	315675	312180	Pseudomonas_aeruginosa_NZ_CP039990.1	scaffold_130	99.66		True
fake: scaffold gap size wrong estimation (local)
1593097	1605561	328385	315893	Pseudomonas_aeruginosa_NZ_CP039990.1	scaffold_130	99.39		True
relocation, inconsistency = 287525
1894686	1895031	329985	330332	Pseudomonas_aeruginosa_NZ_CP039990.1	scaffold_130	95.7		True
CONTIG	scaffold_130	330332	misassembled
6149035	6196279	47247	1	Pseudomonas_aeruginosa_NZ_CP039990.1	scaffold_131	99.39		True
local misassembly
6132299	6148622	63577	47248	Pseudomonas_aeruginosa_NZ_CP039990.1	scaffold_131	99.72		True
CONTIG	scaffold_131	63577	correct
5311218	5317559	6361	20	Pseudomonas_aeruginosa_NZ_CP039990.1	scaffold_133	96.36		True
local misassembly
5305162	5310848	12049	6362	Pseudomonas_aeruginosa_NZ_CP039990.1	scaffold_133	96.92		True
local misassembly
5302643	5304937	14370	12079	Pseudomonas_aeruginosa_NZ_CP039990.1	scaffold_133	95.34		True
relocation, inconsistency = -5048
5296076	5300943	25984	21118	Pseudomonas_aeruginosa_NZ_CP039990.1	scaffold_133	96.88		True
relocation, inconsistency = -1351
5291604	5296085	31823	27326	Pseudomonas_aeruginosa_NZ_CP039990.1	scaffold_133	97.0		True
local misassembly
5289425	5291208	33993	32220	Pseudomonas_aeruginosa_NZ_CP039990.1	scaffold_133	95.07		True
local misassembly
5288088	5288787	35293	34594	Pseudomonas_aeruginosa_NZ_CP039990.1	scaffold_133	96.0		True
local misassembly
5279073	5287145	44305	36230	Pseudomonas_aeruginosa_NZ_CP039990.1	scaffold_133	96.47		True
local misassembly
5276088	5279012	47850	44932	Pseudomonas_aeruginosa_NZ_CP039990.1	scaffold_133	95.35		True
local misassembly
5273959	5274141	49607	49425	Pseudomonas_aeruginosa_NZ_CP039990.1	scaffold_133	95.08		True
local misassembly
5272114	5273519	51458	50053	Pseudomonas_aeruginosa_NZ_CP039990.1	scaffold_133	95.09		True
local misassembly
5270906	5271553	52682	52035	Pseudomonas_aeruginosa_NZ_CP039990.1	scaffold_133	97.53		True
local misassembly
5268334	5269974	54338	52697	Pseudomonas_aeruginosa_NZ_CP039990.1	scaffold_133	97.08		True
relocation, inconsistency = 1812
5263152	5264403	57708	56457	Pseudomonas_aeruginosa_NZ_CP039990.1	scaffold_133	95.69		True
indel: stretch of mismatches
5262285	5263095	58575	57765	Pseudomonas_aeruginosa_NZ_CP039990.1	scaffold_133	96.05		True
local misassembly
5261075	5261271	58853	58657	Pseudomonas_aeruginosa_NZ_CP039990.1	scaffold_133	95.94		True
CONTIG	scaffold_133	58858	misassembled
5703212	5711236	1	8023	Pseudomonas_aeruginosa_NZ_CP039990.1	scaffold_146	99.61		True
local misassembly
5711438	5735652	8223	32485	Pseudomonas_aeruginosa_NZ_CP039990.1	scaffold_146	99.44		True
local misassembly
5735880	5780953	32589	77652	Pseudomonas_aeruginosa_NZ_CP039990.1	scaffold_146	99.52		True
local misassembly
5781247	5788136	77873	84765	Pseudomonas_aeruginosa_NZ_CP039990.1	scaffold_146	99.56		True
CONTIG	scaffold_146	84774	correct
6073290	6132225	58888	1	Pseudomonas_aeruginosa_NZ_CP039990.1	scaffold_147	99.31		True
relocation, inconsistency = 16802
6053520	6056473	61860	58903	Pseudomonas_aeruginosa_NZ_CP039990.1	scaffold_147	99.7		True
local misassembly
6024039	6053264	91283	62047	Pseudomonas_aeruginosa_NZ_CP039990.1	scaffold_147	99.53		True
CONTIG	scaffold_147	91358	misassembled
3026653	3034027	93	7471	Pseudomonas_aeruginosa_NZ_CP039990.1	scaffold_149	98.96		True
local misassembly
3034206	3043104	7563	16460	Pseudomonas_aeruginosa_NZ_CP039990.1	scaffold_149	99.46		True
local misassembly
3043228	3053980	16461	27225	Pseudomonas_aeruginosa_NZ_CP039990.1	scaffold_149	99.11		True
local misassembly
3054236	3056760	27424	29948	Pseudomonas_aeruginosa_NZ_CP039990.1	scaffold_149	99.72		True
fake: scaffold gap size wrong estimation (local)
3057226	3059837	30157	32768	Pseudomonas_aeruginosa_NZ_CP039990.1	scaffold_149	99.66		True
relocation, inconsistency = -1335489
1724349	1766710	32769	75124	Pseudomonas_aeruginosa_NZ_CP039990.1	scaffold_149	99.6		True
local misassembly
1766853	1781968	75213	90331	Pseudomonas_aeruginosa_NZ_CP039990.1	scaffold_149	99.66		True
relocation, inconsistency = 3084
1785059	1799300	90338	104586	Pseudomonas_aeruginosa_NZ_CP039990.1	scaffold_149	98.66		True
local misassembly
1799403	1810424	104587	115609	Pseudomonas_aeruginosa_NZ_CP039990.1	scaffold_149	99.37		True
CONTIG	scaffold_149	118113	misassembled
1181123	1184109	3130	136	Pseudomonas_aeruginosa_NZ_CP039990.1	scaffold_151	98.23		True
local misassembly
1134710	1180866	49288	3131	Pseudomonas_aeruginosa_NZ_CP039990.1	scaffold_151	99.49		True
local misassembly
1125097	1134554	58747	49289	Pseudomonas_aeruginosa_NZ_CP039990.1	scaffold_151	99.5		True
local misassembly
1111389	1124936	72391	58841	Pseudomonas_aeruginosa_NZ_CP039990.1	scaffold_151	99.59		True
local misassembly
1108756	1111171	74811	72392	Pseudomonas_aeruginosa_NZ_CP039990.1	scaffold_151	99.3		True
local misassembly
1101499	1108735	82557	75321	Pseudomonas_aeruginosa_NZ_CP039990.1	scaffold_151	99.65		True
local misassembly
1056569	1101303	127304	82558	Pseudomonas_aeruginosa_NZ_CP039990.1	scaffold_151	99.61		True
CONTIG	scaffold_151	127304	correct
3024589	3026385	1878	85	Pseudomonas_aeruginosa_NZ_CP039990.1	scaffold_156	98.78		True
local misassembly
2985610	3024592	40971	1991	Pseudomonas_aeruginosa_NZ_CP039990.1	scaffold_156	99.43		True
local misassembly
2976133	2985413	50253	40972	Pseudomonas_aeruginosa_NZ_CP039990.1	scaffold_156	99.6		True
local misassembly
2957128	2976009	69135	50254	Pseudomonas_aeruginosa_NZ_CP039990.1	scaffold_156	99.83		True
local misassembly
2933040	2956883	92991	69136	Pseudomonas_aeruginosa_NZ_CP039990.1	scaffold_156	99.34		True
local misassembly
2927617	2932730	98092	92992	Pseudomonas_aeruginosa_NZ_CP039990.1	scaffold_156	99.69		True
relocation, inconsistency = -1364
2920647	2927475	106426	99598	Pseudomonas_aeruginosa_NZ_CP039990.1	scaffold_156	99.66		True
fake: scaffold gap size wrong estimation (local)
2916790	2920682	110427	106535	Pseudomonas_aeruginosa_NZ_CP039990.1	scaffold_156	99.82		True
local misassembly
2906404	2916588	120605	110428	Pseudomonas_aeruginosa_NZ_CP039990.1	scaffold_156	99.72		True
local misassembly
2901720	2906298	125184	120606	Pseudomonas_aeruginosa_NZ_CP039990.1	scaffold_156	99.67		True
CONTIG	scaffold_156	125281	misassembled
4172335	4188343	107	16115	Pseudomonas_aeruginosa_NZ_CP039990.1	scaffold_159	99.69		True
local misassembly
4188459	4211576	16222	39338	Pseudomonas_aeruginosa_NZ_CP039990.1	scaffold_159	99.68		True
relocation, inconsistency = 39001
4250578	4302416	39339	91223	Pseudomonas_aeruginosa_NZ_CP039990.1	scaffold_159	99.04		True
CONTIG	scaffold_159	91318	misassembled
5318303	5319509	1	1207	Pseudomonas_aeruginosa_NZ_CP039990.1	scaffold_161	96.27		True
relocation, inconsistency = 3352
5323225	5325567	1571	3913	Pseudomonas_aeruginosa_NZ_CP039990.1	scaffold_161	96.2		True
relocation, inconsistency = 1804
5331411	5345526	7953	22080	Pseudomonas_aeruginosa_NZ_CP039990.1	scaffold_161	98.11		True
local misassembly
5353082	5366062	29627	42607	Pseudomonas_aeruginosa_NZ_CP039990.1	scaffold_161	99.58		True
local misassembly
5366266	5369282	42698	45714	Pseudomonas_aeruginosa_NZ_CP039990.1	scaffold_161	98.87		True
CONTIG	scaffold_161	45850	misassembled
2589092	2591926	119	2960	Pseudomonas_aeruginosa_NZ_CP039990.1	scaffold_165	98.49		True
fake: scaffold gap size wrong estimation (local)
2592294	2606968	3192	17870	Pseudomonas_aeruginosa_NZ_CP039990.1	scaffold_165	99.76		True
local misassembly
2607316	2612527	17871	23096	Pseudomonas_aeruginosa_NZ_CP039990.1	scaffold_165	99.25		True
local misassembly
2612770	2650584	23191	61002	Pseudomonas_aeruginosa_NZ_CP039990.1	scaffold_165	99.41		True
CONTIG	scaffold_165	61082	correct
2334787	2363190	35785	7384	Pseudomonas_aeruginosa_NZ_CP039990.1	scaffold_171	99.4		True
local misassembly
2333314	2334625	37097	35786	Pseudomonas_aeruginosa_NZ_CP039990.1	scaffold_171	99.54		True
relocation, inconsistency = -764889
3084227	3098202	51080	37098	Pseudomonas_aeruginosa_NZ_CP039990.1	scaffold_171	99.45		True
CONTIG	scaffold_171	51143	misassembled
6210223	6244741	34516	1	Pseudomonas_aeruginosa_NZ_CP039990.1	scaffold_173	99.48		True
local misassembly
6203384	6210001	41133	34517	Pseudomonas_aeruginosa_NZ_CP039990.1	scaffold_173	99.18		True
local misassembly
6196542	6203075	47667	41134	Pseudomonas_aeruginosa_NZ_CP039990.1	scaffold_173	99.69		True
CONTIG	scaffold_173	47667	correct
4607910	4608319	42	451	Pseudomonas_aeruginosa_NZ_CP039990.1	scaffold_176	98.05		True
relocation, inconsistency = 2758054
1835480	1835798	14827	14509	Pseudomonas_aeruginosa_NZ_CP039990.1	scaffold_176	98.44		True
relocation, inconsistency = 1004246
2840045	2847546	14828	22326	Pseudomonas_aeruginosa_NZ_CP039990.1	scaffold_176	98.88		True
local misassembly
2847774	2855548	22371	30148	Pseudomonas_aeruginosa_NZ_CP039990.1	scaffold_176	99.1		True
local misassembly
2855900	2888827	30149	63083	Pseudomonas_aeruginosa_NZ_CP039990.1	scaffold_176	99.54		True
CONTIG	scaffold_176	63089	misassembled
78147	96875	18823	94	Pseudomonas_aeruginosa_NZ_CP039990.1	scaffold_181	99.62		True
local misassembly
64712	77321	31539	18931	Pseudomonas_aeruginosa_NZ_CP039990.1	scaffold_181	99.37		True
CONTIG	scaffold_181	31778	correct
5657590	5665296	193	7899	Pseudomonas_aeruginosa_NZ_CP039990.1	scaffold_185	99.36		True
local misassembly
5665734	5667405	8091	9762	Pseudomonas_aeruginosa_NZ_CP039990.1	scaffold_185	99.4		True
local misassembly
5667623	5697363	9763	39508	Pseudomonas_aeruginosa_NZ_CP039990.1	scaffold_185	99.54		True
local misassembly
5697645	5701773	39605	43735	Pseudomonas_aeruginosa_NZ_CP039990.1	scaffold_185	99.66		True
CONTIG	scaffold_185	43735	correct
2818300	2824477	7075	897	Pseudomonas_aeruginosa_NZ_CP039990.1	scaffold_190	99.29		True
local misassembly
2790291	2818131	35025	7169	Pseudomonas_aeruginosa_NZ_CP039990.1	scaffold_190	99.5		True
CONTIG	scaffold_190	35143	correct
4958457	4985143	11	26697	Pseudomonas_aeruginosa_NZ_CP039990.1	scaffold_192	99.43		True
CONTIG	scaffold_192	26697	correct
3984402	4008817	24420	1	Pseudomonas_aeruginosa_NZ_CP039990.1	scaffold_193	99.5		True
CONTIG	scaffold_193	26577	correct
5371232	5387051	28	15850	Pseudomonas_aeruginosa_NZ_CP039990.1	scaffold_194	99.39		True
local misassembly
5387148	5393633	15947	22432	Pseudomonas_aeruginosa_NZ_CP039990.1	scaffold_194	99.41		True
local misassembly
5393899	5398042	22433	26577	Pseudomonas_aeruginosa_NZ_CP039990.1	scaffold_194	99.61		True
local misassembly
5398237	5409598	26672	38035	Pseudomonas_aeruginosa_NZ_CP039990.1	scaffold_194	99.7		True
local misassembly
5409845	5435828	38036	64031	Pseudomonas_aeruginosa_NZ_CP039990.1	scaffold_194	98.8		True
CONTIG	scaffold_194	64067	correct
897801	900458	2766	94	Pseudomonas_aeruginosa_NZ_CP039990.1	scaffold_196	99.29		True
local misassembly
883877	897447	16467	2861	Pseudomonas_aeruginosa_NZ_CP039990.1	scaffold_196	98.75		True
local misassembly
872403	883763	27816	16468	Pseudomonas_aeruginosa_NZ_CP039990.1	scaffold_196	99.0		True
local misassembly
864153	872120	35889	27912	Pseudomonas_aeruginosa_NZ_CP039990.1	scaffold_196	99.3		True
local misassembly
842780	863957	57105	35890	Pseudomonas_aeruginosa_NZ_CP039990.1	scaffold_196	99.55		True
CONTIG	scaffold_196	57105	correct
1188430	1198448	149	10166	Pseudomonas_aeruginosa_NZ_CP039990.1	scaffold_201	99.22		True
local misassembly
1198559	1216745	10167	28362	Pseudomonas_aeruginosa_NZ_CP039990.1	scaffold_201	99.51		True
local misassembly
1217093	1240849	28496	52270	Pseudomonas_aeruginosa_NZ_CP039990.1	scaffold_201	99.12		True
CONTIG	scaffold_201	52270	correct
4819864	4843419	1	23557	Pseudomonas_aeruginosa_NZ_CP039990.1	scaffold_202	99.59		True
local misassembly
4843782	4862112	23996	42335	Pseudomonas_aeruginosa_NZ_CP039990.1	scaffold_202	99.57		True
CONTIG	scaffold_202	42424	correct
788946	816793	27949	77	Pseudomonas_aeruginosa_NZ_CP039990.1	scaffold_205	99.0		True
CONTIG	scaffold_205	28003	correct
6404445	6428106	1	23649	Pseudomonas_aeruginosa_NZ_CP039990.1	scaffold_207	99.48		True
CONTIG	scaffold_207	23649	correct
4304024	4311204	1	7189	Pseudomonas_aeruginosa_NZ_CP039990.1	scaffold_228	98.98		True
local misassembly
4311593	4316028	7275	11712	Pseudomonas_aeruginosa_NZ_CP039990.1	scaffold_228	99.37		True
local misassembly
4316559	4336837	11943	32245	Pseudomonas_aeruginosa_NZ_CP039990.1	scaffold_228	99.34		True
fake: scaffold gap size wrong estimation (local)
4337817	4340733	32912	35827	Pseudomonas_aeruginosa_NZ_CP039990.1	scaffold_228	99.55		True
CONTIG	scaffold_228	36107	correct
3975014	3984487	19636	10173	Pseudomonas_aeruginosa_NZ_CP039990.1	scaffold_235	99.37		True
CONTIG	scaffold_235	19636	correct_unaligned
4160908	4172298	11516	99	Pseudomonas_aeruginosa_NZ_CP039990.1	scaffold_241	99.19		True
relocation, inconsistency = -1219
4159949	4160789	13694	12854	Pseudomonas_aeruginosa_NZ_CP039990.1	scaffold_241	97.15		True
local misassembly
4155007	4158245	18877	15639	Pseudomonas_aeruginosa_NZ_CP039990.1	scaffold_241	99.26		True
CONTIG	scaffold_241	19104	misassembled
1953306	1972213	1	18917	Pseudomonas_aeruginosa_NZ_CP039990.1	scaffold_243	99.68		True
CONTIG	scaffold_243	18917	correct
5648021	5650611	2677	77	Pseudomonas_aeruginosa_NZ_CP039990.1	scaffold_246	99.38		True
local misassembly
5641428	5647519	8866	2770	Pseudomonas_aeruginosa_NZ_CP039990.1	scaffold_246	99.56		True
local misassembly
5622953	5641102	27150	8961	Pseudomonas_aeruginosa_NZ_CP039990.1	scaffold_246	99.4		True
local misassembly
5606540	5622564	43269	27245	Pseudomonas_aeruginosa_NZ_CP039990.1	scaffold_246	99.81		True
CONTIG	scaffold_246	43269	correct
1856380	1856829	449	1	Pseudomonas_aeruginosa_NZ_CP039990.1	scaffold_257	97.12		True
local misassembly
1844038	1856162	13063	938	Pseudomonas_aeruginosa_NZ_CP039990.1	scaffold_257	99.53		True
CONTIG	scaffold_257	16832	correct
97852	114344	186	16725	Pseudomonas_aeruginosa_NZ_CP039990.1	scaffold_258	99.41		True
local misassembly
114543	120917	16726	23100	Pseudomonas_aeruginosa_NZ_CP039990.1	scaffold_258	99.7		True
CONTIG	scaffold_258	23100	correct
6244717	6246323	1	1608	Pseudomonas_aeruginosa_NZ_CP039990.1	scaffold_260	99.25		True
local misassembly
6246476	6259722	1701	14954	Pseudomonas_aeruginosa_NZ_CP039990.1	scaffold_260	99.55		True
local misassembly
6260061	6273636	14955	28529	Pseudomonas_aeruginosa_NZ_CP039990.1	scaffold_260	99.52		True
local misassembly
6273951	6280413	28621	35084	Pseudomonas_aeruginosa_NZ_CP039990.1	scaffold_260	99.58		True
relocation, inconsistency = 45526
6325940	6328862	35085	38007	Pseudomonas_aeruginosa_NZ_CP039990.1	scaffold_260	99.46		True
local misassembly
6329024	6345426	38008	54419	Pseudomonas_aeruginosa_NZ_CP039990.1	scaffold_260	99.64		True
local misassembly
6345781	6348418	54592	57229	Pseudomonas_aeruginosa_NZ_CP039990.1	scaffold_260	99.73		True
CONTIG	scaffold_260	57229	misassembled
4814965	4819879	4921	1	Pseudomonas_aeruginosa_NZ_CP039990.1	scaffold_263	99.45		True
local misassembly
4800796	4814632	18758	4922	Pseudomonas_aeruginosa_NZ_CP039990.1	scaffold_263	99.56		True
local misassembly
4793034	4800474	26498	19057	Pseudomonas_aeruginosa_NZ_CP039990.1	scaffold_263	99.26		True
local misassembly
4785524	4792886	33890	26499	Pseudomonas_aeruginosa_NZ_CP039990.1	scaffold_263	98.51		True
CONTIG	scaffold_263	34749	correct
3103006	3117326	1	14309	Pseudomonas_aeruginosa_NZ_CP039990.1	scaffold_269	99.5		True
local misassembly
3117418	3124171	14310	21064	Pseudomonas_aeruginosa_NZ_CP039990.1	scaffold_269	99.51		True
local misassembly
3124265	3139319	21363	36448	Pseudomonas_aeruginosa_NZ_CP039990.1	scaffold_269	99.43		True
CONTIG	scaffold_269	36554	correct
6371967	6383444	333	11810	Pseudomonas_aeruginosa_NZ_CP039990.1	scaffold_270	99.76		True
local misassembly
6383721	6398588	11811	26689	Pseudomonas_aeruginosa_NZ_CP039990.1	scaffold_270	99.58		True
local misassembly
6398785	6403030	26690	30935	Pseudomonas_aeruginosa_NZ_CP039990.1	scaffold_270	99.27		True
CONTIG	scaffold_270	30935	correct
1932144	1934638	157	2658	Pseudomonas_aeruginosa_NZ_CP039990.1	scaffold_277	98.2		True
local misassembly
1934790	1945557	3486	14243	Pseudomonas_aeruginosa_NZ_CP039990.1	scaffold_277	98.76		True
CONTIG	scaffold_277	14338	correct
6357583	6370980	13493	95	Pseudomonas_aeruginosa_NZ_CP039990.1	scaffold_288	99.75		True
CONTIG	scaffold_288	13589	correct
5517644	5530401	1	12761	Pseudomonas_aeruginosa_NZ_CP039990.1	scaffold_295	99.28		True
relocation, inconsistency = 1854
5532349	5539030	12855	19528	Pseudomonas_aeruginosa_NZ_CP039990.1	scaffold_295	99.18		True
CONTIG	scaffold_295	19528	misassembled
3539585	3551924	4	12358	Pseudomonas_aeruginosa_NZ_CP039990.1	scaffold_304	99.34		True
local misassembly
3552126	3564270	12359	24504	Pseudomonas_aeruginosa_NZ_CP039990.1	scaffold_304	99.44		True
local misassembly
3564681	3567747	24505	27571	Pseudomonas_aeruginosa_NZ_CP039990.1	scaffold_304	99.54		True
CONTIG	scaffold_304	28556	correct
3962784	3974212	11429	1	Pseudomonas_aeruginosa_NZ_CP039990.1	scaffold_320	99.57		True
local misassembly
3961428	3962590	12592	11430	Pseudomonas_aeruginosa_NZ_CP039990.1	scaffold_320	97.51		True
CONTIG	scaffold_320	12592	correct
2665215	2676482	11265	1	Pseudomonas_aeruginosa_NZ_CP039990.1	scaffold_323	99.65		True
local misassembly
2657671	2664970	18570	11266	Pseudomonas_aeruginosa_NZ_CP039990.1	scaffold_323	99.3		True
fake: scaffold gap size wrong estimation (local)
2651397	2657042	24581	18890	Pseudomonas_aeruginosa_NZ_CP039990.1	scaffold_323	97.87		True
CONTIG	scaffold_323	24676	correct
4985177	4996412	11236	1	Pseudomonas_aeruginosa_NZ_CP039990.1	scaffold_324	99.7		True
CONTIG	scaffold_324	11236	correct
6432173	6440956	8835	1	Pseudomonas_aeruginosa_NZ_CP039990.1	scaffold_367	99.34		True
local misassembly
6428090	6432062	12808	8836	Pseudomonas_aeruginosa_NZ_CP039990.1	scaffold_367	99.65		True
CONTIG	scaffold_367	12808	correct
5497013	5505139	1	8127	Pseudomonas_aeruginosa_NZ_CP039990.1	scaffold_383	99.77		True
local misassembly
5505545	5512312	8486	15254	Pseudomonas_aeruginosa_NZ_CP039990.1	scaffold_383	99.29		True
CONTIG	scaffold_383	15254	correct
817742	824316	94	6675	Pseudomonas_aeruginosa_NZ_CP039990.1	scaffold_437	98.98		True
local misassembly
824841	826542	6768	8470	Pseudomonas_aeruginosa_NZ_CP039990.1	scaffold_437	98.88		True
CONTIG	scaffold_437	9030	correct
1945696	1952074	1	6379	Pseudomonas_aeruginosa_NZ_CP039990.1	scaffold_450	99.4		True
CONTIG	scaffold_450	6379	correct
4017959	4020712	2851	67	Pseudomonas_aeruginosa_NZ_CP039990.1	scaffold_456	98.6		True
local misassembly
4014397	4017682	6136	2852	Pseudomonas_aeruginosa_NZ_CP039990.1	scaffold_456	98.57		True
local misassembly
4013345	4013966	7191	6570	Pseudomonas_aeruginosa_NZ_CP039990.1	scaffold_456	95.02		True
CONTIG	scaffold_456	8816	correct
2895877	2901723	5941	96	Pseudomonas_aeruginosa_NZ_CP039990.1	scaffold_474	99.5		True
local misassembly
2889942	2895680	11680	5942	Pseudomonas_aeruginosa_NZ_CP039990.1	scaffold_474	99.69		True
CONTIG	scaffold_474	11680	correct
772462	777720	5744	485	Pseudomonas_aeruginosa_NZ_CP039990.1	scaffold_482	99.54		True
CONTIG	scaffold_482	5801	correct
3533475	3539149	5673	1	Pseudomonas_aeruginosa_NZ_CP039990.1	scaffold_486	99.51		True
CONTIG	scaffold_486	5673	correct
3952538	3957959	91	5515	Pseudomonas_aeruginosa_NZ_CP039990.1	scaffold_500	99.85		True
local misassembly
3958113	3959347	5519	6753	Pseudomonas_aeruginosa_NZ_CP039990.1	scaffold_500	99.76		True
local misassembly
3959689	3961501	6754	8566	Pseudomonas_aeruginosa_NZ_CP039990.1	scaffold_500	99.83		True
CONTIG	scaffold_500	8566	correct
832164	836766	4609	1	Pseudomonas_aeruginosa_NZ_CP039990.1	scaffold_563	98.81		True
local misassembly
830418	831813	6004	4610	Pseudomonas_aeruginosa_NZ_CP039990.1	scaffold_563	99.64		True
local misassembly
827350	830005	8759	6096	Pseudomonas_aeruginosa_NZ_CP039990.1	scaffold_563	98.84		True
CONTIG	scaffold_563	8842	correct
120849	124267	3419	1	Pseudomonas_aeruginosa_NZ_CP039990.1	scaffold_738	99.53		True
CONTIG	scaffold_738	3419	correct
783771	786920	115	3264	Pseudomonas_aeruginosa_NZ_CP039990.1	scaffold_752	99.62		True
CONTIG	scaffold_752	3358	correct
4558908	4561925	1	3019	Pseudomonas_aeruginosa_NZ_CP039990.1	scaffold_804	99.11		True
CONTIG	scaffold_804	3115	correct
768111	770922	2881	74	Pseudomonas_aeruginosa_NZ_CP039990.1	scaffold_820	99.0		True
CONTIG	scaffold_820	3025	correct
6353805	6356685	1	2884	Pseudomonas_aeruginosa_NZ_CP039990.1	scaffold_841	99.38		True
CONTIG	scaffold_841	2944	correct
1184825	1187488	96	2761	Pseudomonas_aeruginosa_NZ_CP039990.1	scaffold_866	99.59		True
CONTIG	scaffold_866	2864	correct
4997425	5000101	1	2681	Pseudomonas_aeruginosa_NZ_CP039990.1	scaffold_914	98.84		True
CONTIG	scaffold_914	2681	correct
296775	299339	1	2565	Pseudomonas_aeruginosa_NZ_CP039990.1	scaffold_954	99.42		True
CONTIG	scaffold_954	2565	correct
4563182	4565615	2529	96	Pseudomonas_aeruginosa_NZ_CP039990.1	scaffold_968	99.55		True
CONTIG	scaffold_968	2529	correct
3099778	3102210	2433	1	Pseudomonas_aeruginosa_NZ_CP039990.1	scaffold_1006	99.84		True
CONTIG	scaffold_1006	2433	correct
1053166	1055296	1	2134	Pseudomonas_aeruginosa_NZ_CP039990.1	scaffold_1108	99.58		True
CONTIG	scaffold_1108	2134	correct
1951977	1953403	1427	1	Pseudomonas_aeruginosa_NZ_CP039990.1	scaffold_1475	99.37		True
CONTIG	scaffold_1475	1427	correct
5701695	5702675	207	1188	Pseudomonas_aeruginosa_NZ_CP039990.1	scaffold_1651	99.19		True
CONTIG	scaffold_1651	1188	correct
1834621	1835798	1178	1	Pseudomonas_aeruginosa_NZ_CP039990.1	scaffold_1662	99.24		True
CONTIG	scaffold_1662	1178	correct
4562126	4563202	1080	1	Pseudomonas_aeruginosa_NZ_CP039990.1	scaffold_1670	99.35		True
CONTIG	scaffold_1670	1173	correct
5001293	5002324	1128	98	Pseudomonas_aeruginosa_NZ_CP039990.1	scaffold_1714	96.52		True
CONTIG	scaffold_1714	1133	correct
1052096	1053079	92	1076	Pseudomonas_aeruginosa_NZ_CP039990.1	scaffold_1782	99.59		True
CONTIG	scaffold_1782	1077	correct
4680505	4681460	76	1031	Pseudomonas_aeruginosa_NZ_CP039990.1	scaffold_1830	99.06		True
CONTIG	scaffold_1830	1048	correct
2588137	2588954	1034	217	Pseudomonas_aeruginosa_NZ_CP039990.1	scaffold_1855	97.2		True
CONTIG	scaffold_1855	1034	correct
124221	125251	1031	1	Pseudomonas_aeruginosa_NZ_CP039990.1	scaffold_1862	99.61		True
CONTIG	scaffold_1862	1031	correct
2888787	2889815	1029	1	Pseudomonas_aeruginosa_NZ_CP039990.1	scaffold_1864	98.93		True
CONTIG	scaffold_1864	1029	correct
6440963	6441803	841	1	Pseudomonas_aeruginosa_NZ_CP039990.1	scaffold_2011	100.0		True
local misassembly
6441706	6441793	929	842	Pseudomonas_aeruginosa_NZ_CP039990.1	scaffold_2011	100.0		True
CONTIG	scaffold_2011	929	correct
5605645	5606543	1	899	Pseudomonas_aeruginosa_NZ_CP039990.1	scaffold_2057	99.89		True
CONTIG	scaffold_2057	899	correct
4020798	4021516	847	134	Pseudomonas_aeruginosa_NZ_CP039990.1	scaffold_2126	98.47		True
CONTIG	scaffold_2126	847	correct
4611810	4611907	834	737	Pseudomonas_aeruginosa_NZ_CP039990.1	scaffold_2154	98.98		True
CONTIG	scaffold_2154	834	correct_unaligned
3102202	3103037	1	821	Pseudomonas_aeruginosa_NZ_CP039990.1	scaffold_2172	97.61		True
CONTIG	scaffold_2172	821	correct
3974205	3975012	808	1	Pseudomonas_aeruginosa_NZ_CP039990.1	scaffold_2199	99.63		True
CONTIG	scaffold_2199	808	correct
5317526	5318288	31	793	Pseudomonas_aeruginosa_NZ_CP039990.1	scaffold_2230	95.41		True
CONTIG	scaffold_2230	793	correct
5788264	5789041	1	779	Pseudomonas_aeruginosa_NZ_CP039990.1	scaffold_2256	98.84		True
CONTIG	scaffold_2256	779	correct
4607407	4607909	1	503	Pseudomonas_aeruginosa_NZ_CP039990.1	scaffold_2314	99.01		True
CONTIG	scaffold_2314	753	correct
1240792	1241534	1	743	Pseudomonas_aeruginosa_NZ_CP039990.1	scaffold_2337	99.87		True
CONTIG	scaffold_2337	743	correct
5260385	5261127	1	743	Pseudomonas_aeruginosa_NZ_CP039990.1	scaffold_2343	97.31		True
CONTIG	scaffold_2343	743	correct
2333324	2333411	88	1	Pseudomonas_aeruginosa_NZ_CP039990.1	scaffold_2368	100.0		True
inversion
2332768	2333411	89	732	Pseudomonas_aeruginosa_NZ_CP039990.1	scaffold_2368	99.84		True
CONTIG	scaffold_2368	732	misassembled
5496342	5497042	701	1	Pseudomonas_aeruginosa_NZ_CP039990.1	scaffold_2434	98.86		True
CONTIG	scaffold_2434	701	correct
3569798	3570382	1	585	Pseudomonas_aeruginosa_NZ_CP039990.1	scaffold_2532	97.27		True
CONTIG	scaffold_2532	657	correct
6402933	6403584	651	1	Pseudomonas_aeruginosa_NZ_CP039990.1	scaffold_2545	98.31		True
CONTIG	scaffold_2545	651	correct
2676468	2677075	608	1	Pseudomonas_aeruginosa_NZ_CP039990.1	scaffold_2657	99.18		True
CONTIG	scaffold_2657	608	correct
4679746	4680284	599	61	Pseudomonas_aeruginosa_NZ_CP039990.1	scaffold_2692	99.63		True
CONTIG	scaffold_2692	599	correct
6403840	6404425	1	586	Pseudomonas_aeruginosa_NZ_CP039990.1	scaffold_2730	97.61		True
CONTIG	scaffold_2730	586	correct
5436922	5437489	13	582	Pseudomonas_aeruginosa_NZ_CP039990.1	scaffold_2741	99.12		True
CONTIG	scaffold_2741	582	correct
4996457	4997024	568	1	Pseudomonas_aeruginosa_NZ_CP039990.1	scaffold_2785	99.65		True
CONTIG	scaffold_2785	568	correct
3673996	3674443	558	112	Pseudomonas_aeruginosa_NZ_CP039990.1	scaffold_2799	99.55		True
CONTIG	scaffold_2799	558	correct
6348421	6348878	552	93	Pseudomonas_aeruginosa_NZ_CP039990.1	scaffold_2827	99.57		True
CONTIG	scaffold_2827	552	correct
842386	842661	276	1	Pseudomonas_aeruginosa_NZ_CP039990.1	scaffold_2992	100.0		True
inversion
842130	842353	277	500	Pseudomonas_aeruginosa_NZ_CP039990.1	scaffold_2992	100.0		True
CONTIG	scaffold_2992	500	misassembled
