S1	E1	S2	E2	Reference	Contig	IDY	Ambiguous	Best_group
5973844	6023266	49429	1	Pseudomonas_aeruginosa_NZ_CP039990.1	NODE_14_length_365935_cov_2.017800	99.47		True
local misassembly
5863969	5972965	159332	50305	Pseudomonas_aeruginosa_NZ_CP039990.1	NODE_14_length_365935_cov_2.017800	99.22		True
local misassembly
5850537	5862870	172769	160431	Pseudomonas_aeruginosa_NZ_CP039990.1	NODE_14_length_365935_cov_2.017800	99.54		True
fake: scaffold gap size wrong estimation (local)
5781112	5850466	242537	173175	Pseudomonas_aeruginosa_NZ_CP039990.1	NODE_14_length_365935_cov_2.017800	99.56		True
fake: scaffold gap size wrong estimation (local)
5735880	5780953	287737	242674	Pseudomonas_aeruginosa_NZ_CP039990.1	NODE_14_length_365935_cov_2.017800	99.52		True
local misassembly
5711438	5735652	312038	287776	Pseudomonas_aeruginosa_NZ_CP039990.1	NODE_14_length_365935_cov_2.017800	99.44		True
fake: scaffold gap size wrong estimation (local)
5701695	5711236	321617	312077	Pseudomonas_aeruginosa_NZ_CP039990.1	NODE_14_length_365935_cov_2.017800	99.55		True
local misassembly
5665533	5701791	358023	321732	Pseudomonas_aeruginosa_NZ_CP039990.1	NODE_14_length_365935_cov_2.017800	99.52		True
fake: scaffold gap size wrong estimation (local)
5657590	5665296	365836	358130	Pseudomonas_aeruginosa_NZ_CP039990.1	NODE_14_length_365935_cov_2.017800	99.36		True
CONTIG	NODE_14_length_365935_cov_2.017800	365935	correct
3533329	3533551	223	1	Pseudomonas_aeruginosa_NZ_CP039990.1	NODE_17_length_326226_cov_2.043974	97.31		True
local misassembly
3523308	3533458	10343	238	Pseudomonas_aeruginosa_NZ_CP039990.1	NODE_17_length_326226_cov_2.043974	98.56		True
relocation, inconsistency = 1435
3498796	3521832	33422	10384	Pseudomonas_aeruginosa_NZ_CP039990.1	NODE_17_length_326226_cov_2.043974	99.46		True
relocation, inconsistency = 3946
3493906	3494700	34365	33572	Pseudomonas_aeruginosa_NZ_CP039990.1	NODE_17_length_326226_cov_2.043974	96.98		True
local misassembly
3462994	3488951	64761	38806	Pseudomonas_aeruginosa_NZ_CP039990.1	NODE_17_length_326226_cov_2.043974	99.58		True
relocation, inconsistency = 1993
3422780	3460278	102980	65484	Pseudomonas_aeruginosa_NZ_CP039990.1	NODE_17_length_326226_cov_2.043974	99.46		True
fake: scaffold gap size wrong estimation (local)
3414654	3422745	111265	103176	Pseudomonas_aeruginosa_NZ_CP039990.1	NODE_17_length_326226_cov_2.043974	99.44		True
fake: scaffold gap size wrong estimation (local)
3393331	3414245	132187	111276	Pseudomonas_aeruginosa_NZ_CP039990.1	NODE_17_length_326226_cov_2.043974	99.37		True
relocation, inconsistency = 50538
3300027	3342792	174960	132188	Pseudomonas_aeruginosa_NZ_CP039990.1	NODE_17_length_326226_cov_2.043974	99.56		True
fake: scaffold gap size wrong estimation (local)
3270819	3299539	203891	175152	Pseudomonas_aeruginosa_NZ_CP039990.1	NODE_17_length_326226_cov_2.043974	99.28		True
fake: scaffold gap size wrong estimation (local)
3182341	3270511	292079	203964	Pseudomonas_aeruginosa_NZ_CP039990.1	NODE_17_length_326226_cov_2.043974	99.44		True
CONTIG	NODE_17_length_326226_cov_2.043974	326226	misassembled
6345781	6348397	2617	1	Pseudomonas_aeruginosa_NZ_CP039990.1	NODE_22_length_261683_cov_2.059748	99.73		True
fake: scaffold gap size wrong estimation (local)
6325922	6345426	22301	2786	Pseudomonas_aeruginosa_NZ_CP039990.1	NODE_22_length_261683_cov_2.059748	99.61		True
relocation, inconsistency = 45526
6273753	6280395	28945	22302	Pseudomonas_aeruginosa_NZ_CP039990.1	NODE_22_length_261683_cov_2.059748	99.55		True
fake: scaffold gap size wrong estimation (local)
6086938	6273636	215685	28956	Pseudomonas_aeruginosa_NZ_CP039990.1	NODE_22_length_261683_cov_2.059748	99.42		True
fake: scaffold gap size wrong estimation (local)
6073290	6086900	229447	215834	Pseudomonas_aeruginosa_NZ_CP039990.1	NODE_22_length_261683_cov_2.059748	99.69		True
relocation, inconsistency = 16802
6053521	6056473	232418	229462	Pseudomonas_aeruginosa_NZ_CP039990.1	NODE_22_length_261683_cov_2.059748	99.7		True
fake: scaffold gap size wrong estimation (local)
6024039	6053264	261683	232447	Pseudomonas_aeruginosa_NZ_CP039990.1	NODE_22_length_261683_cov_2.059748	99.53		True
CONTIG	NODE_22_length_261683_cov_2.059748	261683	misassembled
5258609	5260474	1866	1	Pseudomonas_aeruginosa_NZ_CP039990.1	NODE_24_length_257182_cov_2.023572	97.64		True
relocation, inconsistency = 1063
5255789	5257506	3623	1906	Pseudomonas_aeruginosa_NZ_CP039990.1	NODE_24_length_257182_cov_2.023572	99.36		True
local misassembly
5254522	5255792	5050	3780	Pseudomonas_aeruginosa_NZ_CP039990.1	NODE_24_length_257182_cov_2.023572	98.98		True
local misassembly
5248387	5254193	11583	5777	Pseudomonas_aeruginosa_NZ_CP039990.1	NODE_24_length_257182_cov_2.023572	98.93		True
local misassembly
5237139	5248273	22705	11589	Pseudomonas_aeruginosa_NZ_CP039990.1	NODE_24_length_257182_cov_2.023572	98.8		True
local misassembly
5220193	5233575	40491	27110	Pseudomonas_aeruginosa_NZ_CP039990.1	NODE_24_length_257182_cov_2.023572	99.44		True
local misassembly
5215136	5218197	45587	42526	Pseudomonas_aeruginosa_NZ_CP039990.1	NODE_24_length_257182_cov_2.023572	98.5		True
local misassembly
5033118	5215341	227916	45607	Pseudomonas_aeruginosa_NZ_CP039990.1	NODE_24_length_257182_cov_2.023572	99.49		True
fake: scaffold gap size wrong estimation (local)
5022982	5032754	237834	228058	Pseudomonas_aeruginosa_NZ_CP039990.1	NODE_24_length_257182_cov_2.023572	99.62		True
local misassembly
5003413	5022759	257182	237835	Pseudomonas_aeruginosa_NZ_CP039990.1	NODE_24_length_257182_cov_2.023572	99.34		True
CONTIG	NODE_24_length_257182_cov_2.023572	257182	misassembled
1413428	1473299	1	59893	Pseudomonas_aeruginosa_NZ_CP039990.1	NODE_25_length_256074_cov_2.059912	99.76		True
fake: scaffold gap size wrong estimation (local)
1474005	1593104	60205	179264	Pseudomonas_aeruginosa_NZ_CP039990.1	NODE_25_length_256074_cov_2.059912	99.44		True
relocation, inconsistency = 301581
1894686	1895507	180085	179265	Pseudomonas_aeruginosa_NZ_CP039990.1	NODE_25_length_256074_cov_2.059912	96.32		True
relocation, inconsistency = 287525
1593097	1605561	181685	194177	Pseudomonas_aeruginosa_NZ_CP039990.1	NODE_25_length_256074_cov_2.059912	99.39		True
local misassembly
1605859	1609349	194224	197719	Pseudomonas_aeruginosa_NZ_CP039990.1	NODE_25_length_256074_cov_2.059912	99.66		True
fake: scaffold gap size wrong estimation (local)
1609655	1630036	197803	218169	Pseudomonas_aeruginosa_NZ_CP039990.1	NODE_25_length_256074_cov_2.059912	98.77		True
fake: scaffold gap size wrong estimation (local)
1630437	1667780	218723	256074	Pseudomonas_aeruginosa_NZ_CP039990.1	NODE_25_length_256074_cov_2.059912	99.59		True
CONTIG	NODE_25_length_256074_cov_2.059912	256074	misassembled
1667656	1687820	1	20171	Pseudomonas_aeruginosa_NZ_CP039990.1	NODE_26_length_256011_cov_2.019526	99.3		True
relocation, inconsistency = 1503
1689324	1703631	20172	34468	Pseudomonas_aeruginosa_NZ_CP039990.1	NODE_26_length_256011_cov_2.019526	99.25		True
local misassembly
1703862	1719517	34469	50215	Pseudomonas_aeruginosa_NZ_CP039990.1	NODE_26_length_256011_cov_2.019526	98.62		True
relocation, scaffold gap is present, inconsistency = 329775
2064443	2108951	65366	109913	Pseudomonas_aeruginosa_NZ_CP039990.1	NODE_26_length_256011_cov_2.019526	98.99		True
fake: scaffold gap size wrong estimation (local)
2109109	2255172	109924	256011	Pseudomonas_aeruginosa_NZ_CP039990.1	NODE_26_length_256011_cov_2.019526	99.56		True
CONTIG	NODE_26_length_256011_cov_2.019526	256011	misassembled
2654686	2657040	2354	1	Pseudomonas_aeruginosa_NZ_CP039990.1	NODE_27_length_255405_cov_2.037727	99.19		True
fake: scaffold gap size wrong estimation (local)
2651397	2654625	5737	2509	Pseudomonas_aeruginosa_NZ_CP039990.1	NODE_27_length_255405_cov_2.037727	99.75		True
fake: scaffold gap size wrong estimation (local)
2592299	2650584	64308	6067	Pseudomonas_aeruginosa_NZ_CP039990.1	NODE_27_length_255405_cov_2.037727	99.35		True
local misassembly
2579136	2591926	77082	64309	Pseudomonas_aeruginosa_NZ_CP039990.1	NODE_27_length_255405_cov_2.037727	98.2		True
relocation, inconsistency = 6519
2474636	2572616	175096	77083	Pseudomonas_aeruginosa_NZ_CP039990.1	NODE_27_length_255405_cov_2.037727	99.57		True
relocation, inconsistency = -2125
2435394	2474352	216487	177505	Pseudomonas_aeruginosa_NZ_CP039990.1	NODE_27_length_255405_cov_2.037727	99.54		True
local misassembly
2396161	2435052	255405	216488	Pseudomonas_aeruginosa_NZ_CP039990.1	NODE_27_length_255405_cov_2.037727	99.19		True
CONTIG	NODE_27_length_255405_cov_2.037727	255405	misassembled
4443484	4558604	115159	18	Pseudomonas_aeruginosa_NZ_CP039990.1	NODE_28_length_254816_cov_2.009948	99.56		True
relocation, inconsistency = -1310
4433947	4443324	126021	116629	Pseudomonas_aeruginosa_NZ_CP039990.1	NODE_28_length_254816_cov_2.009948	99.02		True
local misassembly
4433263	4433716	127574	127121	Pseudomonas_aeruginosa_NZ_CP039990.1	NODE_28_length_254816_cov_2.009948	99.34		True
relocation, inconsistency = 2168
4427541	4430722	131126	127947	Pseudomonas_aeruginosa_NZ_CP039990.1	NODE_28_length_254816_cov_2.009948	98.37		True
local misassembly
4341340	4426321	217962	132973	Pseudomonas_aeruginosa_NZ_CP039990.1	NODE_28_length_254816_cov_2.009948	99.52		True
fake: scaffold gap size wrong estimation (local)
4337817	4340733	221127	218212	Pseudomonas_aeruginosa_NZ_CP039990.1	NODE_28_length_254816_cov_2.009948	99.55		True
fake: scaffold gap size wrong estimation (local)
4316533	4336837	242057	221729	Pseudomonas_aeruginosa_NZ_CP039990.1	NODE_28_length_254816_cov_2.009948	99.34		True
fake: scaffold gap size wrong estimation (local)
4304017	4316028	254299	242339	Pseudomonas_aeruginosa_NZ_CP039990.1	NODE_28_length_254816_cov_2.009948	98.55		True
fake: scaffold gap size wrong estimation (local)
4303683	4304011	254816	254487	Pseudomonas_aeruginosa_NZ_CP039990.1	NODE_28_length_254816_cov_2.009948	95.15		True
CONTIG	NODE_28_length_254816_cov_2.009948	254816	misassembled
2901720	2927475	77	25844	Pseudomonas_aeruginosa_NZ_CP039990.1	NODE_33_length_244714_cov_2.040836	99.69		True
relocation, inconsistency = -1364
2927617	3024592	27350	124353	Pseudomonas_aeruginosa_NZ_CP039990.1	NODE_33_length_244714_cov_2.040836	99.51		True
local misassembly
3024589	3026385	124466	126259	Pseudomonas_aeruginosa_NZ_CP039990.1	NODE_33_length_244714_cov_2.040836	98.78		True
fake: scaffold gap size wrong estimation (local)
3026654	3034001	126310	133661	Pseudomonas_aeruginosa_NZ_CP039990.1	NODE_33_length_244714_cov_2.040836	99.01		True
local misassembly
3034156	3053980	133684	153519	Pseudomonas_aeruginosa_NZ_CP039990.1	NODE_33_length_244714_cov_2.040836	99.27		True
fake: scaffold gap size wrong estimation (local)
3054236	3056760	153794	156318	Pseudomonas_aeruginosa_NZ_CP039990.1	NODE_33_length_244714_cov_2.040836	99.72		True
fake: scaffold gap size wrong estimation (local)
3057226	3059837	156395	159006	Pseudomonas_aeruginosa_NZ_CP039990.1	NODE_33_length_244714_cov_2.040836	99.66		True
relocation, inconsistency = -1335489
1724349	1766710	159007	201362	Pseudomonas_aeruginosa_NZ_CP039990.1	NODE_33_length_244714_cov_2.040836	99.6		True
fake: scaffold gap size wrong estimation (local)
1766739	1781968	201597	216829	Pseudomonas_aeruginosa_NZ_CP039990.1	NODE_33_length_244714_cov_2.040836	99.65		True
relocation, inconsistency = 3084
1785059	1810424	216836	242209	Pseudomonas_aeruginosa_NZ_CP039990.1	NODE_33_length_244714_cov_2.040836	98.97		True
CONTIG	NODE_33_length_244714_cov_2.040836	244714	misassembled
4558908	4561925	1	3019	Pseudomonas_aeruginosa_NZ_CP039990.1	NODE_37_length_221481_cov_2.012756	99.11		True
fake: scaffold gap size wrong estimation (local)
4562126	4565615	3031	6523	Pseudomonas_aeruginosa_NZ_CP039990.1	NODE_37_length_221481_cov_2.012756	99.48		True
local misassembly
4566260	4579690	6538	19974	Pseudomonas_aeruginosa_NZ_CP039990.1	NODE_37_length_221481_cov_2.012756	99.27		True
relocation, inconsistency = -13234
4579642	4607254	33160	60736	Pseudomonas_aeruginosa_NZ_CP039990.1	NODE_37_length_221481_cov_2.012756	98.95		True
relocation, inconsistency = 5426
4612681	4680284	60737	128332	Pseudomonas_aeruginosa_NZ_CP039990.1	NODE_37_length_221481_cov_2.012756	99.3		True
fake: scaffold gap size wrong estimation (local)
4680508	4681379	128531	129402	Pseudomonas_aeruginosa_NZ_CP039990.1	NODE_37_length_221481_cov_2.012756	99.06		True
local misassembly
4681568	4771606	129403	219457	Pseudomonas_aeruginosa_NZ_CP039990.1	NODE_37_length_221481_cov_2.012756	99.54		True
CONTIG	NODE_37_length_221481_cov_2.012756	221481	misassembled
3738441	3742036	1	3601	Pseudomonas_aeruginosa_NZ_CP039990.1	NODE_43_length_175618_cov_2.031666	99.44		True
fake: scaffold gap size wrong estimation (local)
3742468	3891051	3852	152395	Pseudomonas_aeruginosa_NZ_CP039990.1	NODE_43_length_175618_cov_2.031666	99.57		True
relocation, inconsistency = 43314
3934366	3951996	152396	170022	Pseudomonas_aeruginosa_NZ_CP039990.1	NODE_43_length_175618_cov_2.031666	99.44		True
fake: scaffold gap size wrong estimation (local)
3952538	3957960	170193	175618	Pseudomonas_aeruginosa_NZ_CP039990.1	NODE_43_length_175618_cov_2.031666	99.85		True
CONTIG	NODE_43_length_175618_cov_2.031666	175618	misassembled
3571775	3572236	1	462	Pseudomonas_aeruginosa_NZ_CP039990.1	NODE_47_length_165849_cov_2.057448	95.14		True
local misassembly
3572495	3674443	463	102408	Pseudomonas_aeruginosa_NZ_CP039990.1	NODE_47_length_165849_cov_2.057448	99.45		True
fake: scaffold gap size wrong estimation (local)
3674781	3727366	102467	155058	Pseudomonas_aeruginosa_NZ_CP039990.1	NODE_47_length_165849_cov_2.057448	99.52		True
local misassembly
3727620	3738409	155059	165849	Pseudomonas_aeruginosa_NZ_CP039990.1	NODE_47_length_165849_cov_2.057448	99.65		True
CONTIG	NODE_47_length_165849_cov_2.057448	165849	correct
2657671	2741478	16	83864	Pseudomonas_aeruginosa_NZ_CP039990.1	NODE_48_length_165712_cov_2.080549	99.39		True
local misassembly
2741639	2767651	83865	109866	Pseudomonas_aeruginosa_NZ_CP039990.1	NODE_48_length_165712_cov_2.080549	99.51		True
relocation, inconsistency = 1395
2770930	2787580	111750	128403	Pseudomonas_aeruginosa_NZ_CP039990.1	NODE_48_length_165712_cov_2.080549	99.4		True
fake: scaffold gap size wrong estimation (local)
2787728	2789806	128425	130503	Pseudomonas_aeruginosa_NZ_CP039990.1	NODE_48_length_165712_cov_2.080549	99.66		True
fake: scaffold gap size wrong estimation (local)
2790291	2824477	130537	164622	Pseudomonas_aeruginosa_NZ_CP039990.1	NODE_48_length_165712_cov_2.080549	99.12		True
relocation, inconsistency = 1782131
4607276	4607698	165290	165712	Pseudomonas_aeruginosa_NZ_CP039990.1	NODE_48_length_165712_cov_2.080549	99.29		True
CONTIG	NODE_48_length_165712_cov_2.080549	165712	misassembled
4901823	4952979	51204	1	Pseudomonas_aeruginosa_NZ_CP039990.1	NODE_51_length_157731_cov_2.054393	99.21		True
local misassembly
4894799	4901791	58899	51892	Pseudomonas_aeruginosa_NZ_CP039990.1	NODE_51_length_157731_cov_2.054393	98.69		True
relocation, inconsistency = 10846
4862569	4883952	80279	58900	Pseudomonas_aeruginosa_NZ_CP039990.1	NODE_51_length_157731_cov_2.054393	99.5		True
fake: scaffold gap size wrong estimation (local)
4843648	4862112	98764	80291	Pseudomonas_aeruginosa_NZ_CP039990.1	NODE_51_length_157731_cov_2.054393	99.57		True
fake: scaffold gap size wrong estimation (local)
4800796	4843419	141748	99120	Pseudomonas_aeruginosa_NZ_CP039990.1	NODE_51_length_157731_cov_2.054393	99.56		True
fake: scaffold gap size wrong estimation (local)
4793034	4800474	149479	142038	Pseudomonas_aeruginosa_NZ_CP039990.1	NODE_51_length_157731_cov_2.054393	99.25		True
local misassembly
4785524	4792886	156871	149480	Pseudomonas_aeruginosa_NZ_CP039990.1	NODE_51_length_157731_cov_2.054393	98.51		True
CONTIG	NODE_51_length_157731_cov_2.054393	157731	misassembled
6537570	6557102	19540	1	Pseudomonas_aeruginosa_NZ_CP039990.1	NODE_52_length_154503_cov_2.023717	99.53		True
fake: scaffold gap size wrong estimation (local)
6518222	6537083	38468	19600	Pseudomonas_aeruginosa_NZ_CP039990.1	NODE_52_length_154503_cov_2.023717	99.81		True
relocation, inconsistency = -1197
6511326	6518148	46561	39739	Pseudomonas_aeruginosa_NZ_CP039990.1	NODE_52_length_154503_cov_2.023717	99.47		True
local misassembly
6496769	6511238	61032	46562	Pseudomonas_aeruginosa_NZ_CP039990.1	NODE_52_length_154503_cov_2.023717	99.37		True
local misassembly
6403395	6496877	154503	61033	Pseudomonas_aeruginosa_NZ_CP039990.1	NODE_52_length_154503_cov_2.023717	99.53		True
CONTIG	NODE_52_length_154503_cov_2.023717	154503	misassembled
4013345	4013966	1626	2247	Pseudomonas_aeruginosa_NZ_CP039990.1	NODE_60_length_136959_cov_2.003968	95.02		True
local misassembly
4014397	4021516	2681	9832	Pseudomonas_aeruginosa_NZ_CP039990.1	NODE_60_length_136959_cov_2.003968	98.26		True
fake: scaffold gap size wrong estimation (local)
4022030	4099344	10070	87404	Pseudomonas_aeruginosa_NZ_CP039990.1	NODE_60_length_136959_cov_2.003968	99.46		True
relocation, inconsistency = 11042
4112103	4148790	89121	125816	Pseudomonas_aeruginosa_NZ_CP039990.1	NODE_60_length_136959_cov_2.003968	99.34		True
relocation, inconsistency = 1171
4149987	4154986	125842	130842	Pseudomonas_aeruginosa_NZ_CP039990.1	NODE_60_length_136959_cov_2.003968	99.48		True
CONTIG	NODE_60_length_136959_cov_2.003968	136959	misassembled
1056436	1056630	1	195	Pseudomonas_aeruginosa_NZ_CP039990.1	NODE_63_length_130975_cov_2.014823	100.0		True
local misassembly
1056263	1108737	218	52705	Pseudomonas_aeruginosa_NZ_CP039990.1	NODE_63_length_130975_cov_2.014823	99.62		True
fake: scaffold gap size wrong estimation (local)
1108756	1124972	53233	69450	Pseudomonas_aeruginosa_NZ_CP039990.1	NODE_63_length_130975_cov_2.014823	99.5		True
fake: scaffold gap size wrong estimation (local)
1125097	1180866	69463	125266	Pseudomonas_aeruginosa_NZ_CP039990.1	NODE_63_length_130975_cov_2.014823	99.5		True
local misassembly
1181123	1184109	125267	128261	Pseudomonas_aeruginosa_NZ_CP039990.1	NODE_63_length_130975_cov_2.014823	98.23		True
local misassembly
1184825	1187488	128300	130965	Pseudomonas_aeruginosa_NZ_CP039990.1	NODE_63_length_130975_cov_2.014823	99.59		True
CONTIG	NODE_63_length_130975_cov_2.014823	130975	correct
1240791	1269420	1	28628	Pseudomonas_aeruginosa_NZ_CP039990.1	NODE_67_length_124006_cov_2.025729	99.53		True
local misassembly
1269732	1325897	29642	85873	Pseudomonas_aeruginosa_NZ_CP039990.1	NODE_67_length_124006_cov_2.025729	99.24		True
relocation, inconsistency = 9839
1337929	1352482	88066	102620	Pseudomonas_aeruginosa_NZ_CP039990.1	NODE_67_length_124006_cov_2.025729	99.55		True
fake: scaffold gap size wrong estimation (local)
1353120	1358538	103015	108433	Pseudomonas_aeruginosa_NZ_CP039990.1	NODE_67_length_124006_cov_2.025729	99.1		True
relocation, inconsistency = 39099
1397638	1413212	108434	124006	Pseudomonas_aeruginosa_NZ_CP039990.1	NODE_67_length_124006_cov_2.025729	99.56		True
CONTIG	NODE_67_length_124006_cov_2.025729	124006	misassembled
933104	968055	1	34969	Pseudomonas_aeruginosa_NZ_CP039990.1	NODE_68_length_119618_cov_2.042211	99.42		True
fake: scaffold gap size wrong estimation (local)
968049	980754	35087	47792	Pseudomonas_aeruginosa_NZ_CP039990.1	NODE_68_length_119618_cov_2.042211	99.46		True
relocation, inconsistency = 3061
983897	1005413	47874	69391	Pseudomonas_aeruginosa_NZ_CP039990.1	NODE_68_length_119618_cov_2.042211	99.29		True
local misassembly
1005410	1030535	69901	95007	Pseudomonas_aeruginosa_NZ_CP039990.1	NODE_68_length_119618_cov_2.042211	99.42		True
local misassembly
1030466	1051835	95052	116416	Pseudomonas_aeruginosa_NZ_CP039990.1	NODE_68_length_119618_cov_2.042211	99.2		True
fake: scaffold gap size wrong estimation (local)
1052096	1055268	116428	119618	Pseudomonas_aeruginosa_NZ_CP039990.1	NODE_68_length_119618_cov_2.042211	99.4		True
CONTIG	NODE_68_length_119618_cov_2.042211	119618	misassembled
404648	439828	42	35218	Pseudomonas_aeruginosa_NZ_CP039990.1	NODE_69_length_117143_cov_2.012397	99.67		True
fake: scaffold gap size wrong estimation (local)
439870	521424	35458	117017	Pseudomonas_aeruginosa_NZ_CP039990.1	NODE_69_length_117143_cov_2.012397	99.53		True
CONTIG	NODE_69_length_117143_cov_2.012397	117143	correct
5538972	5622826	1	83896	Pseudomonas_aeruginosa_NZ_CP039990.1	NODE_72_length_111224_cov_2.025773	99.59		True
fake: scaffold gap size wrong estimation (local)
5622954	5641276	83907	102270	Pseudomonas_aeruginosa_NZ_CP039990.1	NODE_72_length_111224_cov_2.025773	99.38		True
local misassembly
5641430	5647696	102271	108542	Pseudomonas_aeruginosa_NZ_CP039990.1	NODE_72_length_111224_cov_2.025773	99.55		True
fake: scaffold gap size wrong estimation (local)
5648022	5650611	108625	111224	Pseudomonas_aeruginosa_NZ_CP039990.1	NODE_72_length_111224_cov_2.025773	99.38		True
CONTIG	NODE_72_length_111224_cov_2.025773	111224	correct
5353082	5369282	16253	55	Pseudomonas_aeruginosa_NZ_CP039990.1	NODE_76_length_106766_cov_2.002709	99.44		True
local misassembly
5331411	5345526	37927	23800	Pseudomonas_aeruginosa_NZ_CP039990.1	NODE_76_length_106766_cov_2.002709	98.12		True
relocation, inconsistency = 1556
5323225	5327699	44557	40083	Pseudomonas_aeruginosa_NZ_CP039990.1	NODE_76_length_106766_cov_2.002709	95.73		True
relocation, inconsistency = 3352
5302643	5319509	61813	44921	Pseudomonas_aeruginosa_NZ_CP039990.1	NODE_76_length_106766_cov_2.002709	96.25		True
relocation, inconsistency = -5048
5296076	5300943	73427	68561	Pseudomonas_aeruginosa_NZ_CP039990.1	NODE_76_length_106766_cov_2.002709	96.88		True
relocation, inconsistency = -1351
5291604	5296085	79266	74769	Pseudomonas_aeruginosa_NZ_CP039990.1	NODE_76_length_106766_cov_2.002709	97.0		True
local misassembly
5289425	5291208	81436	79663	Pseudomonas_aeruginosa_NZ_CP039990.1	NODE_76_length_106766_cov_2.002709	95.07		True
local misassembly
5288088	5288787	82736	82037	Pseudomonas_aeruginosa_NZ_CP039990.1	NODE_76_length_106766_cov_2.002709	96.0		True
local misassembly
5279073	5287145	91748	83673	Pseudomonas_aeruginosa_NZ_CP039990.1	NODE_76_length_106766_cov_2.002709	96.47		True
local misassembly
5276088	5279012	95293	92375	Pseudomonas_aeruginosa_NZ_CP039990.1	NODE_76_length_106766_cov_2.002709	95.35		True
local misassembly
5273959	5274141	97050	96868	Pseudomonas_aeruginosa_NZ_CP039990.1	NODE_76_length_106766_cov_2.002709	95.08		True
local misassembly
5272114	5273519	98901	97496	Pseudomonas_aeruginosa_NZ_CP039990.1	NODE_76_length_106766_cov_2.002709	95.09		True
local misassembly
5270906	5271553	100125	99478	Pseudomonas_aeruginosa_NZ_CP039990.1	NODE_76_length_106766_cov_2.002709	97.53		True
local misassembly
5268334	5269974	101781	100140	Pseudomonas_aeruginosa_NZ_CP039990.1	NODE_76_length_106766_cov_2.002709	97.08		True
relocation, inconsistency = 1812
5263152	5264403	105151	103900	Pseudomonas_aeruginosa_NZ_CP039990.1	NODE_76_length_106766_cov_2.002709	95.69		True
indel: stretch of mismatches
5262285	5263095	106018	105208	Pseudomonas_aeruginosa_NZ_CP039990.1	NODE_76_length_106766_cov_2.002709	96.05		True
local misassembly
5260607	5261271	106764	106100	Pseudomonas_aeruginosa_NZ_CP039990.1	NODE_76_length_106766_cov_2.002709	96.09		True
CONTIG	NODE_76_length_106766_cov_2.002709	106766	misassembled
2013300	2046336	33038	1	Pseudomonas_aeruginosa_NZ_CP039990.1	NODE_79_length_102760_cov_2.106136	99.31		True
local misassembly
1951938	2012182	95281	35039	Pseudomonas_aeruginosa_NZ_CP039990.1	NODE_79_length_102760_cov_2.106136	98.87		True
relocation, inconsistency = -20139
1964601	1972076	102760	95282	Pseudomonas_aeruginosa_NZ_CP039990.1	NODE_79_length_102760_cov_2.106136	98.97		True
CONTIG	NODE_79_length_102760_cov_2.106136	102760	misassembled
744085	762566	18504	12	Pseudomonas_aeruginosa_NZ_CP039990.1	NODE_82_length_102133_cov_1.943440	99.46		True
local misassembly
730644	740555	32482	22560	Pseudomonas_aeruginosa_NZ_CP039990.1	NODE_82_length_102133_cov_1.943440	98.84		True
relocation, inconsistency = 12130
698017	718487	52980	32509	Pseudomonas_aeruginosa_NZ_CP039990.1	NODE_82_length_102133_cov_1.943440	99.29		True
local misassembly
673214	696898	77823	54117	Pseudomonas_aeruginosa_NZ_CP039990.1	NODE_82_length_102133_cov_1.943440	99.43		True
relocation, inconsistency = 30137
641180	643076	79720	77824	Pseudomonas_aeruginosa_NZ_CP039990.1	NODE_82_length_102133_cov_1.943440	99.59		True
local misassembly
618445	640786	102133	79721	Pseudomonas_aeruginosa_NZ_CP039990.1	NODE_82_length_102133_cov_1.943440	99.46		True
CONTIG	NODE_82_length_102133_cov_1.943440	102133	misassembled
2256718	2259514	38	2834	Pseudomonas_aeruginosa_NZ_CP039990.1	NODE_83_length_101969_cov_2.031265	99.43		True
local misassembly
2264362	2334961	6959	77573	Pseudomonas_aeruginosa_NZ_CP039990.1	NODE_83_length_101969_cov_2.031265	99.57		True
relocation, inconsistency = 764991
3099953	3117325	77574	94919	Pseudomonas_aeruginosa_NZ_CP039990.1	NODE_83_length_101969_cov_2.031265	99.47		True
fake: scaffold gap size wrong estimation (local)
3117471	3124171	94930	101631	Pseudomonas_aeruginosa_NZ_CP039990.1	NODE_83_length_101969_cov_2.031265	99.54		True
CONTIG	NODE_83_length_101969_cov_2.031265	101969	misassembled
125397	226202	1	100724	Pseudomonas_aeruginosa_NZ_CP039990.1	NODE_87_length_100724_cov_2.063861	99.47		True
CONTIG	NODE_87_length_100724_cov_2.063861	100724	correct
592273	617724	25666	204	Pseudomonas_aeruginosa_NZ_CP039990.1	NODE_88_length_96154_cov_1.992286	99.48		True
fake: scaffold gap size wrong estimation (local)
584729	592170	33120	25677	Pseudomonas_aeruginosa_NZ_CP039990.1	NODE_88_length_96154_cov_1.992286	99.44		True
local misassembly
535272	584857	82708	33121	Pseudomonas_aeruginosa_NZ_CP039990.1	NODE_88_length_96154_cov_1.992286	99.46		True
local misassembly
521716	535150	96145	82709	Pseudomonas_aeruginosa_NZ_CP039990.1	NODE_88_length_96154_cov_1.992286	99.58		True
CONTIG	NODE_88_length_96154_cov_1.992286	96154	correct
6357583	6370980	2	13400	Pseudomonas_aeruginosa_NZ_CP039990.1	NODE_91_length_94185_cov_2.040219	99.75		True
fake: scaffold gap size wrong estimation (local)
6371967	6403295	14026	45383	Pseudomonas_aeruginosa_NZ_CP039990.1	NODE_91_length_94185_cov_2.040219	99.57		True
relocation, scaffold gap is present, inconsistency = -4545953
1857663	1861674	45704	49715	Pseudomonas_aeruginosa_NZ_CP039990.1	NODE_91_length_94185_cov_2.040219	99.28		True
local misassembly
1861774	1893326	49716	81220	Pseudomonas_aeruginosa_NZ_CP039990.1	NODE_91_length_94185_cov_2.040219	98.88		True
local misassembly
1893808	1894533	82671	83396	Pseudomonas_aeruginosa_NZ_CP039990.1	NODE_91_length_94185_cov_2.040219	99.31		True
fake: scaffold gap size wrong estimation (extensive)
1895058	1895227	93917	94086	Pseudomonas_aeruginosa_NZ_CP039990.1	NODE_91_length_94185_cov_2.040219	99.41		True
CONTIG	NODE_91_length_94185_cov_2.040219	94185	misassembled
385995	403907	17913	1	Pseudomonas_aeruginosa_NZ_CP039990.1	NODE_94_length_91722_cov_2.054637	99.56		True
local misassembly
314067	385816	90581	18849	Pseudomonas_aeruginosa_NZ_CP039990.1	NODE_94_length_91722_cov_2.054637	99.57		True
relocation, inconsistency = 13070
299856	300996	91722	90582	Pseudomonas_aeruginosa_NZ_CP039990.1	NODE_94_length_91722_cov_2.054637	98.54		True
CONTIG	NODE_94_length_91722_cov_2.054637	91722	misassembled
4250578	4302416	51880	1	Pseudomonas_aeruginosa_NZ_CP039990.1	NODE_95_length_91230_cov_2.054350	99.2		True
relocation, inconsistency = 39001
4172335	4211576	91126	51881	Pseudomonas_aeruginosa_NZ_CP039990.1	NODE_95_length_91230_cov_2.054350	99.67		True
CONTIG	NODE_95_length_91230_cov_2.054350	91230	misassembled
226078	239080	1	13002	Pseudomonas_aeruginosa_NZ_CP039990.1	NODE_104_length_78237_cov_1.990696	99.67		True
relocation, inconsistency = -6580
239122	247806	19624	28308	Pseudomonas_aeruginosa_NZ_CP039990.1	NODE_104_length_78237_cov_1.990696	99.62		True
local misassembly
247805	262171	28777	43138	Pseudomonas_aeruginosa_NZ_CP039990.1	NODE_104_length_78237_cov_1.990696	99.58		True
fake: scaffold gap size wrong estimation (local)
262449	293256	43263	74020	Pseudomonas_aeruginosa_NZ_CP039990.1	NODE_104_length_78237_cov_1.990696	98.78		True
local misassembly
293581	297467	74351	78237	Pseudomonas_aeruginosa_NZ_CP039990.1	NODE_104_length_78237_cov_1.990696	99.79		True
CONTIG	NODE_104_length_78237_cov_1.990696	78237	misassembled
2889720	2901723	12101	99	Pseudomonas_aeruginosa_NZ_CP039990.1	NODE_107_length_76494_cov_2.008299	99.6		True
fake: scaffold gap size wrong estimation (local)
2840045	2889818	61953	12202	Pseudomonas_aeruginosa_NZ_CP039990.1	NODE_107_length_76494_cov_2.008299	99.28		True
relocation, inconsistency = 1004246
1835480	1835798	61954	62272	Pseudomonas_aeruginosa_NZ_CP039990.1	NODE_107_length_76494_cov_2.008299	98.44		True
CONTIG	NODE_107_length_76494_cov_2.008299	76494	misassembled
5505545	5512313	6770	1	Pseudomonas_aeruginosa_NZ_CP039990.1	NODE_111_length_74671_cov_2.031701	99.32		True
fake: scaffold gap size wrong estimation (local)
5478156	5505139	34230	7235	Pseudomonas_aeruginosa_NZ_CP039990.1	NODE_111_length_74671_cov_2.031701	99.57		True
relocation, inconsistency = 1045
5436869	5477110	74500	34231	Pseudomonas_aeruginosa_NZ_CP039990.1	NODE_111_length_74671_cov_2.031701	99.4		True
CONTIG	NODE_111_length_74671_cov_2.031701	74671	misassembled
5371233	5387051	1	15822	Pseudomonas_aeruginosa_NZ_CP039990.1	NODE_125_length_64635_cov_2.066924	99.39		True
fake: scaffold gap size wrong estimation (local)
5387125	5398042	16007	26939	Pseudomonas_aeruginosa_NZ_CP039990.1	NODE_125_length_64635_cov_2.066924	99.43		True
fake: scaffold gap size wrong estimation (local)
5398193	5435828	26986	64635	Pseudomonas_aeruginosa_NZ_CP039990.1	NODE_125_length_64635_cov_2.066924	99.08		True
CONTIG	NODE_125_length_64635_cov_2.066924	64635	correct
841962	883921	31	41944	Pseudomonas_aeruginosa_NZ_CP039990.1	NODE_136_length_58414_cov_1.998971	99.15		True
local misassembly
884023	900457	41945	58414	Pseudomonas_aeruginosa_NZ_CP039990.1	NODE_136_length_58414_cov_1.998971	98.8		True
CONTIG	NODE_136_length_58414_cov_1.998971	58414	correct
6572745	6573638	1	894	Pseudomonas_aeruginosa_NZ_CP039990.1	NODE_143_length_54034_cov_2.065245	99.66		True
fake: not a misassembly [linear representation of circular genome]
1	50478	895	51376	Pseudomonas_aeruginosa_NZ_CP039990.1	NODE_143_length_54034_cov_2.065245	99.38		True
relocation, inconsistency = 7224
57703	58431	51377	52105	Pseudomonas_aeruginosa_NZ_CP039990.1	NODE_143_length_54034_cov_2.065245	98.3		True
CONTIG	NODE_143_length_54034_cov_2.065245	54034	misassembled
3064554	3082606	18053	1	Pseudomonas_aeruginosa_NZ_CP039990.1	NODE_151_length_49453_cov_2.032480	99.22		True
relocation, inconsistency = 986798
2046358	2059731	49453	36078	Pseudomonas_aeruginosa_NZ_CP039990.1	NODE_151_length_49453_cov_2.032480	99.61		True
CONTIG	NODE_151_length_49453_cov_2.032480	49453	misassembled
4958457	4996863	12	38418	Pseudomonas_aeruginosa_NZ_CP039990.1	NODE_181_length_38814_cov_2.026191	99.51		True
fake: scaffold gap size wrong estimation (local)
4997089	4997474	38429	38814	Pseudomonas_aeruginosa_NZ_CP039990.1	NODE_181_length_38814_cov_2.026191	100.0		True
CONTIG	NODE_181_length_38814_cov_2.026191	38814	correct
3958052	3984487	36545	10175	Pseudomonas_aeruginosa_NZ_CP039990.1	NODE_193_length_36545_cov_2.022389	99.07		True
CONTIG	NODE_193_length_36545_cov_2.022389	36545	correct
2334807	2363190	1	28382	Pseudomonas_aeruginosa_NZ_CP039990.1	NODE_196_length_35766_cov_2.000841	99.4		True
CONTIG	NODE_196_length_35766_cov_2.000841	35766	correct
64712	77321	1178	13786	Pseudomonas_aeruginosa_NZ_CP039990.1	NODE_206_length_32623_cov_2.015281	99.37		True
local misassembly
78147	96875	13894	32623	Pseudomonas_aeruginosa_NZ_CP039990.1	NODE_206_length_32623_cov_2.015281	99.62		True
CONTIG	NODE_206_length_32623_cov_2.015281	32623	correct
901627	933161	31574	1	Pseudomonas_aeruginosa_NZ_CP039990.1	NODE_207_length_31574_cov_2.016648	99.58		True
CONTIG	NODE_207_length_31574_cov_2.016648	31574	correct
3539585	3567747	5	28190	Pseudomonas_aeruginosa_NZ_CP039990.1	NODE_213_length_29176_cov_1.876947	99.4		True
CONTIG	NODE_213_length_29176_cov_1.876947	29176	correct
3984402	4011024	26627	1	Pseudomonas_aeruginosa_NZ_CP039990.1	NODE_215_length_28785_cov_2.190964	99.49		True
CONTIG	NODE_215_length_28785_cov_2.190964	28785	correct
1188430	1216745	28545	222	Pseudomonas_aeruginosa_NZ_CP039990.1	NODE_217_length_28599_cov_2.140386	99.41		True
CONTIG	NODE_217_length_28599_cov_2.140386	28599	correct
788946	816793	1	27779	Pseudomonas_aeruginosa_NZ_CP039990.1	NODE_220_length_27779_cov_2.112500	99.3		True
CONTIG	NODE_220_length_27779_cov_2.112500	27779	correct
97852	124247	26443	1	Pseudomonas_aeruginosa_NZ_CP039990.1	NODE_225_length_26534_cov_2.021335	99.49		True
CONTIG	NODE_225_length_26534_cov_2.021335	26534	correct
1216934	1240828	23913	1	Pseudomonas_aeruginosa_NZ_CP039990.1	NODE_235_length_24129_cov_1.894757	99.12		True
CONTIG	NODE_235_length_24129_cov_1.894757	24129	correct
817742	824315	1	6581	Pseudomonas_aeruginosa_NZ_CP039990.1	NODE_239_length_23083_cov_2.461277	98.98		True
fake: scaffold gap size wrong estimation (local)
824572	826542	6592	8563	Pseudomonas_aeruginosa_NZ_CP039990.1	NODE_239_length_23083_cov_2.461277	98.78		True
fake: scaffold gap size wrong estimation (local)
827350	830305	9365	12328	Pseudomonas_aeruginosa_NZ_CP039990.1	NODE_239_length_23083_cov_2.461277	98.92		True
fake: scaffold gap size wrong estimation (local)
830419	841148	12339	23083	Pseudomonas_aeruginosa_NZ_CP039990.1	NODE_239_length_23083_cov_2.461277	99.29		True
CONTIG	NODE_239_length_23083_cov_2.461277	23083	correct
2384168	2395665	10686	22186	Pseudomonas_aeruginosa_NZ_CP039990.1	NODE_245_length_22186_cov_1.930864	99.11		True
CONTIG	NODE_245_length_22186_cov_1.930864	22186	correct
1932144	1934638	75	2576	Pseudomonas_aeruginosa_NZ_CP039990.1	NODE_257_length_20675_cov_1.933661	98.2		True
local misassembly
1934790	1952062	3404	20675	Pseudomonas_aeruginosa_NZ_CP039990.1	NODE_257_length_20675_cov_1.933661	98.98		True
CONTIG	NODE_257_length_20675_cov_1.933661	20675	correct
5532100	5539026	6919	1	Pseudomonas_aeruginosa_NZ_CP039990.1	NODE_262_length_19995_cov_2.138721	99.21		True
fake: scaffold gap size wrong estimation (extensive)
5517339	5530401	19995	6930	Pseudomonas_aeruginosa_NZ_CP039990.1	NODE_262_length_19995_cov_2.138721	99.29		True
CONTIG	NODE_262_length_19995_cov_2.138721	19995	correct
4160908	4172298	12075	658	Pseudomonas_aeruginosa_NZ_CP039990.1	NODE_264_length_19862_cov_2.071295	99.19		True
relocation, inconsistency = -1219
4159949	4160789	14253	13413	Pseudomonas_aeruginosa_NZ_CP039990.1	NODE_264_length_19862_cov_2.071295	97.15		True
local misassembly
4155007	4158245	19436	16198	Pseudomonas_aeruginosa_NZ_CP039990.1	NODE_264_length_19862_cov_2.071295	99.32		True
relocation, inconsistency = 449032
4607278	4607698	19437	19862	Pseudomonas_aeruginosa_NZ_CP039990.1	NODE_264_length_19862_cov_2.071295	98.8		True
CONTIG	NODE_264_length_19862_cov_2.071295	19862	misassembled
1856380	1856812	432	1	Pseudomonas_aeruginosa_NZ_CP039990.1	NODE_284_length_18052_cov_2.058319	97.0		True
local misassembly
1844038	1856162	13046	921	Pseudomonas_aeruginosa_NZ_CP039990.1	NODE_284_length_18052_cov_2.058319	99.53		True
CONTIG	NODE_284_length_18052_cov_2.058319	18052	correct
3124193	3139319	276	15433	Pseudomonas_aeruginosa_NZ_CP039990.1	NODE_309_length_15445_cov_2.130457	99.43		True
CONTIG	NODE_309_length_15445_cov_2.130457	15445	correct
3084227	3098601	14382	1	Pseudomonas_aeruginosa_NZ_CP039990.1	NODE_320_length_14382_cov_1.980746	99.46		True
CONTIG	NODE_320_length_14382_cov_1.980746	14382	correct
6557943	6572293	14355	1	Pseudomonas_aeruginosa_NZ_CP039990.1	NODE_321_length_14369_cov_2.055361	99.6		True
CONTIG	NODE_321_length_14369_cov_2.055361	14369	correct
772462	777720	5649	390	Pseudomonas_aeruginosa_NZ_CP039990.1	NODE_566_length_5649_cov_2.242523	99.54		True
CONTIG	NODE_566_length_5649_cov_2.242523	5649	correct
4997424	5001102	3716	29	Pseudomonas_aeruginosa_NZ_CP039990.1	NODE_692_length_3716_cov_2.197125	98.51		True
CONTIG	NODE_692_length_3716_cov_2.197125	3716	correct
783771	786920	22	3171	Pseudomonas_aeruginosa_NZ_CP039990.1	NODE_740_length_3171_cov_1.590495	99.62		True
CONTIG	NODE_740_length_3171_cov_1.590495	3171	correct
6353811	6356685	1	2878	Pseudomonas_aeruginosa_NZ_CP039990.1	NODE_766_length_2878_cov_2.145016	99.37		True
CONTIG	NODE_766_length_2878_cov_2.145016	2878	correct
768111	770922	2808	1	Pseudomonas_aeruginosa_NZ_CP039990.1	NODE_770_length_2858_cov_1.778905	99.0		True
CONTIG	NODE_770_length_2858_cov_1.778905	2858	correct
3569900	3570300	5	405	Pseudomonas_aeruginosa_NZ_CP039990.1	NODE_866_length_1997_cov_2.712329	97.76		True
local misassembly
3571262	3571892	1367	1997	Pseudomonas_aeruginosa_NZ_CP039990.1	NODE_866_length_1997_cov_2.712329	97.31		True
CONTIG	NODE_866_length_1997_cov_2.712329	1997	correct
5000890	5002324	1	1437	Pseudomonas_aeruginosa_NZ_CP039990.1	NODE_943_length_1502_cov_2.003564	96.59		True
CONTIG	NODE_943_length_1502_cov_2.003564	1502	correct
1834563	1835798	1236	1	Pseudomonas_aeruginosa_NZ_CP039990.1	NODE_991_length_1236_cov_11.279683	99.19		True
CONTIG	NODE_991_length_1236_cov_11.279683	1236	correct
124220	125252	1033	1	Pseudomonas_aeruginosa_NZ_CP039990.1	NODE_1041_length_1033_cov_2.001071	99.61		True
CONTIG	NODE_1041_length_1033_cov_2.001071	1033	correct
