Assembly	spades_assembly	spades_assembly.m1000	idbaud_assembly	idbaud_assembly.m1000
# contigs (>= 1000 bp)	14	14	34	34
# contigs (>= 5000 bp)	12	12	23	23
# contigs (>= 10000 bp)	11	11	21	21
# contigs (>= 25000 bp)	11	11	20	20
# contigs (>= 50000 bp)	10	10	19	19
Total length (>= 1000 bp)	3165049	3165049	3132825	3132825
Total length (>= 5000 bp)	3159922	3159922	3099903	3099903
Total length (>= 10000 bp)	3154315	3154315	3083382	3083382
Total length (>= 25000 bp)	3154315	3154315	3059685	3059685
Total length (>= 50000 bp)	3126268	3126268	3018238	3018238
# contigs	15	14	54	34
Largest contig	690942	690942	416184	416184
Total length	3165724	3165049	3146795	3132825
Reference length	3192235	3192235	3192235	3192235
GC (%)	28.26	28.26	28.25	28.24
Reference GC (%)	28.36	28.36	28.36	28.36
N50	552576	552576	195356	195356
NG50	552576	552576	195356	195356
N75	324225	324225	113556	113556
NG75	324225	324225	113556	113556
L50	3	3	6	6
LG50	3	3	6	6
L75	5	5	12	12
LG75	5	5	12	12
# misassemblies	1	1	0	0
# misassembled contigs	1	1	0	0
Misassembled contigs length	690942	690942	0	0
# local misassemblies	0	0	28	28
# scaffold gap ext. mis.	1	1	0	0
# scaffold gap loc. mis.	1	1	3	3
# unaligned mis. contigs	0	0	0	0
# unaligned contigs	0 + 0 part	0 + 0 part	0 + 0 part	0 + 0 part
Unaligned length	0	0	0	0
Genome fraction (%)	99.115	99.094	98.504	98.116
Duplication ratio	1.001	1.001	1.001	1.000
# N's per 100 kbp	12.64	12.64	5.24	5.27
# mismatches per 100 kbp	8.98	8.98	0.35	0.22
# indels per 100 kbp	0.63	0.63	0.19	0.19
Largest alignment	648167	648167	416085	416085
Total aligned length	3164431	3163756	3146332	3132362
NA50	552476	552476	195356	195356
NGA50	552476	552476	195356	195356
NA75	324125	324125	113556	113556
NGA75	324125	324125	113556	113556
LA50	3	3	6	6
LGA50	3	3	6	6
LA75	5	5	12	12
LGA75	5	5	12	12
