genome	number of scaffolds	taxonomy	completeness score	contamination score	5S rRNA	16S rRNA	23S rRNA	tRNA count	assembly quality
bin_0.filtered	27	d__Bacteria;p__Campylobacterota;c__Campylobacteria;o__Campylobacterales;f__Arcobacteraceae;g__Arcobacter;s__Arcobacter nitrofigilis	99.59	3.79	2 present	bin_0.filtered_bin_0_NODE_22_length_265414_cov_1.057291 (260223, 261736)	bin_0.filtered_bin_0_NODE_22_length_265414_cov_1.057291 (262325, 265235)	48	med
bin_1.filtered	11	d__Bacteria;p__Campylobacterota;c__Campylobacteria;o__Nautiliales;f__Nautiliaceae;g__Nautilia;s__Nautilia profundicola	99.59	0.41	bin_1.filtered_bin_1_NODE_62_length_144819_cov_1.304434 (144618, 144723)	bin_1.filtered_bin_1_NODE_62_length_144819_cov_1.304434 (139766, 141269)	bin_1.filtered_bin_1_NODE_62_length_144819_cov_1.304434 (141658, 144561)	43	high
bin_2.filtered	68	d__Bacteria;p__Firmicutes;c__Bacilli;o__Staphylococcales;f__Staphylococcaceae;g__Staphylococcus;s__Staphylococcus aureus	98.32	0.11	bin_2.filtered_bin_2_NODE_191_length_39011_cov_0.266470 (712, 789)	bin_2.filtered_bin_2_NODE_201_length_35068_cov_0.293845 (435, 1983)		37	med
bin_3.filtered	55	d__Bacteria;p__Proteobacteria;c__Gammaproteobacteria;o__Burkholderiales;f__Nitrosomonadaceae;g__Nitrosomonas;s__Nitrosomonas europaea	99.97	0.9	bin_3.filtered_bin_3_NODE_50_length_160826_cov_1.123338 (86680, 86787)	bin_3.filtered_bin_3_NODE_50_length_160826_cov_1.123338 (90154, 91687)	bin_3.filtered_bin_3_NODE_50_length_160826_cov_1.123338 (86863, 89745)	42	high
bin_4.filtered	10	d__Bacteria;p__Desulfobacterota_I;c__Desulfovibrionia;o__Desulfovibrionales;f__Desulfovibrionaceae;g__Desulfovibrio;s__Desulfovibrio desulfuricans	94.08	0.0				43	med
bin_5.filtered	58	d__Bacteria;p__Proteobacteria;c__Gammaproteobacteria;o__Pseudomonadales;f__Pseudomonadaceae;g__Pseudomonas;s__Pseudomonas aeruginosa	96.87	0.11	2 present			43	med
bin_6.filtered	366	d__Bacteria;p__Planctomycetota;c__Brocadiae;o__Brocadiales;f__Brocadiaceae;g__Kuenenia;s__Kuenenia stuttgartiensis	90.66	0.61		bin_6.filtered_bin_6_NODE_466_length_7730_cov_0.184781 (1, 929)		36	med
bin_7.filtered	11	d__Bacteria;p__Cyanobacteria;c__Cyanobacteriia;o__PCC-6307;f__Cyanobiaceae;g__Prochlorococcus_C;s__Prochlorococcus_C marinus_B	100.0	0.14		bin_7.filtered_bin_7_NODE_14_length_327269_cov_0.766784 (172701, 174180)	bin_7.filtered_bin_7_NODE_14_length_327269_cov_0.766784 (175015, 177888)	45	med
bin_8.filtered	68	d__Bacteria;p__Proteobacteria;c__Alphaproteobacteria;o__Rhizobiales;f__Xanthobacteraceae;g__Nitrobacter;s__Nitrobacter winogradskyi	99.47	0.0	bin_8.filtered_bin_8_NODE_48_length_179569_cov_0.671348 (103643, 103751)	bin_8.filtered_bin_8_NODE_48_length_179569_cov_0.671348 (98442, 99927)	bin_8.filtered_bin_8_NODE_48_length_179569_cov_0.671348 (100757, 103567)	49	high
bin_9.filtered	15	d__Bacteria;p__Proteobacteria;c__Gammaproteobacteria;o__Enterobacterales;f__Vibrionaceae;g__Vibrio;s__Vibrio cholerae	99.46	0.03	6 present	bin_9.filtered_bin_9_NODE_67_length_133471_cov_0.640787 (22138, 23676)	bin_9.filtered_bin_9_NODE_67_length_133471_cov_0.640787 (24392, 27264)	79	med
