Assembly	spades_assembly	spades_assembly.m1000	idbaud_assembly	idbaud_assembly.m1000
# contigs (>= 1000 bp)	61	61	78	78
# contigs (>= 5000 bp)	44	44	58	58
# contigs (>= 10000 bp)	40	40	51	51
# contigs (>= 25000 bp)	33	33	39	39
# contigs (>= 50000 bp)	18	18	17	17
Total length (>= 1000 bp)	2747561	2747561	2704521	2704521
Total length (>= 5000 bp)	2706530	2706530	2658308	2658308
Total length (>= 10000 bp)	2671355	2671355	2604262	2604262
Total length (>= 25000 bp)	2547779	2547779	2400681	2400681
Total length (>= 50000 bp)	1975823	1975823	1575261	1575261
# contigs	61	61	86	78
Largest contig	274156	274156	160547	160547
Total length	2747561	2747561	2710237	2704521
Reference length	2812094	2812094	2812094	2812094
GC (%)	50.69	50.69	50.68	50.67
Reference GC (%)	50.72	50.72	50.72	50.72
N50	85189	85189	60464	62564
NG50	79332	79332	60464	60464
N75	45729	45729	38758	38758
NG75	45665	45665	36432	36432
L50	10	10	14	13
LG50	11	11	14	14
L75	20	20	28	28
LG75	21	21	30	30
# misassemblies	1	1	1	1
# misassembled contigs	1	1	1	1
Misassembled contigs length	33322	33322	76722	76722
# local misassemblies	0	0	13	13
# scaffold gap ext. mis.	0	0	0	0
# scaffold gap loc. mis.	1	1	12	12
# unaligned mis. contigs	0	0	0	0
# unaligned contigs	0 + 0 part	0 + 0 part	0 + 0 part	0 + 0 part
Unaligned length	0	0	0	0
Genome fraction (%)	97.657	97.657	96.220	96.034
Duplication ratio	1.000	1.000	1.002	1.001
# N's per 100 kbp	10.92	10.92	111.28	111.52
# mismatches per 100 kbp	4.11	4.11	0.07	0.00
# indels per 100 kbp	0.22	0.22	0.15	0.15
Largest alignment	274156	274156	160547	160547
Total aligned length	2747313	2747313	2707220	2701504
NA50	85189	85189	59254	59254
NGA50	79332	79332	57702	57702
NA75	45729	45729	38758	38758
NGA75	45665	45665	36184	36184
LA50	10	10	14	14
LGA50	11	11	15	15
LA75	20	20	28	28
LGA75	21	21	30	30
