S1	E1	S2	E2	Reference	Contig	IDY	Ambiguous	Best_group
2327662	2332533	1	4873	Staphylococcus_aureus_CACRZC010000001.1	scaffold_180	98.26		True
local misassembly
2332917	2343715	6043	16760	Staphylococcus_aureus_CACRZC010000001.1	scaffold_180	95.58		True
relocation, inconsistency = 1705
2350957	2360787	22297	32127	Staphylococcus_aureus_CACRZC010000001.1	scaffold_180	99.51		True
CONTIG	scaffold_180	32127	misassembled
247625	263449	17283	1461	Staphylococcus_aureus_CACRZC010000001.1	scaffold_199	98.65		True
local misassembly
241297	247632	23713	17379	Staphylococcus_aureus_CACRZC010000001.1	scaffold_199	98.5		True
local misassembly
239264	239682	25009	24591	Staphylococcus_aureus_CACRZC010000001.1	scaffold_199	97.37		True
local misassembly
231760	239086	32378	25053	Staphylococcus_aureus_CACRZC010000001.1	scaffold_199	98.47		True
relocation, inconsistency = 6859
215545	223924	41735	33355	Staphylococcus_aureus_CACRZC010000001.1	scaffold_199	98.57		True
CONTIG	scaffold_199	41735	misassembled
479387	503248	23852	1	Staphylococcus_aureus_CACRZC010000001.1	scaffold_203	99.28		True
CONTIG	scaffold_203	23853	correct
933922	943548	1	9626	Staphylococcus_aureus_CACRZC010000001.1	scaffold_208	99.48		True
local misassembly
943793	967116	9627	32957	Staphylococcus_aureus_CACRZC010000001.1	scaffold_208	99.04		True
CONTIG	scaffold_208	32957	correct
2233672	2257048	1	23375	Staphylococcus_aureus_CACRZC010000001.1	scaffold_210	99.62		True
CONTIG	scaffold_210	23380	correct
2043643	2045726	1	2085	Staphylococcus_aureus_CACRZC010000001.1	scaffold_214	99.62		True
local misassembly
2045893	2067992	2086	24186	Staphylococcus_aureus_CACRZC010000001.1	scaffold_214	99.63		True
local misassembly
2068202	2071382	24187	27317	Staphylococcus_aureus_CACRZC010000001.1	scaffold_214	97.74		True
CONTIG	scaffold_214	27317	correct
731398	739385	1	7988	Staphylococcus_aureus_CACRZC010000001.1	scaffold_217	99.64		True
fake: scaffold gap size wrong estimation (local)
739395	745606	8117	14328	Staphylococcus_aureus_CACRZC010000001.1	scaffold_217	99.58		True
local misassembly
745802	767613	14329	36139	Staphylococcus_aureus_CACRZC010000001.1	scaffold_217	99.41		True
CONTIG	scaffold_217	36139	correct
343243	364996	21783	1	Staphylococcus_aureus_CACRZC010000001.1	scaffold_218	97.36		True
CONTIG	scaffold_218	23399	correct
914643	917249	2607	1	Staphylococcus_aureus_CACRZC010000001.1	scaffold_221	99.54		True
local misassembly
912140	914306	4774	2608	Staphylococcus_aureus_CACRZC010000001.1	scaffold_221	99.68		True
local misassembly
890305	911807	26277	4775	Staphylococcus_aureus_CACRZC010000001.1	scaffold_221	99.52		True
CONTIG	scaffold_221	26277	correct
105709	113190	7481	1	Staphylococcus_aureus_CACRZC010000001.1	scaffold_223	96.18		True
relocation, inconsistency = 3326
101034	102382	8830	7482	Staphylococcus_aureus_CACRZC010000001.1	scaffold_223	95.41		True
indel: indel (<= 5bp)
100606	101023	9257	8840	Staphylococcus_aureus_CACRZC010000001.1	scaffold_223	98.09		True
local misassembly
94302	100381	15442	9358	Staphylococcus_aureus_CACRZC010000001.1	scaffold_223	95.2		True
CONTIG	scaffold_223	30269	misassembled
1413457	1421548	1	8092	Staphylococcus_aureus_CACRZC010000001.1	scaffold_224	99.37		True
local misassembly
1422593	1435132	8553	21091	Staphylococcus_aureus_CACRZC010000001.1	scaffold_224	99.41		True
CONTIG	scaffold_224	21091	correct
163302	173190	1	9891	Staphylococcus_aureus_CACRZC010000001.1	scaffold_225	98.27		True
local misassembly
177391	186938	14072	23619	Staphylococcus_aureus_CACRZC010000001.1	scaffold_225	98.09		True
local misassembly
187219	193883	23668	30333	Staphylococcus_aureus_CACRZC010000001.1	scaffold_225	97.92		True
local misassembly
194084	200055	30339	36310	Staphylococcus_aureus_CACRZC010000001.1	scaffold_225	98.26		True
local misassembly
200249	202684	36311	38746	Staphylococcus_aureus_CACRZC010000001.1	scaffold_225	97.99		True
local misassembly
203017	204412	38747	40143	Staphylococcus_aureus_CACRZC010000001.1	scaffold_225	98.29		True
local misassembly
204771	212543	40321	48092	Staphylococcus_aureus_CACRZC010000001.1	scaffold_225	96.33		True
CONTIG	scaffold_225	48092	correct
2582427	2587165	4739	1	Staphylococcus_aureus_CACRZC010000001.1	scaffold_226	98.92		True
local misassembly
2577604	2582214	9350	4740	Staphylococcus_aureus_CACRZC010000001.1	scaffold_226	98.57		True
local misassembly
2562055	2577569	25197	9684	Staphylococcus_aureus_CACRZC010000001.1	scaffold_226	99.3		True
local misassembly
2550798	2561685	36010	25198	Staphylococcus_aureus_CACRZC010000001.1	scaffold_226	97.79		True
local misassembly
2549516	2550693	37188	36011	Staphylococcus_aureus_CACRZC010000001.1	scaffold_226	99.41		True
local misassembly
2542700	2549105	43593	37189	Staphylococcus_aureus_CACRZC010000001.1	scaffold_226	99.38		True
local misassembly
2540775	2542305	45124	43594	Staphylococcus_aureus_CACRZC010000001.1	scaffold_226	99.41		True
CONTIG	scaffold_226	45124	correct
1515443	1520011	4567	1	Staphylococcus_aureus_CACRZC010000001.1	scaffold_229	98.97		True
local misassembly
1494912	1515297	24949	4568	Staphylococcus_aureus_CACRZC010000001.1	scaffold_229	97.18		True
local misassembly
1483711	1494701	35956	24954	Staphylococcus_aureus_CACRZC010000001.1	scaffold_229	97.67		True
local misassembly
1480541	1483332	38748	35957	Staphylococcus_aureus_CACRZC010000001.1	scaffold_229	98.17		True
local misassembly
1473153	1480309	45855	38749	Staphylococcus_aureus_CACRZC010000001.1	scaffold_229	98.38		True
CONTIG	scaffold_229	45855	correct
2707001	2710112	3124	13	Staphylococcus_aureus_CACRZC010000001.1	scaffold_231	97.37		True
local misassembly
2694247	2706174	15292	3361	Staphylococcus_aureus_CACRZC010000001.1	scaffold_231	98.25		True
local misassembly
2683834	2693993	25703	15611	Staphylococcus_aureus_CACRZC010000001.1	scaffold_231	97.49		True
local misassembly
2681086	2683626	28244	25704	Staphylococcus_aureus_CACRZC010000001.1	scaffold_231	99.17		True
CONTIG	scaffold_231	28244	correct
2136120	2138008	1	1888	Staphylococcus_aureus_CACRZC010000001.1	scaffold_236	97.72		True
relocation, inconsistency = -1905
2138188	2140006	3973	5784	Staphylococcus_aureus_CACRZC010000001.1	scaffold_236	98.35		True
relocation, inconsistency = -2923
2140092	2147337	8793	16035	Staphylococcus_aureus_CACRZC010000001.1	scaffold_236	98.83		True
local misassembly
2148578	2156612	17277	25308	Staphylococcus_aureus_CACRZC010000001.1	scaffold_236	99.2		True
CONTIG	scaffold_236	25585	misassembled
1673569	1696712	23152	1	Staphylococcus_aureus_CACRZC010000001.1	scaffold_237	99.35		True
CONTIG	scaffold_237	23152	correct
2408567	2413732	5166	1	Staphylococcus_aureus_CACRZC010000001.1	scaffold_242	99.34		True
local misassembly
2401493	2408370	12044	5167	Staphylococcus_aureus_CACRZC010000001.1	scaffold_242	99.81		True
local misassembly
2387573	2401121	25589	12045	Staphylococcus_aureus_CACRZC010000001.1	scaffold_242	99.27		True
local misassembly
2382502	2387686	30773	25591	Staphylococcus_aureus_CACRZC010000001.1	scaffold_242	99.04		True
CONTIG	scaffold_242	30776	correct
2676160	2681093	4937	1	Staphylococcus_aureus_CACRZC010000001.1	scaffold_244	97.59		True
relocation, inconsistency = -1458
2663803	2676231	18749	6324	Staphylococcus_aureus_CACRZC010000001.1	scaffold_244	99.04		True
CONTIG	scaffold_244	18749	misassembled
803700	807048	3349	1	Staphylococcus_aureus_CACRZC010000001.1	scaffold_247	99.25		True
local misassembly
788955	803519	18102	3535	Staphylococcus_aureus_CACRZC010000001.1	scaffold_247	99.75		True
CONTIG	scaffold_247	18260	correct
2769265	2770975	1	1729	Staphylococcus_aureus_CACRZC010000001.1	scaffold_252	95.42		True
local misassembly
2770778	2782007	1730	12911	Staphylococcus_aureus_CACRZC010000001.1	scaffold_252	95.28		True
local misassembly
2783425	2786935	14332	17842	Staphylococcus_aureus_CACRZC010000001.1	scaffold_252	97.61		True
local misassembly
2787027	2790091	17843	20907	Staphylococcus_aureus_CACRZC010000001.1	scaffold_252	97.23		True
CONTIG	scaffold_252	20907	correct
2730902	2736104	5203	1	Staphylococcus_aureus_CACRZC010000001.1	scaffold_256	98.91		True
relocation, inconsistency = 2050
2720499	2728851	13565	5204	Staphylococcus_aureus_CACRZC010000001.1	scaffold_256	97.48		True
CONTIG	scaffold_256	17258	misassembled
623049	639754	1	16707	Staphylococcus_aureus_CACRZC010000001.1	scaffold_259	99.4		True
local misassembly
640030	649910	16708	26588	Staphylococcus_aureus_CACRZC010000001.1	scaffold_259	99.11		True
CONTIG	scaffold_259	27208	correct
664258	680333	1	16075	Staphylococcus_aureus_CACRZC010000001.1	scaffold_261	99.52		True
relocation, inconsistency = 1520
681854	682411	16076	16633	Staphylococcus_aureus_CACRZC010000001.1	scaffold_261	99.12		True
CONTIG	scaffold_261	16633	misassembled
1157943	1171173	13231	1	Staphylococcus_aureus_CACRZC010000001.1	scaffold_264	99.52		True
local misassembly
1154947	1157680	15966	13232	Staphylococcus_aureus_CACRZC010000001.1	scaffold_264	99.07		True
CONTIG	scaffold_264	15966	correct
2661392	2663072	1681	1	Staphylococcus_aureus_CACRZC010000001.1	scaffold_265	98.93		True
local misassembly
2647477	2661349	15893	2018	Staphylococcus_aureus_CACRZC010000001.1	scaffold_265	97.64		True
CONTIG	scaffold_265	15893	correct
2261005	2268068	1	7133	Staphylococcus_aureus_CACRZC010000001.1	scaffold_268	98.56		True
relocation, inconsistency = -1413
2269214	2275097	9692	15575	Staphylococcus_aureus_CACRZC010000001.1	scaffold_268	98.25		True
local misassembly
2275378	2279421	15576	19619	Staphylococcus_aureus_CACRZC010000001.1	scaffold_268	99.48		True
CONTIG	scaffold_268	19619	misassembled
2099603	2114560	1	14957	Staphylococcus_aureus_CACRZC010000001.1	scaffold_271	97.49		True
local misassembly
2114757	2115950	14958	16152	Staphylococcus_aureus_CACRZC010000001.1	scaffold_271	98.08		True
CONTIG	scaffold_271	16157	correct
2022450	2025488	3041	2	Staphylococcus_aureus_CACRZC010000001.1	scaffold_272	99.05		True
local misassembly
2007327	2022028	17743	3042	Staphylococcus_aureus_CACRZC010000001.1	scaffold_272	99.35		True
CONTIG	scaffold_272	17743	correct
917182	919607	1	2426	Staphylococcus_aureus_CACRZC010000001.1	scaffold_273	99.67		True
local misassembly
919852	931983	2591	14722	Staphylococcus_aureus_CACRZC010000001.1	scaffold_273	99.11		True
local misassembly
932178	933936	14723	16481	Staphylococcus_aureus_CACRZC010000001.1	scaffold_273	99.26		True
CONTIG	scaffold_273	16481	correct
423700	433093	33170	23778	Staphylococcus_aureus_CACRZC010000001.1	scaffold_274	98.69		True
CONTIG	scaffold_274	33170	correct_unaligned
873126	878869	5820	1	Staphylococcus_aureus_CACRZC010000001.1	scaffold_280	99.48		True
CONTIG	scaffold_280	19448	correct_unaligned
376094	390110	14068	1	Staphylococcus_aureus_CACRZC010000001.1	scaffold_281	98.39		True
local misassembly
373114	375817	16772	14069	Staphylococcus_aureus_CACRZC010000001.1	scaffold_281	97.53		True
local misassembly
365940	372762	23601	16773	Staphylococcus_aureus_CACRZC010000001.1	scaffold_281	96.59		True
CONTIG	scaffold_281	25691	correct
1200656	1214694	1	14037	Staphylococcus_aureus_CACRZC010000001.1	scaffold_282	99.54		True
CONTIG	scaffold_282	14037	correct
2156612	2159726	10918	14032	Staphylococcus_aureus_CACRZC010000001.1	scaffold_283	99.71		True
CONTIG	scaffold_283	14032	correct_unaligned
309086	313836	4759	1	Staphylococcus_aureus_CACRZC010000001.1	scaffold_285	98.09		True
local misassembly
308103	308736	5396	4763	Staphylococcus_aureus_CACRZC010000001.1	scaffold_285	98.11		True
local misassembly
306869	307843	6628	5656	Staphylococcus_aureus_CACRZC010000001.1	scaffold_285	95.8		True
relocation, inconsistency = -2750
297966	306936	18286	9311	Staphylococcus_aureus_CACRZC010000001.1	scaffold_285	98.42		True
CONTIG	scaffold_285	18286	misassembled
1151506	1154027	2522	1	Staphylococcus_aureus_CACRZC010000001.1	scaffold_286	99.76		True
local misassembly
1144402	1151409	9530	2523	Staphylococcus_aureus_CACRZC010000001.1	scaffold_286	99.66		True
relocation, inconsistency = 43167
1094497	1101234	16268	9531	Staphylococcus_aureus_CACRZC010000001.1	scaffold_286	99.76		True
CONTIG	scaffold_286	16268	misassembled
856880	867495	10610	3	Staphylococcus_aureus_CACRZC010000001.1	scaffold_287	98.74		True
local misassembly
854212	856686	13252	10765	Staphylococcus_aureus_CACRZC010000001.1	scaffold_287	96.28		True
CONTIG	scaffold_287	14869	correct
1900532	1905107	4669	97	Staphylococcus_aureus_CACRZC010000001.1	scaffold_289	99.58		True
local misassembly
1887267	1900375	17778	4670	Staphylococcus_aureus_CACRZC010000001.1	scaffold_289	98.25		True
CONTIG	scaffold_289	17778	correct
1076017	1089265	13252	1	Staphylococcus_aureus_CACRZC010000001.1	scaffold_290	99.58		True
CONTIG	scaffold_290	13252	correct
2858523	2859032	1298	789	Staphylococcus_aureus_CACRZC010000001.1	scaffold_292	99.22		True
relocation, inconsistency = -3249
2855359	2858351	7711	4719	Staphylococcus_aureus_CACRZC010000001.1	scaffold_292	95.89		True
local misassembly
2852370	2853624	10880	9626	Staphylococcus_aureus_CACRZC010000001.1	scaffold_292	95.62		True
indel: indel (<= 5bp)
2850440	2852320	12811	10931	Staphylococcus_aureus_CACRZC010000001.1	scaffold_292	95.59		True
indel: indel (<= 5bp)
2850259	2850394	12989	12854	Staphylococcus_aureus_CACRZC010000001.1	scaffold_292	95.59		True
CONTIG	scaffold_292	13131	misassembled
710470	718536	1	8067	Staphylococcus_aureus_CACRZC010000001.1	scaffold_300	99.18		True
local misassembly
718906	730974	8068	20274	Staphylococcus_aureus_CACRZC010000001.1	scaffold_300	98.26		True
CONTIG	scaffold_300	20274	correct
544055	546654	2600	1	Staphylococcus_aureus_CACRZC010000001.1	scaffold_301	99.38		True
local misassembly
531382	543807	15033	2601	Staphylococcus_aureus_CACRZC010000001.1	scaffold_301	99.57		True
local misassembly
529775	531164	16423	15034	Staphylococcus_aureus_CACRZC010000001.1	scaffold_301	99.5		True
CONTIG	scaffold_301	16423	correct
281957	294442	1	12488	Staphylococcus_aureus_CACRZC010000001.1	scaffold_303	98.3		True
CONTIG	scaffold_303	12488	correct
1261488	1273759	12272	1	Staphylococcus_aureus_CACRZC010000001.1	scaffold_305	99.27		True
CONTIG	scaffold_305	12272	correct
1952758	1954090	6323	7655	Staphylococcus_aureus_CACRZC010000001.1	scaffold_306	99.4		True
local misassembly
1954313	1957255	7656	10585	Staphylococcus_aureus_CACRZC010000001.1	scaffold_306	96.67		True
relocation, inconsistency = 7285
1965312	1965646	11357	11691	Staphylococcus_aureus_CACRZC010000001.1	scaffold_306	95.82		True
indel: indel (<= 5bp)
1965650	1966287	11692	12329	Staphylococcus_aureus_CACRZC010000001.1	scaffold_306	99.06		True
local misassembly
1966490	1967952	12602	14064	Staphylococcus_aureus_CACRZC010000001.1	scaffold_306	98.84		True
indel: stretch of mismatches
1967960	1968421	14072	14533	Staphylococcus_aureus_CACRZC010000001.1	scaffold_306	96.33		True
local misassembly
1968730	1980664	14534	26466	Staphylococcus_aureus_CACRZC010000001.1	scaffold_306	99.38		True
CONTIG	scaffold_306	26466	misassembled
2832635	2844710	2	12075	Staphylococcus_aureus_CACRZC010000001.1	scaffold_308	97.29		True
CONTIG	scaffold_308	12075	correct
1376523	1388481	1	11960	Staphylococcus_aureus_CACRZC010000001.1	scaffold_311	99.22		True
local misassembly
1388824	1390271	11961	13408	Staphylococcus_aureus_CACRZC010000001.1	scaffold_311	99.79		True
local misassembly
1390547	1394440	13409	17302	Staphylococcus_aureus_CACRZC010000001.1	scaffold_311	99.82		True
local misassembly
1394586	1396823	17303	19540	Staphylococcus_aureus_CACRZC010000001.1	scaffold_311	99.73		True
local misassembly
1397025	1404651	19541	27114	Staphylococcus_aureus_CACRZC010000001.1	scaffold_311	98.95		True
local misassembly
1405021	1408257	27115	30351	Staphylococcus_aureus_CACRZC010000001.1	scaffold_311	99.38		True
CONTIG	scaffold_311	30351	correct
2369493	2376720	1	7241	Staphylococcus_aureus_CACRZC010000001.1	scaffold_312	99.39		True
local misassembly
2376987	2381607	7272	11895	Staphylococcus_aureus_CACRZC010000001.1	scaffold_312	98.85		True
CONTIG	scaffold_312	11895	correct
686984	698691	11710	1	Staphylococcus_aureus_CACRZC010000001.1	scaffold_313	99.73		True
CONTIG	scaffold_313	11710	correct
596807	611764	1	14936	Staphylococcus_aureus_CACRZC010000001.1	scaffold_314	98.36		True
local misassembly
612206	613797	15378	16969	Staphylococcus_aureus_CACRZC010000001.1	scaffold_314	99.75		True
CONTIG	scaffold_314	16969	correct
2806239	2807976	1	1779	Staphylococcus_aureus_CACRZC010000001.1	scaffold_315	95.17		True
relocation, inconsistency = 1012
2815887	2818844	8678	11631	Staphylococcus_aureus_CACRZC010000001.1	scaffold_315	96.15		True
local misassembly
2819044	2821696	11636	14282	Staphylococcus_aureus_CACRZC010000001.1	scaffold_315	97.4		True
CONTIG	scaffold_315	14282	misassembled
1905404	1915062	117	9776	Staphylococcus_aureus_CACRZC010000001.1	scaffold_318	99.41		True
local misassembly
1915142	1916211	10476	11545	Staphylococcus_aureus_CACRZC010000001.1	scaffold_318	99.63		True
CONTIG	scaffold_318	11545	correct
1032149	1043644	11437	1	Staphylococcus_aureus_CACRZC010000001.1	scaffold_319	99.06		True
CONTIG	scaffold_319	11437	correct
1374032	1376436	2405	1	Staphylococcus_aureus_CACRZC010000001.1	scaffold_321	99.75		True
local misassembly
1369615	1373903	6694	2406	Staphylococcus_aureus_CACRZC010000001.1	scaffold_321	99.86		True
local misassembly
1358262	1369305	17736	6695	Staphylococcus_aureus_CACRZC010000001.1	scaffold_321	99.67		True
local misassembly
1356406	1358119	19450	17737	Staphylococcus_aureus_CACRZC010000001.1	scaffold_321	98.31		True
local misassembly
1354974	1356205	20683	19451	Staphylococcus_aureus_CACRZC010000001.1	scaffold_321	98.14		True
CONTIG	scaffold_321	20683	correct
1233386	1244719	1	11334	Staphylococcus_aureus_CACRZC010000001.1	scaffold_322	99.59		True
local misassembly
1244831	1250703	11335	17207	Staphylococcus_aureus_CACRZC010000001.1	scaffold_322	99.69		True
local misassembly
1250950	1254614	17208	20872	Staphylococcus_aureus_CACRZC010000001.1	scaffold_322	99.43		True
CONTIG	scaffold_322	20872	correct
1135025	1135915	4811	5701	Staphylococcus_aureus_CACRZC010000001.1	scaffold_325	95.17		True
unknown
1137242	1137778	7034	7570	Staphylococcus_aureus_CACRZC010000001.1	scaffold_325	96.09		True
unknown
1140786	1140969	10626	10809	Staphylococcus_aureus_CACRZC010000001.1	scaffold_325	95.65		True
unknown
1141076	1141377	10915	11216	Staphylococcus_aureus_CACRZC010000001.1	scaffold_325	99.01		True
unknown
CONTIG	scaffold_325	11216	mis_unaligned
152155	163264	1	11141	Staphylococcus_aureus_CACRZC010000001.1	scaffold_326	98.16		True
CONTIG	scaffold_326	11141	correct
433086	440486	3698	11091	Staphylococcus_aureus_CACRZC010000001.1	scaffold_327	97.49		True
CONTIG	scaffold_327	11091	correct
2501253	2501679	1	427	Staphylococcus_aureus_CACRZC010000001.1	scaffold_328	98.83		True
local misassembly
2501806	2501925	579	698	Staphylococcus_aureus_CACRZC010000001.1	scaffold_328	97.5		True
indel: indel (> 5bp)
2501926	2503898	760	2732	Staphylococcus_aureus_CACRZC010000001.1	scaffold_328	99.7		True
indel: indel (<= 5bp)
2503899	2505239	2734	4074	Staphylococcus_aureus_CACRZC010000001.1	scaffold_328	99.48		True
local misassembly
2505350	2520824	4075	19528	Staphylococcus_aureus_CACRZC010000001.1	scaffold_328	98.27		True
CONTIG	scaffold_328	19528	correct
2476911	2487476	1	10580	Staphylococcus_aureus_CACRZC010000001.1	scaffold_329	99.46		True
local misassembly
2487673	2491724	10581	14632	Staphylococcus_aureus_CACRZC010000001.1	scaffold_329	99.19		True
CONTIG	scaffold_329	14632	correct
449540	451336	1	1797	Staphylococcus_aureus_CACRZC010000001.1	scaffold_333	99.72		True
local misassembly
452320	452589	2796	3065	Staphylococcus_aureus_CACRZC010000001.1	scaffold_333	95.19		True
local misassembly
453393	453465	3865	3937	Staphylococcus_aureus_CACRZC010000001.1	scaffold_333	98.63		True
indel: indel (<= 5bp)
453467	454009	3938	4480	Staphylococcus_aureus_CACRZC010000001.1	scaffold_333	97.05		True
relocation, inconsistency = 6602
460950	461960	4819	5830	Staphylococcus_aureus_CACRZC010000001.1	scaffold_333	95.95		True
local misassembly
462698	466518	6571	10392	Staphylococcus_aureus_CACRZC010000001.1	scaffold_333	97.51		True
CONTIG	scaffold_333	10392	misassembled
1540808	1551160	1	10353	Staphylococcus_aureus_CACRZC010000001.1	scaffold_334	97.49		True
CONTIG	scaffold_334	10353	correct
2211524	2213168	1	1645	Staphylococcus_aureus_CACRZC010000001.1	scaffold_335	99.22		True
local misassembly
2213269	2221970	1646	10346	Staphylococcus_aureus_CACRZC010000001.1	scaffold_335	99.55		True
CONTIG	scaffold_335	10346	correct
51473	53081	2427	819	Staphylococcus_aureus_CACRZC010000001.1	scaffold_336	99.75		True
local misassembly
41996	51330	11765	2428	Staphylococcus_aureus_CACRZC010000001.1	scaffold_336	99.88		True
local misassembly
41902	41996	12576	12482	Staphylococcus_aureus_CACRZC010000001.1	scaffold_336	100.0		True
CONTIG	scaffold_336	12576	correct
2746869	2757056	1	10243	Staphylococcus_aureus_CACRZC010000001.1	scaffold_337	98.19		True
CONTIG	scaffold_337	10243	correct
1719081	1719344	693	430	Staphylococcus_aureus_CACRZC010000001.1	scaffold_339	97.35		True
local misassembly
1709271	1718700	10153	724	Staphylococcus_aureus_CACRZC010000001.1	scaffold_339	99.13		True
CONTIG	scaffold_339	10153	correct
1808112	1818073	1	9962	Staphylococcus_aureus_CACRZC010000001.1	scaffold_340	99.67		True
CONTIG	scaffold_340	10074	correct
2595424	2598126	1	2700	Staphylococcus_aureus_CACRZC010000001.1	scaffold_341	97.6		True
local misassembly
2598990	2603424	3505	7936	Staphylococcus_aureus_CACRZC010000001.1	scaffold_341	96.28		True
local misassembly
2604114	2606223	7937	10047	Staphylococcus_aureus_CACRZC010000001.1	scaffold_341	96.76		True
relocation, inconsistency = 4584
2611048	2621899	10288	21102	Staphylococcus_aureus_CACRZC010000001.1	scaffold_341	96.87		True
CONTIG	scaffold_341	21102	misassembled
807070	816842	1	9773	Staphylococcus_aureus_CACRZC010000001.1	scaffold_343	99.51		True
CONTIG	scaffold_343	9773	correct
1785447	1792182	1	6736	Staphylococcus_aureus_CACRZC010000001.1	scaffold_344	99.76		True
local misassembly
1792462	1802040	6737	16315	Staphylococcus_aureus_CACRZC010000001.1	scaffold_344	99.6		True
local misassembly
1802292	1807746	16316	21769	Staphylococcus_aureus_CACRZC010000001.1	scaffold_344	99.4		True
CONTIG	scaffold_344	21769	correct
131268	140954	44	9727	Staphylococcus_aureus_CACRZC010000001.1	scaffold_345	98.05		True
CONTIG	scaffold_345	9727	correct
1043643	1053465	9632	1	Staphylococcus_aureus_CACRZC010000001.1	scaffold_347	97.47		True
CONTIG	scaffold_347	9632	correct
2075980	2080015	1	4036	Staphylococcus_aureus_CACRZC010000001.1	scaffold_348	99.58		True
local misassembly
2080126	2087119	4037	11080	Staphylococcus_aureus_CACRZC010000001.1	scaffold_348	98.94		True
local misassembly
2087035	2089312	11311	13594	Staphylococcus_aureus_CACRZC010000001.1	scaffold_348	96.37		True
CONTIG	scaffold_348	13594	correct
818026	827693	1	9549	Staphylococcus_aureus_CACRZC010000001.1	scaffold_349	97.91		True
CONTIG	scaffold_349	9549	correct
1654924	1664443	1	9520	Staphylococcus_aureus_CACRZC010000001.1	scaffold_350	99.49		True
CONTIG	scaffold_350	9520	correct
148584	150689	2106	1	Staphylococcus_aureus_CACRZC010000001.1	scaffold_351	97.82		True
local misassembly
141043	148404	9496	2196	Staphylococcus_aureus_CACRZC010000001.1	scaffold_351	96.35		True
CONTIG	scaffold_351	9496	correct
587379	596825	1	9447	Staphylococcus_aureus_CACRZC010000001.1	scaffold_352	99.82		True
CONTIG	scaffold_352	9447	correct
508377	517663	1	9267	Staphylococcus_aureus_CACRZC010000001.1	scaffold_354	99.52		True
local misassembly
517911	522512	9268	13869	Staphylococcus_aureus_CACRZC010000001.1	scaffold_354	99.54		True
CONTIG	scaffold_354	13869	correct
264956	270316	2	5363	Staphylococcus_aureus_CACRZC010000001.1	scaffold_356	97.97		True
local misassembly
270526	274116	5364	8954	Staphylococcus_aureus_CACRZC010000001.1	scaffold_356	98.44		True
local misassembly
274157	278683	9808	14329	Staphylococcus_aureus_CACRZC010000001.1	scaffold_356	97.35		True
CONTIG	scaffold_356	14332	correct
1768592	1772057	3	3443	Staphylococcus_aureus_CACRZC010000001.1	scaffold_359	99.28		True
local misassembly
1772326	1774039	3444	5157	Staphylococcus_aureus_CACRZC010000001.1	scaffold_359	97.73		True
local misassembly
1774409	1775298	5158	6047	Staphylococcus_aureus_CACRZC010000001.1	scaffold_359	100.0		True
local misassembly
1775505	1784268	6048	14811	Staphylococcus_aureus_CACRZC010000001.1	scaffold_359	99.7		True
CONTIG	scaffold_359	14811	correct
1180236	1181434	1294	96	Staphylococcus_aureus_CACRZC010000001.1	scaffold_363	99.25		True
relocation, inconsistency = 1520
1171161	1178715	8965	1295	Staphylococcus_aureus_CACRZC010000001.1	scaffold_363	97.2		True
CONTIG	scaffold_363	8965	misassembled
1819836	1828717	8926	45	Staphylococcus_aureus_CACRZC010000001.1	scaffold_364	98.94		True
CONTIG	scaffold_364	8926	correct
2181973	2193986	1	12014	Staphylococcus_aureus_CACRZC010000001.1	scaffold_369	99.51		True
CONTIG	scaffold_369	12014	correct
1191654	1200203	1	8550	Staphylococcus_aureus_CACRZC010000001.1	scaffold_370	99.72		True
CONTIG	scaffold_370	8550	correct
313830	317778	1	3949	Staphylococcus_aureus_CACRZC010000001.1	scaffold_372	98.23		True
local misassembly
318149	326225	3950	12025	Staphylococcus_aureus_CACRZC010000001.1	scaffold_372	98.69		True
CONTIG	scaffold_372	12025	correct
1987871	1991414	1	3551	Staphylococcus_aureus_CACRZC010000001.1	scaffold_373	98.37		True
local misassembly
1991400	1996064	3769	8432	Staphylococcus_aureus_CACRZC010000001.1	scaffold_373	99.49		True
local misassembly
1996220	1998105	8433	10318	Staphylococcus_aureus_CACRZC010000001.1	scaffold_373	99.68		True
local misassembly
1998197	1998293	10319	10415	Staphylococcus_aureus_CACRZC010000001.1	scaffold_373	100.0		True
CONTIG	scaffold_373	10415	correct
1324279	1325718	1440	1	Staphylococcus_aureus_CACRZC010000001.1	scaffold_374	99.79		True
local misassembly
1311169	1324084	14309	1441	Staphylococcus_aureus_CACRZC010000001.1	scaffold_374	99.09		True
local misassembly
1304736	1310922	20496	14310	Staphylococcus_aureus_CACRZC010000001.1	scaffold_374	99.14		True
local misassembly
1298662	1304398	26233	20497	Staphylococcus_aureus_CACRZC010000001.1	scaffold_374	99.65		True
local misassembly
1296570	1298471	28135	26234	Staphylococcus_aureus_CACRZC010000001.1	scaffold_374	98.69		True
local misassembly
1291071	1296346	33411	28136	Staphylococcus_aureus_CACRZC010000001.1	scaffold_374	99.13		True
local misassembly
1286748	1290862	37526	33412	Staphylococcus_aureus_CACRZC010000001.1	scaffold_374	99.39		True
local misassembly
1281958	1286525	42089	37527	Staphylococcus_aureus_CACRZC010000001.1	scaffold_374	99.56		True
local misassembly
1273825	1281855	50112	42090	Staphylococcus_aureus_CACRZC010000001.1	scaffold_374	99.35		True
CONTIG	scaffold_374	50112	correct
1450304	1451536	1356	124	Staphylococcus_aureus_CACRZC010000001.1	scaffold_375	99.92		True
local misassembly
1448753	1450178	2781	1357	Staphylococcus_aureus_CACRZC010000001.1	scaffold_375	99.86		True
local misassembly
1440382	1448660	11060	2782	Staphylococcus_aureus_CACRZC010000001.1	scaffold_375	99.32		True
CONTIG	scaffold_375	11060	correct
122483	130798	1	8316	Staphylococcus_aureus_CACRZC010000001.1	scaffold_378	97.28		True
CONTIG	scaffold_378	8316	correct
1334753	1343040	10	8287	Staphylococcus_aureus_CACRZC010000001.1	scaffold_379	99.36		True
CONTIG	scaffold_379	8287	correct
1529270	1537533	1	8264	Staphylococcus_aureus_CACRZC010000001.1	scaffold_381	99.31		True
local misassembly
1537778	1540083	8265	10568	Staphylococcus_aureus_CACRZC010000001.1	scaffold_381	98.96		True
CONTIG	scaffold_381	10568	correct
835973	844226	1	8255	Staphylococcus_aureus_CACRZC010000001.1	scaffold_382	98.59		True
local misassembly
844422	845743	8256	9577	Staphylococcus_aureus_CACRZC010000001.1	scaffold_382	97.88		True
CONTIG	scaffold_382	9577	correct
2473940	2476012	2076	1	Staphylococcus_aureus_CACRZC010000001.1	scaffold_385	99.52		True
local misassembly
2465801	2473797	10073	2077	Staphylococcus_aureus_CACRZC010000001.1	scaffold_385	99.02		True
CONTIG	scaffold_385	10073	correct
1055138	1063065	172	8099	Staphylococcus_aureus_CACRZC010000001.1	scaffold_387	99.45		True
CONTIG	scaffold_387	8099	correct
2027703	2035712	8069	1	Staphylococcus_aureus_CACRZC010000001.1	scaffold_388	98.87		True
local misassembly
2025472	2027394	9992	8070	Staphylococcus_aureus_CACRZC010000001.1	scaffold_388	99.38		True
CONTIG	scaffold_388	9992	correct
2035626	2043658	1	8032	Staphylococcus_aureus_CACRZC010000001.1	scaffold_389	99.6		True
CONTIG	scaffold_389	8038	correct
1622874	1627418	1	4548	Staphylococcus_aureus_CACRZC010000001.1	scaffold_390	99.05		True
local misassembly
1627556	1632016	4549	9010	Staphylococcus_aureus_CACRZC010000001.1	scaffold_390	99.55		True
local misassembly
1632218	1634293	9011	11086	Staphylococcus_aureus_CACRZC010000001.1	scaffold_390	98.12		True
relocation, inconsistency = 1781
1636185	1641821	11197	16833	Staphylococcus_aureus_CACRZC010000001.1	scaffold_390	98.95		True
local misassembly
1642093	1643939	16838	18684	Staphylococcus_aureus_CACRZC010000001.1	scaffold_390	99.3		True
local misassembly
1644045	1646710	18685	21350	Staphylococcus_aureus_CACRZC010000001.1	scaffold_390	99.51		True
CONTIG	scaffold_390	21350	misassembled
2761251	2769239	8006	1	Staphylococcus_aureus_CACRZC010000001.1	scaffold_392	97.99		True
local misassembly
2759461	2761099	9651	8016	Staphylococcus_aureus_CACRZC010000001.1	scaffold_392	98.6		True
CONTIG	scaffold_392	9651	correct
364984	365957	2	975	Staphylococcus_aureus_CACRZC010000001.1	scaffold_393	97.33		True
unknown
1105439	1105902	6030	6493	Staphylococcus_aureus_CACRZC010000001.1	scaffold_393	96.98		True
unknown
1107550	1107730	7778	7958	Staphylococcus_aureus_CACRZC010000001.1	scaffold_393	98.34		True
unknown
CONTIG	scaffold_393	7958	mis_unaligned
1751775	1757477	1	5703	Staphylococcus_aureus_CACRZC010000001.1	scaffold_395	99.56		True
local misassembly
1757675	1760722	5704	8751	Staphylococcus_aureus_CACRZC010000001.1	scaffold_395	99.61		True
local misassembly
1760943	1768687	8752	16430	Staphylococcus_aureus_CACRZC010000001.1	scaffold_395	98.25		True
CONTIG	scaffold_395	16430	correct
2635041	2640635	1	5596	Staphylococcus_aureus_CACRZC010000001.1	scaffold_396	98.05		True
local misassembly
2640792	2645711	5597	10516	Staphylococcus_aureus_CACRZC010000001.1	scaffold_396	98.76		True
relocation, inconsistency = -1628
2645798	2646897	12231	13330	Staphylococcus_aureus_CACRZC010000001.1	scaffold_396	98.27		True
CONTIG	scaffold_396	13330	misassembled
1003243	1005891	1	2649	Staphylococcus_aureus_CACRZC010000001.1	scaffold_397	99.09		True
relocation, inconsistency = -1775
1005905	1009348	4438	7870	Staphylococcus_aureus_CACRZC010000001.1	scaffold_397	98.69		True
CONTIG	scaffold_397	7870	misassembled
1665039	1672888	1	7850	Staphylococcus_aureus_CACRZC010000001.1	scaffold_398	99.71		True
CONTIG	scaffold_398	7850	correct
1521592	1529281	7690	1	Staphylococcus_aureus_CACRZC010000001.1	scaffold_402	99.54		True
CONTIG	scaffold_402	7690	correct
2492298	2499953	1	7657	Staphylococcus_aureus_CACRZC010000001.1	scaffold_403	99.7		True
CONTIG	scaffold_403	7657	correct
2631477	2631698	222	1	Staphylococcus_aureus_CACRZC010000001.1	scaffold_404	95.05		True
indel: indel (> 5bp)
2630650	2631334	977	293	Staphylococcus_aureus_CACRZC010000001.1	scaffold_404	96.5		True
indel: indel (<= 5bp)
2630339	2630649	1289	979	Staphylococcus_aureus_CACRZC010000001.1	scaffold_404	96.14		True
local misassembly
2629976	2630139	1453	1290	Staphylococcus_aureus_CACRZC010000001.1	scaffold_404	96.97		True
local misassembly
2622635	2628780	8732	2616	Staphylococcus_aureus_CACRZC010000001.1	scaffold_404	96.88		True
CONTIG	scaffold_404	8732	correct
1024890	1032130	7241	1	Staphylococcus_aureus_CACRZC010000001.1	scaffold_405	99.68		True
local misassembly
1018988	1024751	13025	7262	Staphylococcus_aureus_CACRZC010000001.1	scaffold_405	99.62		True
local misassembly
1016572	1018308	14744	13026	Staphylococcus_aureus_CACRZC010000001.1	scaffold_405	97.43		True
CONTIG	scaffold_405	14744	correct
2199465	2202131	1	2684	Staphylococcus_aureus_CACRZC010000001.1	scaffold_407	98.99		True
relocation, inconsistency = 1520
2203652	2203878	2685	2911	Staphylococcus_aureus_CACRZC010000001.1	scaffold_407	99.57		True
local misassembly
2204036	2211455	2914	10333	Staphylococcus_aureus_CACRZC010000001.1	scaffold_407	99.78		True
CONTIG	scaffold_407	10333	misassembled
1849977	1857515	1	7539	Staphylococcus_aureus_CACRZC010000001.1	scaffold_408	99.73		True
CONTIG	scaffold_408	7539	correct
1939100	1939626	2984	2458	Staphylococcus_aureus_CACRZC010000001.1	scaffold_410	97.15		True
local misassembly
1938522	1938873	3754	3403	Staphylococcus_aureus_CACRZC010000001.1	scaffold_410	96.31		True
relocation, inconsistency = -1112
1929338	1937982	13981	5406	Staphylococcus_aureus_CACRZC010000001.1	scaffold_410	97.18		True
local misassembly
1929019	1929187	14175	14007	Staphylococcus_aureus_CACRZC010000001.1	scaffold_410	98.22		True
CONTIG	scaffold_410	14271	misassembled
1184208	1191695	7495	1	Staphylococcus_aureus_CACRZC010000001.1	scaffold_411	99.31		True
local misassembly
1182598	1183930	8828	7496	Staphylococcus_aureus_CACRZC010000001.1	scaffold_411	99.7		True
CONTIG	scaffold_411	8828	correct
19778	23919	1	4142	Staphylococcus_aureus_CACRZC010000001.1	scaffold_412	98.48		True
local misassembly
24171	27243	4381	7453	Staphylococcus_aureus_CACRZC010000001.1	scaffold_412	99.15		True
CONTIG	scaffold_412	7453	correct
2520842	2524287	1	3445	Staphylococcus_aureus_CACRZC010000001.1	scaffold_413	99.33		True
local misassembly
2524571	2531759	3446	10637	Staphylococcus_aureus_CACRZC010000001.1	scaffold_413	99.5		True
CONTIG	scaffold_413	10637	correct
1733920	1737067	6	3153	Staphylococcus_aureus_CACRZC010000001.1	scaffold_414	99.47		True
local misassembly
1737301	1741590	3154	7443	Staphylococcus_aureus_CACRZC010000001.1	scaffold_414	99.14		True
local misassembly
1741696	1743879	7444	9627	Staphylococcus_aureus_CACRZC010000001.1	scaffold_414	99.36		True
CONTIG	scaffold_414	9627	correct
1871876	1886504	1	14634	Staphylococcus_aureus_CACRZC010000001.1	scaffold_416	99.64		True
CONTIG	scaffold_416	14634	correct
1944222	1944475	1	254	Staphylococcus_aureus_CACRZC010000001.1	scaffold_417	96.46		True
local misassembly
1945200	1949766	969	5535	Staphylococcus_aureus_CACRZC010000001.1	scaffold_417	98.99		True
local misassembly
1950154	1950903	5908	6658	Staphylococcus_aureus_CACRZC010000001.1	scaffold_417	98.27		True
CONTIG	scaffold_417	7377	correct
574549	576964	1	2416	Staphylococcus_aureus_CACRZC010000001.1	scaffold_419	99.63		True
local misassembly
577099	579382	2417	4700	Staphylococcus_aureus_CACRZC010000001.1	scaffold_419	99.87		True
local misassembly
579533	586644	4701	11813	Staphylococcus_aureus_CACRZC010000001.1	scaffold_419	99.85		True
CONTIG	scaffold_419	11813	correct
1858459	1860313	1	1855	Staphylococcus_aureus_CACRZC010000001.1	scaffold_421	99.14		True
fake: scaffold gap size wrong estimation (local)
1860790	1871426	1988	12561	Staphylococcus_aureus_CACRZC010000001.1	scaffold_421	98.59		True
CONTIG	scaffold_421	12561	correct
1646704	1653967	1	7264	Staphylococcus_aureus_CACRZC010000001.1	scaffold_422	99.67		True
CONTIG	scaffold_422	7264	correct
2169270	2176356	7146	61	Staphylococcus_aureus_CACRZC010000001.1	scaffold_427	98.94		True
CONTIG	scaffold_427	7146	correct
1615973	1622886	1	6915	Staphylococcus_aureus_CACRZC010000001.1	scaffold_431	99.22		True
CONTIG	scaffold_431	6915	correct
569873	572773	2899	1	Staphylococcus_aureus_CACRZC010000001.1	scaffold_434	99.38		True
local misassembly
563056	569626	9471	2901	Staphylococcus_aureus_CACRZC010000001.1	scaffold_434	99.74		True
CONTIG	scaffold_434	9471	correct
2447464	2454317	1	6794	Staphylococcus_aureus_CACRZC010000001.1	scaffold_435	98.92		True
CONTIG	scaffold_435	6794	correct
2715038	2720501	9172	3705	Staphylococcus_aureus_CACRZC010000001.1	scaffold_436	98.48		True
CONTIG	scaffold_436	9172	correct
1983134	1987581	4448	1	Staphylococcus_aureus_CACRZC010000001.1	scaffold_438	99.44		True
local misassembly
1980683	1982977	6743	4449	Staphylococcus_aureus_CACRZC010000001.1	scaffold_438	99.54		True
CONTIG	scaffold_438	6743	correct
2127056	2128048	993	1	Staphylococcus_aureus_CACRZC010000001.1	scaffold_440	98.89		True
local misassembly
2126160	2126820	1886	1226	Staphylococcus_aureus_CACRZC010000001.1	scaffold_440	99.7		True
local misassembly
2124454	2124664	4042	3832	Staphylococcus_aureus_CACRZC010000001.1	scaffold_440	98.58		True
local misassembly
2117871	2124108	10281	4043	Staphylococcus_aureus_CACRZC010000001.1	scaffold_440	99.71		True
CONTIG	scaffold_440	10281	correct
113188	115897	1	2710	Staphylococcus_aureus_CACRZC010000001.1	scaffold_441	97.02		True
relocation, inconsistency = 2395
118293	122162	2711	6508	Staphylococcus_aureus_CACRZC010000001.1	scaffold_441	97.29		True
local misassembly
122337	122497	6509	6669	Staphylococcus_aureus_CACRZC010000001.1	scaffold_441	96.41		True
CONTIG	scaffold_441	6669	misassembled
878924	883939	1	5013	Staphylococcus_aureus_CACRZC010000001.1	scaffold_442	98.64		True
local misassembly
884111	885738	5014	6641	Staphylococcus_aureus_CACRZC010000001.1	scaffold_442	99.71		True
CONTIG	scaffold_442	6641	correct
2440270	2446897	6629	1	Staphylococcus_aureus_CACRZC010000001.1	scaffold_443	98.85		True
local misassembly
2437968	2440049	8711	6630	Staphylococcus_aureus_CACRZC010000001.1	scaffold_443	98.7		True
CONTIG	scaffold_443	8711	correct
2098361	2098939	579	1	Staphylococcus_aureus_CACRZC010000001.1	scaffold_446	99.65		True
local misassembly
2095765	2097951	3175	989	Staphylococcus_aureus_CACRZC010000001.1	scaffold_446	99.54		True
local misassembly
2092332	2094684	6467	4114	Staphylococcus_aureus_CACRZC010000001.1	scaffold_446	98.98		True
CONTIG	scaffold_446	6467	correct
2740403	2746862	1	6461	Staphylococcus_aureus_CACRZC010000001.1	scaffold_447	98.39		True
CONTIG	scaffold_447	6461	correct
441146	441275	10	139	Staphylococcus_aureus_CACRZC010000001.1	scaffold_448	96.92		True
indel: indel (<= 5bp)
441276	441790	141	655	Staphylococcus_aureus_CACRZC010000001.1	scaffold_448	97.09		True
indel: indel (> 5bp)
441791	442063	707	979	Staphylococcus_aureus_CACRZC010000001.1	scaffold_448	95.97		True
indel: indel (<= 5bp)
442067	442447	980	1360	Staphylococcus_aureus_CACRZC010000001.1	scaffold_448	97.11		True
indel: indel (> 5bp)
442448	443736	1387	2675	Staphylococcus_aureus_CACRZC010000001.1	scaffold_448	97.75		True
relocation, inconsistency = -1117
443663	447701	3719	7763	Staphylococcus_aureus_CACRZC010000001.1	scaffold_448	96.54		True
CONTIG	scaffold_448	7763	misassembled
27224	33603	6	6384	Staphylococcus_aureus_CACRZC010000001.1	scaffold_449	97.26		True
CONTIG	scaffold_449	6388	correct
2280358	2286562	6310	1	Staphylococcus_aureus_CACRZC010000001.1	scaffold_455	96.39		True
CONTIG	scaffold_455	6310	correct
1116672	1117162	12289	11799	Staphylococcus_aureus_CACRZC010000001.1	scaffold_459	96.95		True
unknown
1115765	1116129	13179	12815	Staphylococcus_aureus_CACRZC010000001.1	scaffold_459	98.63		True
unknown
1114156	1114241	14776	14691	Staphylococcus_aureus_CACRZC010000001.1	scaffold_459	96.51		True
unknown
CONTIG	scaffold_459	14788	mis_unaligned
700340	710473	1	10119	Staphylococcus_aureus_CACRZC010000001.1	scaffold_462	99.39		True
CONTIG	scaffold_462	10119	correct
616977	623065	6038	1	Staphylococcus_aureus_CACRZC010000001.1	scaffold_464	97.57		True
CONTIG	scaffold_464	6038	correct
1743891	1749887	1	5997	Staphylococcus_aureus_CACRZC010000001.1	scaffold_468	99.67		True
CONTIG	scaffold_468	5997	correct
416776	422767	5974	1	Staphylococcus_aureus_CACRZC010000001.1	scaffold_469	98.2		True
local misassembly
412737	416579	9806	5975	Staphylococcus_aureus_CACRZC010000001.1	scaffold_469	97.69		True
local misassembly
411273	412556	11163	9891	Staphylococcus_aureus_CACRZC010000001.1	scaffold_469	97.98		True
local misassembly
407812	411050	14402	11164	Staphylococcus_aureus_CACRZC010000001.1	scaffold_469	95.62		True
CONTIG	scaffold_469	14402	correct
1064763	1069932	1	5169	Staphylococcus_aureus_CACRZC010000001.1	scaffold_472	99.61		True
local misassembly
1070320	1075879	5174	10733	Staphylococcus_aureus_CACRZC010000001.1	scaffold_472	99.71		True
CONTIG	scaffold_472	10738	correct
326859	332733	1	5875	Staphylococcus_aureus_CACRZC010000001.1	scaffold_476	98.52		True
local misassembly
332838	334316	5876	7354	Staphylococcus_aureus_CACRZC010000001.1	scaffold_476	98.99		True
CONTIG	scaffold_476	10214	correct
2291886	2295185	1	3300	Staphylococcus_aureus_CACRZC010000001.1	scaffold_477	99.97		True
local misassembly
2295433	2297047	3301	4915	Staphylococcus_aureus_CACRZC010000001.1	scaffold_477	100.0		True
local misassembly
2297140	2302821	4916	10597	Staphylococcus_aureus_CACRZC010000001.1	scaffold_477	99.35		True
CONTIG	scaffold_477	10597	correct
1459045	1464803	5849	93	Staphylococcus_aureus_CACRZC010000001.1	scaffold_480	99.58		True
CONTIG	scaffold_480	5849	correct
2413732	2417607	1	3875	Staphylococcus_aureus_CACRZC010000001.1	scaffold_483	99.56		True
local misassembly
2417804	2421442	3876	7515	Staphylococcus_aureus_CACRZC010000001.1	scaffold_483	99.29		True
local misassembly
2421566	2427239	7516	13188	Staphylococcus_aureus_CACRZC010000001.1	scaffold_483	99.54		True
local misassembly
2427462	2430088	13189	15815	Staphylococcus_aureus_CACRZC010000001.1	scaffold_483	99.81		True
CONTIG	scaffold_483	15911	correct
2222915	2225039	1	2125	Staphylococcus_aureus_CACRZC010000001.1	scaffold_484	99.91		True
local misassembly
2225260	2230902	2126	7768	Staphylococcus_aureus_CACRZC010000001.1	scaffold_484	99.88		True
CONTIG	scaffold_484	7768	correct
1223142	1228733	1	5592	Staphylococcus_aureus_CACRZC010000001.1	scaffold_490	99.55		True
CONTIG	scaffold_490	5592	correct
395125	400720	1	5576	Staphylococcus_aureus_CACRZC010000001.1	scaffold_494	97.45		True
CONTIG	scaffold_494	5576	correct
767603	773170	1	5569	Staphylococcus_aureus_CACRZC010000001.1	scaffold_495	99.48		True
CONTIG	scaffold_495	5569	correct
1466128	1471655	5528	1	Staphylococcus_aureus_CACRZC010000001.1	scaffold_499	98.95		True
CONTIG	scaffold_499	5528	correct
1923627	1929020	5488	97	Staphylococcus_aureus_CACRZC010000001.1	scaffold_503	99.15		True
CONTIG	scaffold_503	5488	correct
991682	997084	1	5403	Staphylococcus_aureus_CACRZC010000001.1	scaffold_510	99.78		True
local misassembly
997437	1001538	5404	9506	Staphylococcus_aureus_CACRZC010000001.1	scaffold_510	99.2		True
CONTIG	scaffold_510	9506	correct
980861	983348	2485	1	Staphylococcus_aureus_CACRZC010000001.1	scaffold_517	99.56		True
local misassembly
971143	980758	12067	2486	Staphylococcus_aureus_CACRZC010000001.1	scaffold_517	99.08		True
local misassembly
968196	970925	14797	12068	Staphylococcus_aureus_CACRZC010000001.1	scaffold_517	99.45		True
CONTIG	scaffold_517	14797	correct
1009895	1015020	5126	1	Staphylococcus_aureus_CACRZC010000001.1	scaffold_518	99.16		True
CONTIG	scaffold_518	5126	correct
1451570	1456581	103	5114	Staphylococcus_aureus_CACRZC010000001.1	scaffold_519	99.6		True
local misassembly
1456927	1458991	5115	7179	Staphylococcus_aureus_CACRZC010000001.1	scaffold_519	98.5		True
CONTIG	scaffold_519	7179	correct
1773940	1774084	5102	4958	Staphylococcus_aureus_CACRZC010000001.1	scaffold_520	97.93		True
CONTIG	scaffold_520	5102	correct_unaligned
2324952	2327218	2267	1	Staphylococcus_aureus_CACRZC010000001.1	scaffold_521	99.03		True
local misassembly
2319831	2324733	7167	2268	Staphylococcus_aureus_CACRZC010000001.1	scaffold_521	98.59		True
CONTIG	scaffold_521	7167	correct
1940203	1940461	3439	3697	Staphylococcus_aureus_CACRZC010000001.1	scaffold_522	96.14		True
unknown
1941130	1941851	4337	5058	Staphylococcus_aureus_CACRZC010000001.1	scaffold_522	97.65		True
unknown
1941985	1943223	5059	6297	Staphylococcus_aureus_CACRZC010000001.1	scaffold_522	97.26		True
unknown
CONTIG	scaffold_522	6297	mis_unaligned
1255549	1260515	4967	1	Staphylococcus_aureus_CACRZC010000001.1	scaffold_527	99.52		True
CONTIG	scaffold_527	5018	correct
9384	14407	5016	1	Staphylococcus_aureus_CACRZC010000001.1	scaffold_528	98.19		True
local misassembly
6669	9005	7344	5017	Staphylococcus_aureus_CACRZC010000001.1	scaffold_528	97.3		True
CONTIG	scaffold_528	7344	correct
2307809	2312691	4883	1	Staphylococcus_aureus_CACRZC010000001.1	scaffold_531	99.51		True
local misassembly
2302826	2307524	9582	4884	Staphylococcus_aureus_CACRZC010000001.1	scaffold_531	99.68		True
CONTIG	scaffold_531	9582	correct
1215369	1220325	4962	6	Staphylococcus_aureus_CACRZC010000001.1	scaffold_533	99.6		True
CONTIG	scaffold_533	4962	correct
558048	562988	1	4941	Staphylococcus_aureus_CACRZC010000001.1	scaffold_539	99.64		True
CONTIG	scaffold_539	4941	correct
1726510	1731449	1	4940	Staphylococcus_aureus_CACRZC010000001.1	scaffold_540	99.72		True
local misassembly
1731729	1733865	4941	7077	Staphylococcus_aureus_CACRZC010000001.1	scaffold_540	99.39		True
CONTIG	scaffold_540	7077	correct
650197	650867	4313	3643	Staphylococcus_aureus_CACRZC010000001.1	scaffold_541	95.98		True
unknown
650883	651647	5066	4302	Staphylococcus_aureus_CACRZC010000001.1	scaffold_541	95.03		True
unknown
CONTIG	scaffold_541	7749	mis_unaligned
2286586	2291321	1	4735	Staphylococcus_aureus_CACRZC010000001.1	scaffold_546	99.73		True
CONTIG	scaffold_546	4832	correct
2433182	2437993	4812	1	Staphylococcus_aureus_CACRZC010000001.1	scaffold_547	99.75		True
fake: scaffold gap size wrong estimation (local)
2430107	2433119	8006	4994	Staphylococcus_aureus_CACRZC010000001.1	scaffold_547	99.73		True
relocation, inconsistency = 507488
1922072	1922523	8552	8102	Staphylococcus_aureus_CACRZC010000001.1	scaffold_547	95.13		True
CONTIG	scaffold_547	8552	misassembled
1089289	1094073	4785	1	Staphylococcus_aureus_CACRZC010000001.1	scaffold_550	99.62		True
CONTIG	scaffold_550	4785	correct
2128068	2130628	1	2561	Staphylococcus_aureus_CACRZC010000001.1	scaffold_552	99.3		True
local misassembly
2131870	2133601	3027	4758	Staphylococcus_aureus_CACRZC010000001.1	scaffold_552	99.02		True
local misassembly
2133846	2136078	4759	6991	Staphylococcus_aureus_CACRZC010000001.1	scaffold_552	98.52		True
CONTIG	scaffold_552	6991	correct
987005	991669	4665	1	Staphylococcus_aureus_CACRZC010000001.1	scaffold_559	99.89		True
CONTIG	scaffold_559	4665	correct
2821748	2826357	1	4618	Staphylococcus_aureus_CACRZC010000001.1	scaffold_560	98.64		True
local misassembly
2826613	2829057	4647	7091	Staphylococcus_aureus_CACRZC010000001.1	scaffold_560	97.87		True
local misassembly
2829302	2832598	7092	10386	Staphylococcus_aureus_CACRZC010000001.1	scaffold_560	97.45		True
CONTIG	scaffold_560	10386	correct
1844686	1849322	1	4639	Staphylococcus_aureus_CACRZC010000001.1	scaffold_561	99.31		True
CONTIG	scaffold_561	4639	correct
2162227	2164533	2307	1	Staphylococcus_aureus_CACRZC010000001.1	scaffold_564	99.48		True
local misassembly
2159715	2161985	4605	2336	Staphylococcus_aureus_CACRZC010000001.1	scaffold_564	99.38		True
CONTIG	scaffold_564	4605	correct
827695	831223	1	3537	Staphylococcus_aureus_CACRZC010000001.1	scaffold_567	98.87		True
local misassembly
831593	832944	3538	4889	Staphylococcus_aureus_CACRZC010000001.1	scaffold_567	99.63		True
local misassembly
833115	836002	4890	7756	Staphylococcus_aureus_CACRZC010000001.1	scaffold_567	98.89		True
CONTIG	scaffold_567	7756	correct
2361197	2365768	4572	1	Staphylococcus_aureus_CACRZC010000001.1	scaffold_568	99.91		True
CONTIG	scaffold_568	4572	correct
2454914	2459424	1	4510	Staphylococcus_aureus_CACRZC010000001.1	scaffold_569	99.53		True
local misassembly
2459658	2465028	4565	9872	Staphylococcus_aureus_CACRZC010000001.1	scaffold_569	97.95		True
CONTIG	scaffold_569	9872	correct
847488	851663	4474	299	Staphylococcus_aureus_CACRZC010000001.1	scaffold_576	98.16		True
CONTIG	scaffold_576	4474	correct
1408997	1413460	4464	1	Staphylococcus_aureus_CACRZC010000001.1	scaffold_577	99.48		True
CONTIG	scaffold_577	4464	correct
869087	873144	4317	315	Staphylococcus_aureus_CACRZC010000001.1	scaffold_584	98.05		True
CONTIG	scaffold_584	4317	correct
1721124	1725432	4309	1	Staphylococcus_aureus_CACRZC010000001.1	scaffold_588	99.77		True
CONTIG	scaffold_588	4309	correct
2057	6334	4278	1	Staphylococcus_aureus_CACRZC010000001.1	scaffold_591	99.56		True
CONTIG	scaffold_591	4278	correct
2862859	2867059	4187	1	Staphylococcus_aureus_CACRZC010000001.1	scaffold_600	98.72		True
local misassembly
2861082	2862593	5699	4188	Staphylococcus_aureus_CACRZC010000001.1	scaffold_600	98.88		True
CONTIG	scaffold_600	5791	correct
2532558	2535675	4	3121	Staphylococcus_aureus_CACRZC010000001.1	scaffold_606	99.45		True
local misassembly
2535890	2536720	3128	3958	Staphylococcus_aureus_CACRZC010000001.1	scaffold_606	99.64		True
indel: indel (> 5bp)
2536741	2536899	4034	4192	Staphylococcus_aureus_CACRZC010000001.1	scaffold_606	97.48		True
local misassembly
2537023	2538658	4193	5828	Staphylococcus_aureus_CACRZC010000001.1	scaffold_606	99.21		True
indel: indel (> 5bp)
2538704	2539922	5829	7047	Staphylococcus_aureus_CACRZC010000001.1	scaffold_606	98.52		True
CONTIG	scaffold_606	7047	correct
522505	524218	1	1693	Staphylococcus_aureus_CACRZC010000001.1	scaffold_607	98.43		True
local misassembly
524551	528335	1694	5477	Staphylococcus_aureus_CACRZC010000001.1	scaffold_607	99.68		True
CONTIG	scaffold_607	5477	correct
1343036	1347132	1	4097	Staphylococcus_aureus_CACRZC010000001.1	scaffold_608	99.71		True
local misassembly
1347243	1351234	4098	8091	Staphylococcus_aureus_CACRZC010000001.1	scaffold_608	98.77		True
CONTIG	scaffold_608	8109	correct
682836	686937	7	4108	Staphylococcus_aureus_CACRZC010000001.1	scaffold_613	99.88		True
CONTIG	scaffold_613	4108	correct
2793217	2797331	4092	1	Staphylococcus_aureus_CACRZC010000001.1	scaffold_614	98.03		True
CONTIG	scaffold_614	4092	correct
2845108	2846643	1	1537	Staphylococcus_aureus_CACRZC010000001.1	scaffold_616	97.33		True
unknown
2848141	2848581	1537	1977	Staphylococcus_aureus_CACRZC010000001.1	scaffold_616	97.74		True
unknown
2848588	2849258	4714	5384	Staphylococcus_aureus_CACRZC010000001.1	scaffold_616	98.51		True
unknown
CONTIG	scaffold_616	5391	mis_unaligned
1551460	1553845	1	2386	Staphylococcus_aureus_CACRZC010000001.1	scaffold_626	99.54		True
local misassembly
1554160	1557886	2387	6113	Staphylococcus_aureus_CACRZC010000001.1	scaffold_626	98.58		True
CONTIG	scaffold_626	6113	correct
471698	475579	7	3972	Staphylococcus_aureus_CACRZC010000001.1	scaffold_629	96.77		True
local misassembly
475859	479008	3973	7121	Staphylococcus_aureus_CACRZC010000001.1	scaffold_629	98.48		True
CONTIG	scaffold_629	7121	correct
403108	407067	1	3962	Staphylococcus_aureus_CACRZC010000001.1	scaffold_635	99.47		True
CONTIG	scaffold_635	3962	correct
1835234	1839174	1	3941	Staphylococcus_aureus_CACRZC010000001.1	scaffold_639	99.64		True
local misassembly
1839454	1840439	3942	4927	Staphylococcus_aureus_CACRZC010000001.1	scaffold_639	98.99		True
CONTIG	scaffold_639	4930	correct
1830986	1834837	3852	1	Staphylococcus_aureus_CACRZC010000001.1	scaffold_645	99.56		True
CONTIG	scaffold_645	3852	correct
654758	657494	1	2737	Staphylococcus_aureus_CACRZC010000001.1	scaffold_651	99.56		True
local misassembly
657637	661181	2739	6280	Staphylococcus_aureus_CACRZC010000001.1	scaffold_651	99.32		True
CONTIG	scaffold_651	6456	correct
1768592	1768687	3689	3784	Staphylococcus_aureus_CACRZC010000001.1	scaffold_664	100.0		True
CONTIG	scaffold_664	3784	correct_unaligned
1696707	1699829	1	3123	Staphylococcus_aureus_CACRZC010000001.1	scaffold_677	99.71		True
local misassembly
1699967	1703554	3124	6711	Staphylococcus_aureus_CACRZC010000001.1	scaffold_677	99.25		True
CONTIG	scaffold_677	6711	correct
2799638	2802607	1	2970	Staphylococcus_aureus_CACRZC010000001.1	scaffold_691	98.28		True
local misassembly
2802889	2806234	2976	6321	Staphylococcus_aureus_CACRZC010000001.1	scaffold_691	98.54		True
CONTIG	scaffold_691	6321	correct
390219	391335	89	1205	Staphylococcus_aureus_CACRZC010000001.1	scaffold_739	96.42		True
local misassembly
391520	391747	1241	1468	Staphylococcus_aureus_CACRZC010000001.1	scaffold_739	96.05		True
local misassembly
391963	395139	1542	4719	Staphylococcus_aureus_CACRZC010000001.1	scaffold_739	96.54		True
CONTIG	scaffold_739	4719	correct
1916251	1919645	1	3395	Staphylococcus_aureus_CACRZC010000001.1	scaffold_742	99.18		True
local misassembly
1919988	1922079	3401	5490	Staphylococcus_aureus_CACRZC010000001.1	scaffold_742	98.66		True
CONTIG	scaffold_742	5490	correct
14499	17837	3338	1	Staphylococcus_aureus_CACRZC010000001.1	scaffold_754	97.33		True
CONTIG	scaffold_754	3338	correct
1840574	1843900	3326	1	Staphylococcus_aureus_CACRZC010000001.1	scaffold_760	99.28		True
CONTIG	scaffold_760	3326	correct
278620	281922	1	3304	Staphylococcus_aureus_CACRZC010000001.1	scaffold_762	98.34		True
CONTIG	scaffold_762	3304	correct
295099	297958	2860	1	Staphylococcus_aureus_CACRZC010000001.1	scaffold_768	99.13		True
relocation, inconsistency = -1140502
1435183	1435359	3278	3102	Staphylococcus_aureus_CACRZC010000001.1	scaffold_768	98.31		True
CONTIG	scaffold_768	3278	misassembled
1229123	1232387	3265	1	Staphylococcus_aureus_CACRZC010000001.1	scaffold_771	99.26		True
CONTIG	scaffold_771	3265	correct
341311	342536	1550	2775	Staphylococcus_aureus_CACRZC010000001.1	scaffold_778	96.41		True
CONTIG	scaffold_778	3219	correct_unaligned
2790068	2793248	3181	1	Staphylococcus_aureus_CACRZC010000001.1	scaffold_787	98.84		True
CONTIG	scaffold_787	3181	correct
2316769	2319813	3045	1	Staphylococcus_aureus_CACRZC010000001.1	scaffold_794	98.95		True
CONTIG	scaffold_794	3160	correct
781257	783218	1	1962	Staphylococcus_aureus_CACRZC010000001.1	scaffold_800	99.8		True
local misassembly
783428	786349	1963	4884	Staphylococcus_aureus_CACRZC010000001.1	scaffold_800	99.73		True
CONTIG	scaffold_800	4884	correct
2632057	2632454	1	398	Staphylococcus_aureus_CACRZC010000001.1	scaffold_824	95.23		True
local misassembly
2633478	2635049	1419	3005	Staphylococcus_aureus_CACRZC010000001.1	scaffold_824	96.61		True
CONTIG	scaffold_824	3005	correct
1558963	1560655	1	1693	Staphylococcus_aureus_CACRZC010000001.1	scaffold_835	97.99		True
local misassembly
1560846	1563511	1694	4359	Staphylococcus_aureus_CACRZC010000001.1	scaffold_835	99.14		True
CONTIG	scaffold_835	4359	correct
983409	986293	2885	1	Staphylococcus_aureus_CACRZC010000001.1	scaffold_856	99.51		True
CONTIG	scaffold_856	2885	correct
1325712	1329098	1	3443	Staphylococcus_aureus_CACRZC010000001.1	scaffold_869	99.73		True
local misassembly
1329445	1331951	3444	5950	Staphylococcus_aureus_CACRZC010000001.1	scaffold_869	99.6		True
CONTIG	scaffold_869	5950	correct
2710962	2711656	1	695	Staphylococcus_aureus_CACRZC010000001.1	scaffold_871	98.13		True
local misassembly
2711829	2713947	729	2846	Staphylococcus_aureus_CACRZC010000001.1	scaffold_871	98.02		True
CONTIG	scaffold_871	2846	correct
2592590	2595420	1	2830	Staphylococcus_aureus_CACRZC010000001.1	scaffold_876	98.55		True
CONTIG	scaffold_876	2830	correct
212535	215307	2789	18	Staphylococcus_aureus_CACRZC010000001.1	scaffold_887	97.44		True
CONTIG	scaffold_887	2789	correct
778351	779405	80	1134	Staphylococcus_aureus_CACRZC010000001.1	scaffold_892	99.81		True
local misassembly
779616	781252	1146	2782	Staphylococcus_aureus_CACRZC010000001.1	scaffold_892	98.9		True
CONTIG	scaffold_892	2782	correct
614459	616332	773	2646	Staphylococcus_aureus_CACRZC010000001.1	scaffold_926	97.44		True
CONTIG	scaffold_926	2652	correct
774270	776875	1	2606	Staphylococcus_aureus_CACRZC010000001.1	scaffold_941	99.39		True
local misassembly
777042	778318	2607	3882	Staphylococcus_aureus_CACRZC010000001.1	scaffold_941	99.37		True
CONTIG	scaffold_941	3907	correct
2196078	2198655	1	2578	Staphylococcus_aureus_CACRZC010000001.1	scaffold_948	99.81		True
CONTIG	scaffold_948	2578	correct
1719305	1720575	1271	1	Staphylococcus_aureus_CACRZC010000001.1	scaffold_989	100.0		True
CONTIG	scaffold_989	2478	correct
1351255	1353096	2355	508	Staphylococcus_aureus_CACRZC010000001.1	scaffold_1031	97.19		True
CONTIG	scaffold_1031	2355	correct
467454	469795	1	2342	Staphylococcus_aureus_CACRZC010000001.1	scaffold_1035	98.76		True
local misassembly
469940	471696	2343	4099	Staphylococcus_aureus_CACRZC010000001.1	scaffold_1035	98.92		True
CONTIG	scaffold_1035	4101	correct
2587144	2588017	1	874	Staphylococcus_aureus_CACRZC010000001.1	scaffold_1051	95.54		True
local misassembly
2588181	2589573	900	2292	Staphylococcus_aureus_CACRZC010000001.1	scaffold_1051	99.43		True
CONTIG	scaffold_1051	2292	correct
2231354	2233601	10	2257	Staphylococcus_aureus_CACRZC010000001.1	scaffold_1064	99.73		True
CONTIG	scaffold_1064	2257	correct
2165691	2167944	1	2254	Staphylococcus_aureus_CACRZC010000001.1	scaffold_1067	99.6		True
CONTIG	scaffold_1067	2254	correct
2366979	2369202	1	2224	Staphylococcus_aureus_CACRZC010000001.1	scaffold_1074	99.96		True
CONTIG	scaffold_1074	2224	correct
2193860	2196068	2209	1	Staphylococcus_aureus_CACRZC010000001.1	scaffold_1078	99.77		True
CONTIG	scaffold_1078	2209	correct
885731	887907	2177	1	Staphylococcus_aureus_CACRZC010000001.1	scaffold_1092	99.22		True
CONTIG	scaffold_1092	2177	correct
1828717	1830937	2170	1	Staphylococcus_aureus_CACRZC010000001.1	scaffold_1095	96.89		True
CONTIG	scaffold_1095	2170	correct
2313336	2315473	1	2138	Staphylococcus_aureus_CACRZC010000001.1	scaffold_1103	99.49		True
local misassembly
2315621	2316740	2144	3263	Staphylococcus_aureus_CACRZC010000001.1	scaffold_1103	99.29		True
CONTIG	scaffold_1103	3362	correct
2757400	2759451	2055	1	Staphylococcus_aureus_CACRZC010000001.1	scaffold_1104	96.69		True
local misassembly
2756959	2757046	2143	2056	Staphylococcus_aureus_CACRZC010000001.1	scaffold_1104	100.0		True
CONTIG	scaffold_1104	2143	correct
786341	788421	1	2081	Staphylococcus_aureus_CACRZC010000001.1	scaffold_1123	100.0		True
CONTIG	scaffold_1123	2081	correct
1352851	1353130	503	782	Staphylococcus_aureus_CACRZC010000001.1	scaffold_1130	96.79		True
unknown
1353118	1353808	1373	2061	Staphylococcus_aureus_CACRZC010000001.1	scaffold_1130	95.51		True
unknown
CONTIG	scaffold_1130	2061	mis_unaligned
2071405	2073428	2026	1	Staphylococcus_aureus_CACRZC010000001.1	scaffold_1142	99.01		True
CONTIG	scaffold_1142	2026	correct
1703983	1706006	2021	1	Staphylococcus_aureus_CACRZC010000001.1	scaffold_1145	97.63		True
CONTIG	scaffold_1145	2021	correct
2089649	2090755	1	1106	Staphylococcus_aureus_CACRZC010000001.1	scaffold_1150	99.37		True
local misassembly
2091546	2092373	1181	2014	Staphylococcus_aureus_CACRZC010000001.1	scaffold_1150	96.41		True
CONTIG	scaffold_1150	2014	correct
2797373	2799367	1995	1	Staphylococcus_aureus_CACRZC010000001.1	scaffold_1162	98.2		True
CONTIG	scaffold_1162	1995	correct
1707860	1709288	1430	2	Staphylococcus_aureus_CACRZC010000001.1	scaffold_1209	99.72		True
local misassembly
1705977	1707663	3117	1431	Staphylococcus_aureus_CACRZC010000001.1	scaffold_1209	99.82		True
CONTIG	scaffold_1209	3119	correct
1998197	1999925	1792	22	Staphylococcus_aureus_CACRZC010000001.1	scaffold_1249	96.84		True
CONTIG	scaffold_1249	1793	correct
1438116	1438722	1	607	Staphylococcus_aureus_CACRZC010000001.1	scaffold_1278	96.38		True
local misassembly
1438956	1440061	639	1744	Staphylococcus_aureus_CACRZC010000001.1	scaffold_1278	99.1		True
CONTIG	scaffold_1278	1744	correct
1613400	1615090	1	1691	Staphylococcus_aureus_CACRZC010000001.1	scaffold_1295	95.05		True
CONTIG	scaffold_1295	1711	correct
2590365	2592055	1691	1	Staphylococcus_aureus_CACRZC010000001.1	scaffold_1307	99.17		True
CONTIG	scaffold_1307	1691	correct
1436432	1438093	1	1662	Staphylococcus_aureus_CACRZC010000001.1	scaffold_1317	97.59		True
CONTIG	scaffold_1317	1667	correct
2073822	2075461	1	1639	Staphylococcus_aureus_CACRZC010000001.1	scaffold_1332	99.45		True
CONTIG	scaffold_1332	1639	correct
1333099	1334713	1615	1	Staphylococcus_aureus_CACRZC010000001.1	scaffold_1349	99.44		True
CONTIG	scaffold_1349	1615	correct
2736325	2737934	1610	1	Staphylococcus_aureus_CACRZC010000001.1	scaffold_1354	98.82		True
CONTIG	scaffold_1354	1610	correct
56238	56529	298	1	Staphylococcus_aureus_CACRZC010000001.1	scaffold_1386	95.97		True
CONTIG	scaffold_1386	1564	correct_unaligned
1220349	1221905	1557	1	Staphylococcus_aureus_CACRZC010000001.1	scaffold_1395	99.87		True
CONTIG	scaffold_1395	1557	correct
662666	664171	1505	1	Staphylococcus_aureus_CACRZC010000001.1	scaffold_1424	98.8		True
CONTIG	scaffold_1424	1505	correct
2256977	2258442	1	1467	Staphylococcus_aureus_CACRZC010000001.1	scaffold_1447	99.73		True
CONTIG	scaffold_1447	1467	correct
1464801	1466107	50	1356	Staphylococcus_aureus_CACRZC010000001.1	scaffold_1450	99.23		True
inversion
1466351	1466451	1458	1357	Staphylococcus_aureus_CACRZC010000001.1	scaffold_1450	99.11		True
CONTIG	scaffold_1450	1458	misassembled
867464	868918	1	1455	Staphylococcus_aureus_CACRZC010000001.1	scaffold_1453	98.56		True
CONTIG	scaffold_1453	1455	correct
150801	152231	1431	1	Staphylococcus_aureus_CACRZC010000001.1	scaffold_1472	98.46		True
CONTIG	scaffold_1472	1431	correct
1818526	1819850	1	1325	Staphylococcus_aureus_CACRZC010000001.1	scaffold_1542	99.62		True
CONTIG	scaffold_1542	1325	correct
528383	529687	1	1305	Staphylococcus_aureus_CACRZC010000001.1	scaffold_1558	99.23		True
CONTIG	scaffold_1558	1305	correct
1181427	1182418	98	1089	Staphylococcus_aureus_CACRZC010000001.1	scaffold_1577	98.79		True
relocation, inconsistency = 311947
869300	869411	1269	1158	Staphylococcus_aureus_CACRZC010000001.1	scaffold_1577	96.43		True
CONTIG	scaffold_1577	1281	misassembled
1565705	1566129	425	1	Staphylococcus_aureus_CACRZC010000001.1	scaffold_1606	98.35		True
relocation, inconsistency = -1128
1566032	1566381	1226	877	Staphylococcus_aureus_CACRZC010000001.1	scaffold_1606	97.71		True
CONTIG	scaffold_1606	1226	misassembled
1221878	1223087	1210	1	Staphylococcus_aureus_CACRZC010000001.1	scaffold_1617	99.83		True
CONTIG	scaffold_1617	1210	correct
400729	401918	1	1190	Staphylococcus_aureus_CACRZC010000001.1	scaffold_1645	99.5		True
CONTIG	scaffold_1645	1190	correct
1063357	1064545	1	1189	Staphylococcus_aureus_CACRZC010000001.1	scaffold_1650	99.75		True
CONTIG	scaffold_1650	1189	correct
2365821	2366997	1177	1	Staphylococcus_aureus_CACRZC010000001.1	scaffold_1664	100.0		True
CONTIG	scaffold_1664	1177	correct
1331955	1333129	1	1175	Staphylococcus_aureus_CACRZC010000001.1	scaffold_1666	99.83		True
CONTIG	scaffold_1666	1175	correct
1353806	1354970	1	1167	Staphylococcus_aureus_CACRZC010000001.1	scaffold_1677	97.69		True
CONTIG	scaffold_1677	1167	correct
699184	700340	1	1157	Staphylococcus_aureus_CACRZC010000001.1	scaffold_1685	99.91		True
CONTIG	scaffold_1685	1157	correct
2164503	2165651	1	1149	Staphylococcus_aureus_CACRZC010000001.1	scaffold_1697	99.83		True
CONTIG	scaffold_1697	1149	correct
60665	60822	158	1	Staphylococcus_aureus_CACRZC010000001.1	scaffold_1700	97.47		True
local misassembly
59675	60114	1146	707	Staphylococcus_aureus_CACRZC010000001.1	scaffold_1700	96.36		True
CONTIG	scaffold_1700	1146	correct
2859748	2860871	1	1116	Staphylococcus_aureus_CACRZC010000001.1	scaffold_1732	98.67		True
CONTIG	scaffold_1732	1116	correct
773167	774277	1111	1	Staphylococcus_aureus_CACRZC010000001.1	scaffold_1738	99.82		True
CONTIG	scaffold_1738	1111	correct
1599984	1600558	1106	532	Staphylococcus_aureus_CACRZC010000001.1	scaffold_1740	98.96		True
CONTIG	scaffold_1740	1106	correct
1725428	1726522	1	1095	Staphylococcus_aureus_CACRZC010000001.1	scaffold_1754	99.91		True
CONTIG	scaffold_1754	1095	correct
1784288	1785378	1	1091	Staphylococcus_aureus_CACRZC010000001.1	scaffold_1758	99.63		True
CONTIG	scaffold_1758	1091	correct
1015489	1016576	1088	1	Staphylococcus_aureus_CACRZC010000001.1	scaffold_1764	99.08		True
CONTIG	scaffold_1764	1088	correct
1557864	1558940	1077	1	Staphylococcus_aureus_CACRZC010000001.1	scaffold_1781	99.44		True
CONTIG	scaffold_1781	1077	correct
1232341	1233415	1	1075	Staphylococcus_aureus_CACRZC010000001.1	scaffold_1786	99.72		True
CONTIG	scaffold_1786	1075	correct
2115941	2116567	9	635	Staphylococcus_aureus_CACRZC010000001.1	scaffold_1800	97.93		True
CONTIG	scaffold_1800	1068	correct
653455	653679	1	225	Staphylococcus_aureus_CACRZC010000001.1	scaffold_1808	98.22		True
local misassembly
653947	654751	258	1063	Staphylococcus_aureus_CACRZC010000001.1	scaffold_1808	99.88		True
CONTIG	scaffold_1808	1063	correct
2711662	2711819	1	158	Staphylococcus_aureus_CACRZC010000001.1	scaffold_1810	98.74		True
relocation, inconsistency = 137468
2849288	2850189	1060	159	Staphylococcus_aureus_CACRZC010000001.1	scaffold_1810	98.12		True
CONTIG	scaffold_1810	1062	misassembled
967150	968189	1	1039	Staphylococcus_aureus_CACRZC010000001.1	scaffold_1839	99.13		True
CONTIG	scaffold_1839	1043	correct
2714009	2715017	1009	1	Staphylococcus_aureus_CACRZC010000001.1	scaffold_1851	95.45		True
CONTIG	scaffold_1851	1034	correct
2221955	2222986	1	1032	Staphylococcus_aureus_CACRZC010000001.1	scaffold_1861	99.81		True
CONTIG	scaffold_1861	1032	correct
42352	42449	7163	7066	Staphylococcus_aureus_CACRZC010000002.1	scaffold_426	100.0		True
CONTIG	scaffold_426	7163	correct_unaligned
63962	66077	3965	6080	Staphylococcus_aureus_CACRZC010000002.1	scaffold_461	98.73		True
CONTIG	scaffold_461	6080	correct_unaligned
66069	69603	1	3549	Staphylococcus_aureus_CACRZC010000002.1	scaffold_534	98.03		True
CONTIG	scaffold_534	6049	correct
42535	44855	1230	3553	Staphylococcus_aureus_CACRZC010000002.1	scaffold_636	99.57		True
CONTIG	scaffold_636	3957	correct
42352	42450	3300	3202	Staphylococcus_aureus_CACRZC010000002.1	scaffold_763	100.0		True
CONTIG	scaffold_763	3300	correct_unaligned
38837	41658	2906	85	Staphylococcus_aureus_CACRZC010000002.1	scaffold_849	100.0		True
local misassembly
37667	38552	3792	2907	Staphylococcus_aureus_CACRZC010000002.1	scaffold_849	100.0		True
CONTIG	scaffold_849	3886	correct
46784	48294	1525	3	Staphylococcus_aureus_CACRZC010000002.1	scaffold_937	96.19		True
CONTIG	scaffold_937	2614	correct
48833	50256	1	1424	Staphylococcus_aureus_CACRZC010000002.1	scaffold_1414	97.61		True
CONTIG	scaffold_1414	1526	correct
