S1	E1	S2	E2	Reference	Contig	IDY	Ambiguous	Best_group
343621	343758	750	613	Staphylococcus_aureus_CACRZC010000001.1	NODE_39_length_186282_cov_1.385932	96.38		True
fake: scaffold gap size wrong estimation (local)
341311	342536	2354	1129	Staphylococcus_aureus_CACRZC010000001.1	NODE_39_length_186282_cov_1.385932	96.41		True
fake: scaffold gap size wrong estimation (extensive)
309202	334316	33280	8104	Staphylococcus_aureus_CACRZC010000001.1	NODE_39_length_186282_cov_1.385932	98.43		True
fake: scaffold gap size wrong estimation (local)
308103	309076	34265	33292	Staphylococcus_aureus_CACRZC010000001.1	NODE_39_length_186282_cov_1.385932	98.36		True
local misassembly
306869	307843	35497	34525	Staphylococcus_aureus_CACRZC010000001.1	NODE_39_length_186282_cov_1.385932	95.8		True
relocation, inconsistency = -2750
295099	306936	50025	38180	Staphylococcus_aureus_CACRZC010000001.1	NODE_39_length_186282_cov_1.385932	98.59		True
fake: scaffold gap size wrong estimation (local)
294653	295074	50855	50435	Staphylococcus_aureus_CACRZC010000001.1	NODE_39_length_186282_cov_1.385932	98.34		True
fake: scaffold gap size wrong estimation (local)
274157	294463	71150	50866	Staphylococcus_aureus_CACRZC010000001.1	NODE_39_length_186282_cov_1.385932	98.0		True
local misassembly
264244	274116	81808	72004	Staphylococcus_aureus_CACRZC010000001.1	NODE_39_length_186282_cov_1.385932	97.04		True
local misassembly
247625	263449	98440	82618	Staphylococcus_aureus_CACRZC010000001.1	NODE_39_length_186282_cov_1.385932	98.65		True
local misassembly
241297	247632	104870	98536	Staphylococcus_aureus_CACRZC010000001.1	NODE_39_length_186282_cov_1.385932	98.5		True
local misassembly
231760	240283	113669	105148	Staphylococcus_aureus_CACRZC010000001.1	NODE_39_length_186282_cov_1.385932	97.41		True
relocation, inconsistency = 6859
204771	223924	133804	114646	Staphylococcus_aureus_CACRZC010000001.1	NODE_39_length_186282_cov_1.385932	97.45		True
local misassembly
187219	204554	151414	134042	Staphylococcus_aureus_CACRZC010000001.1	NODE_39_length_186282_cov_1.385932	97.99		True
local misassembly
177391	186938	161010	151463	Staphylococcus_aureus_CACRZC010000001.1	NODE_39_length_186282_cov_1.385932	98.11		True
local misassembly
152350	173321	186282	165262	Staphylococcus_aureus_CACRZC010000001.1	NODE_39_length_186282_cov_1.385932	98.19		True
CONTIG	NODE_39_length_186282_cov_1.385932	186282	misassembled
2447423	2476063	28853	217	Staphylococcus_aureus_CACRZC010000001.1	NODE_50_length_158679_cov_1.368540	99.07		True
fake: scaffold gap size wrong estimation (local)
2433172	2447169	42862	28864	Staphylococcus_aureus_CACRZC010000001.1	NODE_50_length_158679_cov_1.368540	99.16		True
fake: scaffold gap size wrong estimation (local)
2430107	2433119	46167	43155	Staphylococcus_aureus_CACRZC010000001.1	NODE_50_length_158679_cov_1.368540	99.77		True
relocation, inconsistency = 507488
1921978	1922523	46819	46263	Staphylococcus_aureus_CACRZC010000001.1	NODE_50_length_158679_cov_1.368540	96.19		True
relocation, inconsistency = -508111
2427369	2430088	49539	46820	Staphylococcus_aureus_CACRZC010000001.1	NODE_50_length_158679_cov_1.368540	99.82		True
local misassembly
2417634	2427243	59163	49540	Staphylococcus_aureus_CACRZC010000001.1	NODE_50_length_158679_cov_1.368540	99.42		True
local misassembly
2387573	2417522	89134	59164	Staphylococcus_aureus_CACRZC010000001.1	NODE_50_length_158679_cov_1.368540	99.39		True
local misassembly
2376987	2387686	99800	89136	Staphylococcus_aureus_CACRZC010000001.1	NODE_50_length_158679_cov_1.368540	98.63		True
local misassembly
2365815	2376720	110757	99831	Staphylococcus_aureus_CACRZC010000001.1	NODE_50_length_158679_cov_1.368540	99.58		True
fake: scaffold gap size wrong estimation (local)
2350957	2365649	125403	110768	Staphylococcus_aureus_CACRZC010000001.1	NODE_50_length_158679_cov_1.368540	99.11		True
fake: scaffold gap size wrong estimation (extensive)
2332917	2343715	141640	130923	Staphylococcus_aureus_CACRZC010000001.1	NODE_50_length_158679_cov_1.368540	95.58		True
local misassembly
2316769	2332533	158563	142810	Staphylococcus_aureus_CACRZC010000001.1	NODE_50_length_158679_cov_1.368540	98.4		True
CONTIG	NODE_50_length_158679_cov_1.368540	158679	misassembled
1466351	1480078	1	13671	Staphylococcus_aureus_CACRZC010000001.1	NODE_62_length_131201_cov_1.368614	98.72		True
local misassembly
1480541	1483332	13672	16463	Staphylococcus_aureus_CACRZC010000001.1	NODE_62_length_131201_cov_1.368614	98.26		True
local misassembly
1483711	1520567	16464	53332	Staphylococcus_aureus_CACRZC010000001.1	NODE_62_length_131201_cov_1.368614	97.6		True
fake: scaffold gap size wrong estimation (local)
1520701	1563989	53380	96610	Staphylococcus_aureus_CACRZC010000001.1	NODE_62_length_131201_cov_1.368614	98.56		True
local misassembly
1565705	1566321	98240	98856	Staphylococcus_aureus_CACRZC010000001.1	NODE_62_length_131201_cov_1.368614	98.54		True
fake: scaffold gap size wrong estimation (local)
1567404	1567659	99934	100189	Staphylococcus_aureus_CACRZC010000001.1	NODE_62_length_131201_cov_1.368614	97.66		True
relocation, scaffold gap is present, inconsistency = 45676
1613400	1614866	100254	101720	Staphylococcus_aureus_CACRZC010000001.1	NODE_62_length_131201_cov_1.368614	98.3		True
fake: scaffold gap size wrong estimation (local)
1615642	1634293	102482	121022	Staphylococcus_aureus_CACRZC010000001.1	NODE_62_length_131201_cov_1.368614	98.5		True
relocation, inconsistency = 1781
1636185	1646300	121133	131201	Staphylococcus_aureus_CACRZC010000001.1	NODE_62_length_131201_cov_1.368614	98.68		True
CONTIG	NODE_62_length_131201_cov_1.368614	131201	misassembled
2635041	2645711	1	10690	Staphylococcus_aureus_CACRZC010000001.1	NODE_65_length_129650_cov_1.393567	98.32		True
relocation, inconsistency = -1628
2645798	2661349	12405	27959	Staphylococcus_aureus_CACRZC010000001.1	NODE_65_length_129650_cov_1.393567	97.73		True
relocation, inconsistency = 926701
1718914	1719081	28142	27975	Staphylococcus_aureus_CACRZC010000001.1	NODE_65_length_129650_cov_1.393567	98.21		True
indel: indel (> 5bp)
1718701	1718856	28298	28143	Staphylococcus_aureus_CACRZC010000001.1	NODE_65_length_129650_cov_1.393567	98.72		True
relocation, inconsistency = -858878
2561280	2577569	44597	28308	Staphylococcus_aureus_CACRZC010000001.1	NODE_65_length_129650_cov_1.393567	99.31		True
fake: scaffold gap size wrong estimation (local)
2476095	2561148	129546	44608	Staphylococcus_aureus_CACRZC010000001.1	NODE_65_length_129650_cov_1.393567	98.47		True
CONTIG	NODE_65_length_129650_cov_1.393567	129650	misassembled
975725	991669	15908	1	Staphylococcus_aureus_CACRZC010000001.1	NODE_85_length_101428_cov_1.409162	99.23		True
fake: scaffold gap size wrong estimation (local)
919852	975718	71947	16046	Staphylococcus_aureus_CACRZC010000001.1	NODE_85_length_101428_cov_1.409162	99.18		True
local misassembly
917293	919607	74426	72112	Staphylococcus_aureus_CACRZC010000001.1	NODE_85_length_101428_cov_1.409162	99.65		True
fake: scaffold gap size wrong estimation (local)
890305	917153	101428	74548	Staphylococcus_aureus_CACRZC010000001.1	NODE_85_length_101428_cov_1.409162	99.48		True
CONTIG	NODE_85_length_101428_cov_1.409162	101428	correct
2711829	2720501	13308	4641	Staphylococcus_aureus_CACRZC010000001.1	NODE_90_length_94959_cov_1.441830	97.57		True
local misassembly
2710436	2711656	14562	13342	Staphylococcus_aureus_CACRZC010000001.1	NODE_90_length_94959_cov_1.441830	96.97		True
fake: scaffold gap size wrong estimation (local)
2707001	2710077	17650	14573	Staphylococcus_aureus_CACRZC010000001.1	NODE_90_length_94959_cov_1.441830	97.37		True
local misassembly
2694247	2706174	29818	17887	Staphylococcus_aureus_CACRZC010000001.1	NODE_90_length_94959_cov_1.441830	98.25		True
relocation, inconsistency = 2032009
661283	661842	30214	30773	Staphylococcus_aureus_CACRZC010000001.1	NODE_90_length_94959_cov_1.441830	97.5		True
indel: indel (<= 5bp)
661845	662044	30774	30973	Staphylococcus_aureus_CACRZC010000001.1	NODE_90_length_94959_cov_1.441830	95.0		True
indel: indel (> 5bp)
662045	662114	31040	31109	Staphylococcus_aureus_CACRZC010000001.1	NODE_90_length_94959_cov_1.441830	100.0		True
indel: indel (> 5bp)
662115	662422	31171	31478	Staphylococcus_aureus_CACRZC010000001.1	NODE_90_length_94959_cov_1.441830	99.03		True
fake: scaffold gap size wrong estimation (local)
662666	664171	31489	32993	Staphylococcus_aureus_CACRZC010000001.1	NODE_90_length_94959_cov_1.441830	98.8		True
fake: scaffold gap size wrong estimation (local)
664403	680333	33004	48933	Staphylococcus_aureus_CACRZC010000001.1	NODE_90_length_94959_cov_1.441830	99.52		True
relocation, inconsistency = 1520
681854	682462	48934	49542	Staphylococcus_aureus_CACRZC010000001.1	NODE_90_length_94959_cov_1.441830	99.26		True
local misassembly
682596	698691	49543	65605	Staphylococcus_aureus_CACRZC010000001.1	NODE_90_length_94959_cov_1.441830	99.54		True
fake: scaffold gap size wrong estimation (local)
698856	728007	65616	94959	Staphylococcus_aureus_CACRZC010000001.1	NODE_90_length_94959_cov_1.441830	98.84		True
CONTIG	NODE_90_length_94959_cov_1.441830	94959	misassembled
46784	49832	3061	1	Staphylococcus_aureus_CACRZC010000002.1	NODE_96_length_88253_cov_1.415977	96.93		True
translocation, scaffold gap is present
2720499	2728842	15628	23980	Staphylococcus_aureus_CACRZC010000001.1	NODE_96_length_88253_cov_1.415977	97.48		True
relocation, inconsistency = 2050
2730893	2771232	23981	64316	Staphylococcus_aureus_CACRZC010000001.1	NODE_96_length_88253_cov_1.415977	97.85		True
local misassembly
2771366	2771435	64612	64681	Staphylococcus_aureus_CACRZC010000001.1	NODE_96_length_88253_cov_1.415977	95.71		True
local misassembly
2771768	2773163	65020	66415	Staphylococcus_aureus_CACRZC010000001.1	NODE_96_length_88253_cov_1.415977	97.06		True
indel: indel (<= 5bp)
2773165	2774501	66416	67752	Staphylococcus_aureus_CACRZC010000001.1	NODE_96_length_88253_cov_1.415977	99.18		True
fake: scaffold gap size wrong estimation (local)
2774628	2782007	67763	75143	Staphylococcus_aureus_CACRZC010000001.1	NODE_96_length_88253_cov_1.415977	96.38		True
local misassembly
2783425	2795102	76564	88253	Staphylococcus_aureus_CACRZC010000001.1	NODE_96_length_88253_cov_1.415977	97.97		True
CONTIG	NODE_96_length_88253_cov_1.415977	88253	misassembled
2225120	2256907	31797	1	Staphylococcus_aureus_CACRZC010000001.1	NODE_112_length_73147_cov_1.400449	99.69		True
fake: scaffold gap size wrong estimation (local)
2203644	2224985	52975	31808	Staphylococcus_aureus_CACRZC010000001.1	NODE_112_length_73147_cov_1.400449	98.77		True
relocation, inconsistency = 1520
2181972	2202123	73147	52976	Staphylococcus_aureus_CACRZC010000001.1	NODE_112_length_73147_cov_1.400449	99.43		True
CONTIG	NODE_112_length_73147_cov_1.400449	73147	misassembled
443663	448131	4486	1	Staphylococcus_aureus_CACRZC010000001.1	NODE_113_length_72889_cov_1.391908	96.63		True
relocation, inconsistency = -1117
433086	443962	16201	5304	Staphylococcus_aureus_CACRZC010000001.1	NODE_113_length_72889_cov_1.391908	96.73		True
relocation, scaffold gap is present, inconsistency = -31460
407812	433093	72889	47654	Staphylococcus_aureus_CACRZC010000001.1	NODE_113_length_72889_cov_1.391908	98.03		True
CONTIG	NODE_113_length_72889_cov_1.391908	72889	misassembled
94302	95392	19941	21031	Staphylococcus_aureus_CACRZC010000001.1	NODE_119_length_69996_cov_1.405754	97.25		True
local misassembly
95659	96997	21297	22635	Staphylococcus_aureus_CACRZC010000001.1	NODE_119_length_69996_cov_1.405754	95.22		True
indel: indel (<= 5bp)
96998	98633	22637	24272	Staphylococcus_aureus_CACRZC010000001.1	NODE_119_length_69996_cov_1.405754	96.88		True
local misassembly
100406	101023	26076	26693	Staphylococcus_aureus_CACRZC010000001.1	NODE_119_length_69996_cov_1.405754	98.06		True
indel: indel (<= 5bp)
101034	102382	26703	28051	Staphylococcus_aureus_CACRZC010000001.1	NODE_119_length_69996_cov_1.405754	95.41		True
relocation, inconsistency = 3326
105709	115904	28052	38259	Staphylococcus_aureus_CACRZC010000001.1	NODE_119_length_69996_cov_1.405754	96.38		True
relocation, inconsistency = 2395
118300	121640	38260	41563	Staphylococcus_aureus_CACRZC010000001.1	NODE_119_length_69996_cov_1.405754	97.31		True
local misassembly
121850	148404	41564	68056	Staphylococcus_aureus_CACRZC010000001.1	NODE_119_length_69996_cov_1.405754	97.15		True
local misassembly
148584	150435	68146	69996	Staphylococcus_aureus_CACRZC010000001.1	NODE_119_length_69996_cov_1.405754	97.68		True
CONTIG	NODE_119_length_69996_cov_1.405754	69996	misassembled
391520	407574	16042	20	Staphylococcus_aureus_CACRZC010000001.1	NODE_120_length_69805_cov_1.399621	97.76		True
local misassembly
365940	391335	41454	16078	Staphylococcus_aureus_CACRZC010000001.1	NODE_120_length_69805_cov_1.399621	97.38		True
relocation, scaffold gap is present, inconsistency = -778033
1141396	1141872	44031	43555	Staphylococcus_aureus_CACRZC010000001.1	NODE_120_length_69805_cov_1.399621	99.16		True
indel: indel (<= 5bp)
1141076	1141394	44350	44032	Staphylococcus_aureus_CACRZC010000001.1	NODE_120_length_69805_cov_1.399621	99.06		True
local misassembly
1140786	1140969	44639	44456	Staphylococcus_aureus_CACRZC010000001.1	NODE_120_length_69805_cov_1.399621	95.65		True
local misassembly
1137242	1137778	48231	47695	Staphylococcus_aureus_CACRZC010000001.1	NODE_120_length_69805_cov_1.399621	96.09		True
local misassembly
1135025	1135915	50454	49564	Staphylococcus_aureus_CACRZC010000001.1	NODE_120_length_69805_cov_1.399621	95.17		True
fake: scaffold gap size wrong estimation (local)
1116672	1117162	68188	67698	Staphylococcus_aureus_CACRZC010000001.1	NODE_120_length_69805_cov_1.399621	96.95		True
local misassembly
1115765	1116129	69078	68714	Staphylococcus_aureus_CACRZC010000001.1	NODE_120_length_69805_cov_1.399621	98.63		True
CONTIG	NODE_120_length_69805_cov_1.399621	69805	misassembled
1032544	1035148	1	2605	Staphylococcus_aureus_CACRZC010000001.1	NODE_137_length_58351_cov_1.326564	99.58		True
fake: scaffold gap size wrong estimation (local)
1035542	1053625	2616	20520	Staphylococcus_aureus_CACRZC010000001.1	NODE_137_length_58351_cov_1.326564	98.44		True
relocation, inconsistency = 1520
1055146	1063089	20521	28464	Staphylococcus_aureus_CACRZC010000001.1	NODE_137_length_58351_cov_1.326564	99.45		True
fake: scaffold gap size wrong estimation (local)
1063253	1093020	28608	58351	Staphylococcus_aureus_CACRZC010000001.1	NODE_137_length_58351_cov_1.326564	99.44		True
CONTIG	NODE_137_length_58351_cov_1.326564	58351	misassembled
558063	609967	51905	1	Staphylococcus_aureus_CACRZC010000001.1	NODE_145_length_51905_cov_1.379107	99.31		True
CONTIG	NODE_145_length_51905_cov_1.379107	51905	correct
653947	661181	7284	59	Staphylococcus_aureus_CACRZC010000001.1	NODE_148_length_50553_cov_1.366651	99.28		True
local misassembly
652457	653679	8539	7317	Staphylococcus_aureus_CACRZC010000001.1	NODE_148_length_50553_cov_1.366651	97.69		True
local misassembly
650883	651007	9166	9042	Staphylococcus_aureus_CACRZC010000001.1	NODE_148_length_50553_cov_1.366651	98.4		True
fake: scaffold gap size wrong estimation (extensive)
650209	650867	13182	12524	Staphylococcus_aureus_CACRZC010000001.1	NODE_148_length_50553_cov_1.366651	95.98		True
relocation, inconsistency = -1439
650883	651647	13947	13183	Staphylococcus_aureus_CACRZC010000001.1	NODE_148_length_50553_cov_1.366651	95.03		True
fake: scaffold gap size wrong estimation (extensive)
616587	649910	50553	17261	Staphylococcus_aureus_CACRZC010000001.1	NODE_148_length_50553_cov_1.366651	98.96		True
CONTIG	NODE_148_length_50553_cov_1.366651	50553	misassembled
727882	739385	1	11495	Staphylococcus_aureus_CACRZC010000001.1	NODE_149_length_50329_cov_1.430321	99.56		True
fake: scaffold gap size wrong estimation (local)
739395	778045	11647	50329	Staphylococcus_aureus_CACRZC010000001.1	NODE_149_length_50329_cov_1.430321	99.47		True
CONTIG	NODE_149_length_50329_cov_1.430321	50329	correct
1719305	1737100	1191	18898	Staphylococcus_aureus_CACRZC010000001.1	NODE_150_length_50061_cov_1.407730	99.13		True
local misassembly
1737334	1750862	18899	32427	Staphylococcus_aureus_CACRZC010000001.1	NODE_150_length_50061_cov_1.407730	99.34		True
fake: scaffold gap size wrong estimation (local)
1750982	1768652	32438	50061	Staphylococcus_aureus_CACRZC010000001.1	NODE_150_length_50061_cov_1.407730	98.96		True
CONTIG	NODE_150_length_50061_cov_1.407730	50061	correct
2577604	2588017	75	10505	Staphylococcus_aureus_CACRZC010000001.1	NODE_155_length_47588_cov_1.437238	98.41		True
local misassembly
2588181	2589580	10531	11930	Staphylococcus_aureus_CACRZC010000001.1	NODE_155_length_47588_cov_1.437238	99.43		True
fake: scaffold gap size wrong estimation (local)
2589738	2598126	11944	20352	Staphylococcus_aureus_CACRZC010000001.1	NODE_155_length_47588_cov_1.437238	98.29		True
local misassembly
2598990	2603424	21157	25588	Staphylococcus_aureus_CACRZC010000001.1	NODE_155_length_47588_cov_1.437238	96.3		True
local misassembly
2604114	2606772	25589	28266	Staphylococcus_aureus_CACRZC010000001.1	NODE_155_length_47588_cov_1.437238	96.33		True
relocation, inconsistency = 4275
2611048	2619459	28267	36662	Staphylococcus_aureus_CACRZC010000001.1	NODE_155_length_47588_cov_1.437238	96.59		True
fake: scaffold gap size wrong estimation (local)
2619462	2621781	36793	39113	Staphylococcus_aureus_CACRZC010000001.1	NODE_155_length_47588_cov_1.437238	98.55		True
local misassembly
2622550	2628619	39114	45144	Staphylococcus_aureus_CACRZC010000001.1	NODE_155_length_47588_cov_1.437238	96.82		True
relocation, inconsistency = 3653
2633478	2634701	46350	47588	Staphylococcus_aureus_CACRZC010000001.1	NODE_155_length_47588_cov_1.437238	95.66		True
CONTIG	NODE_155_length_47588_cov_1.437238	47588	misassembled
1261488	1290863	29328	1	Staphylococcus_aureus_CACRZC010000001.1	NODE_156_length_47345_cov_1.327562	99.24		True
fake: scaffold gap size wrong estimation (local)
1260683	1261417	30281	29547	Staphylococcus_aureus_CACRZC010000001.1	NODE_156_length_47345_cov_1.327562	99.46		True
fake: scaffold gap size wrong estimation (local)
1255578	1260675	35475	30378	Staphylococcus_aureus_CACRZC010000001.1	NODE_156_length_47345_cov_1.327562	99.49		True
local misassembly
1243524	1255385	47345	35476	Staphylococcus_aureus_CACRZC010000001.1	NODE_156_length_47345_cov_1.327562	99.54		True
CONTIG	NODE_156_length_47345_cov_1.327562	47345	correct
449539	451336	1	1798	Staphylococcus_aureus_CACRZC010000001.1	NODE_157_length_47115_cov_1.326400	99.72		True
local misassembly
452320	452589	2797	3066	Staphylococcus_aureus_CACRZC010000001.1	NODE_157_length_47115_cov_1.326400	95.19		True
local misassembly
453393	453465	3866	3938	Staphylococcus_aureus_CACRZC010000001.1	NODE_157_length_47115_cov_1.326400	98.63		True
indel: indel (<= 5bp)
453467	454009	3939	4481	Staphylococcus_aureus_CACRZC010000001.1	NODE_157_length_47115_cov_1.326400	97.05		True
relocation, inconsistency = 6602
460950	461960	4820	5831	Staphylococcus_aureus_CACRZC010000001.1	NODE_157_length_47115_cov_1.326400	95.95		True
local misassembly
462698	503249	6572	47115	Staphylococcus_aureus_CACRZC010000001.1	NODE_157_length_47115_cov_1.326400	98.44		True
CONTIG	NODE_157_length_47115_cov_1.326400	47115	misassembled
2022389	2035723	1	13395	Staphylococcus_aureus_CACRZC010000001.1	NODE_158_length_47092_cov_1.329815	99.01		True
relocation, inconsistency = -1166539
869185	873144	13396	17300	Staphylococcus_aureus_CACRZC010000001.1	NODE_158_length_47092_cov_1.329815	98.04		True
relocation, scaffold gap is present, inconsistency = -14593
873126	883939	31875	42616	Staphylococcus_aureus_CACRZC010000001.1	NODE_158_length_47092_cov_1.329815	98.45		True
local misassembly
884111	888573	42617	47092	Staphylococcus_aureus_CACRZC010000001.1	NODE_158_length_47092_cov_1.329815	99.14		True
CONTIG	NODE_158_length_47092_cov_1.329815	47092	misassembled
1858310	1886838	1	28544	Staphylococcus_aureus_CACRZC010000001.1	NODE_159_length_46978_cov_1.387551	99.37		True
fake: scaffold gap size wrong estimation (local)
1888051	1905107	29809	46880	Staphylococcus_aureus_CACRZC010000001.1	NODE_159_length_46978_cov_1.387551	98.49		True
CONTIG	NODE_159_length_46978_cov_1.387551	46978	correct
2124366	2124664	1	299	Staphylococcus_aureus_CACRZC010000001.1	NODE_160_length_46554_cov_1.395781	98.66		True
local misassembly
2126160	2126820	2245	2905	Staphylococcus_aureus_CACRZC010000001.1	NODE_160_length_46554_cov_1.395781	99.7		True
local misassembly
2127056	2130628	3138	6701	Staphylococcus_aureus_CACRZC010000001.1	NODE_160_length_46554_cov_1.395781	98.93		True
local misassembly
2131870	2138008	7167	13312	Staphylococcus_aureus_CACRZC010000001.1	NODE_160_length_46554_cov_1.395781	98.39		True
relocation, inconsistency = -1905
2138188	2140006	15397	17208	Staphylococcus_aureus_CACRZC010000001.1	NODE_160_length_46554_cov_1.395781	98.35		True
fake: scaffold gap size wrong estimation (extensive)
2140092	2147337	20412	27654	Staphylococcus_aureus_CACRZC010000001.1	NODE_160_length_46554_cov_1.395781	98.84		True
local misassembly
2148578	2156612	28896	36848	Staphylococcus_aureus_CACRZC010000001.1	NODE_160_length_46554_cov_1.395781	98.22		True
CONTIG	NODE_160_length_46554_cov_1.395781	46554	misassembled
1429551	1435133	5580	1	Staphylococcus_aureus_CACRZC010000001.1	NODE_164_length_45686_cov_1.446970	99.64		True
fake: scaffold gap size wrong estimation (local)
1422593	1429387	12387	5591	Staphylococcus_aureus_CACRZC010000001.1	NODE_164_length_45686_cov_1.446970	99.22		True
local misassembly
1388678	1421548	45685	12848	Staphylococcus_aureus_CACRZC010000001.1	NODE_164_length_45686_cov_1.446970	99.4		True
CONTIG	NODE_164_length_45686_cov_1.446970	45686	correct
1180236	1181434	1297	99	Staphylococcus_aureus_CACRZC010000001.1	NODE_170_length_43750_cov_1.425397	99.25		True
relocation, inconsistency = 1520
1157943	1178715	22186	1298	Staphylococcus_aureus_CACRZC010000001.1	NODE_170_length_43750_cov_1.425397	98.68		True
local misassembly
1144402	1157680	35485	22187	Staphylococcus_aureus_CACRZC010000001.1	NODE_170_length_43750_cov_1.425397	99.53		True
relocation, inconsistency = 43167
1092978	1101234	43750	35486	Staphylococcus_aureus_CACRZC010000001.1	NODE_170_length_43750_cov_1.425397	99.75		True
CONTIG	NODE_170_length_43750_cov_1.425397	43750	misassembled
1775201	1818073	42975	65	Staphylococcus_aureus_CACRZC010000001.1	NODE_172_length_42975_cov_1.507487	99.58		True
CONTIG	NODE_172_length_42975_cov_1.507487	42975	correct
856880	868930	12043	1	Staphylococcus_aureus_CACRZC010000001.1	NODE_173_length_42830_cov_1.415132	98.74		True
local misassembly
854380	856686	14502	12198	Staphylococcus_aureus_CACRZC010000001.1	NODE_173_length_42830_cov_1.415132	98.57		True
local misassembly
845884	853490	23096	15416	Staphylococcus_aureus_CACRZC010000001.1	NODE_173_length_42830_cov_1.415132	95.0		True
fake: scaffold gap size wrong estimation (local)
833115	845743	35730	23107	Staphylococcus_aureus_CACRZC010000001.1	NODE_173_length_42830_cov_1.415132	98.55		True
local misassembly
825788	832944	42762	35731	Staphylococcus_aureus_CACRZC010000001.1	NODE_173_length_42830_cov_1.415132	97.55		True
CONTIG	NODE_173_length_42830_cov_1.415132	42830	correct
1719081	1719344	694	431	Staphylococcus_aureus_CACRZC010000001.1	NODE_174_length_42749_cov_1.385838	97.35		True
local misassembly
1676610	1718700	42749	725	Staphylococcus_aureus_CACRZC010000001.1	NODE_174_length_42749_cov_1.385838	99.0		True
CONTIG	NODE_174_length_42749_cov_1.385838	42749	correct
803700	820229	16539	1	Staphylococcus_aureus_CACRZC010000001.1	NODE_175_length_42301_cov_1.377210	99.35		True
local misassembly
788955	803519	31292	16725	Staphylococcus_aureus_CACRZC010000001.1	NODE_175_length_42301_cov_1.377210	99.75		True
fake: scaffold gap size wrong estimation (local)
779628	788717	40724	31586	Staphylococcus_aureus_CACRZC010000001.1	NODE_175_length_42301_cov_1.377210	99.53		True
local misassembly
777919	779374	42301	40836	Staphylococcus_aureus_CACRZC010000001.1	NODE_175_length_42301_cov_1.377210	97.82		True
CONTIG	NODE_175_length_42301_cov_1.377210	42301	correct
24171	33653	17921	8425	Staphylococcus_aureus_CACRZC010000001.1	NODE_178_length_40938_cov_1.305076	97.78		True
local misassembly
19778	23919	22301	18160	Staphylococcus_aureus_CACRZC010000001.1	NODE_178_length_40938_cov_1.305076	98.48		True
fake: scaffold gap size wrong estimation (local)
892	19620	40938	22312	Staphylococcus_aureus_CACRZC010000001.1	NODE_178_length_40938_cov_1.305076	97.85		True
CONTIG	NODE_178_length_40938_cov_1.305076	40938	correct
508377	546633	38295	1	Staphylococcus_aureus_CACRZC010000001.1	NODE_183_length_38295_cov_1.453320	99.42		True
CONTIG	NODE_183_length_38295_cov_1.453320	38295	correct
2257295	2268068	1	10835	Staphylococcus_aureus_CACRZC010000001.1	NODE_184_length_38136_cov_1.470910	98.52		True
relocation, inconsistency = -1413
2269214	2291321	13394	35519	Staphylococcus_aureus_CACRZC010000001.1	NODE_184_length_38136_cov_1.470910	97.87		True
relocation, inconsistency = -293125
1998197	2000771	35520	38136	Staphylococcus_aureus_CACRZC010000001.1	NODE_184_length_38136_cov_1.470910	97.82		True
CONTIG	NODE_184_length_38136_cov_1.470910	38136	misassembled
2035637	2069705	1	34098	Staphylococcus_aureus_CACRZC010000001.1	NODE_187_length_37592_cov_1.339183	99.59		True
fake: scaffold gap size wrong estimation (local)
2069950	2073432	34109	37592	Staphylococcus_aureus_CACRZC010000001.1	NODE_187_length_37592_cov_1.339183	99.05		True
CONTIG	NODE_187_length_37592_cov_1.339183	37592	correct
1353118	1388494	35413	1	Staphylococcus_aureus_CACRZC010000001.1	NODE_190_length_37399_cov_1.389946	99.27		True
local misassembly
1352851	1353130	36283	36004	Staphylococcus_aureus_CACRZC010000001.1	NODE_190_length_37399_cov_1.389946	96.79		True
CONTIG	NODE_190_length_37399_cov_1.389946	37399	correct
2156612	2161985	23871	29243	Staphylococcus_aureus_CACRZC010000001.1	NODE_194_length_35993_cov_1.374798	99.57		True
unknown
2162227	2168934	29272	35993	Staphylococcus_aureus_CACRZC010000001.1	NODE_194_length_35993_cov_1.374798	99.57		True
unknown
CONTIG	NODE_194_length_35993_cov_1.374798	35993	mis_unaligned
1215068	1215360	295	3	Staphylococcus_aureus_CACRZC010000001.1	NODE_200_length_33730_cov_1.462490	99.66		True
fake: scaffold gap size wrong estimation (local)
1181427	1214735	33649	306	Staphylococcus_aureus_CACRZC010000001.1	NODE_200_length_33730_cov_1.462490	99.08		True
CONTIG	NODE_200_length_33730_cov_1.462490	33730	correct
1965584	1983058	1	17540	Staphylococcus_aureus_CACRZC010000001.1	NODE_205_length_32730_cov_1.464221	98.51		True
local misassembly
1983215	1991414	17541	25760	Staphylococcus_aureus_CACRZC010000001.1	NODE_205_length_32730_cov_1.464221	98.93		True
local misassembly
1991400	1998105	25978	32682	Staphylococcus_aureus_CACRZC010000001.1	NODE_205_length_32730_cov_1.464221	99.55		True
CONTIG	NODE_205_length_32730_cov_1.464221	32730	correct
1655024	1676739	21748	1	Staphylococcus_aureus_CACRZC010000001.1	NODE_210_length_30435_cov_1.276734	99.53		True
fake: scaffold gap size wrong estimation (local)
1646243	1654902	30435	21759	Staphylococcus_aureus_CACRZC010000001.1	NODE_210_length_30435_cov_1.276734	99.61		True
CONTIG	NODE_210_length_30435_cov_1.276734	30435	correct
2795059	2807976	1	12912	Staphylococcus_aureus_CACRZC010000001.1	NODE_212_length_30298_cov_1.447035	97.58		True
relocation, inconsistency = 1012
2815887	2826357	19811	30295	Staphylococcus_aureus_CACRZC010000001.1	NODE_212_length_30298_cov_1.447035	97.57		True
CONTIG	NODE_212_length_30298_cov_1.447035	30298	misassembled
1215902	1243649	27688	1	Staphylococcus_aureus_CACRZC010000001.1	NODE_221_length_27688_cov_1.416869	99.39		True
CONTIG	NODE_221_length_27688_cov_1.416869	27688	correct
1107550	1107818	269	1	Staphylococcus_aureus_CACRZC010000001.1	NODE_224_length_26696_cov_1.404820	98.88		True
local misassembly
1105439	1105902	2017	1554	Staphylococcus_aureus_CACRZC010000001.1	NODE_224_length_26696_cov_1.404820	96.98		True
relocation, inconsistency = 734427
346351	365957	26696	7072	Staphylococcus_aureus_CACRZC010000001.1	NODE_224_length_26696_cov_1.404820	98.03		True
CONTIG	NODE_224_length_26696_cov_1.404820	26696	misassembled
2848588	2850189	1717	126	Staphylococcus_aureus_CACRZC010000001.1	NODE_229_length_25421_cov_1.309415	97.49		True
relocation, inconsistency = -2730
2847974	2848581	5061	4454	Staphylococcus_aureus_CACRZC010000001.1	NODE_229_length_25421_cov_1.309415	97.7		True
fake: scaffold gap size wrong estimation (extensive)
2826376	2846537	25283	5130	Staphylococcus_aureus_CACRZC010000001.1	NODE_229_length_25421_cov_1.309415	97.24		True
CONTIG	NODE_229_length_25421_cov_1.309415	25421	misassembled
1310780	1334713	23996	1	Staphylococcus_aureus_CACRZC010000001.1	NODE_236_length_23996_cov_1.322091	99.54		True
CONTIG	NODE_236_length_23996_cov_1.322091	23996	correct
1835215	1858435	1	23154	Staphylococcus_aureus_CACRZC010000001.1	NODE_238_length_23154_cov_1.430362	99.04		True
CONTIG	NODE_238_length_23154_cov_1.430362	23154	correct
2098361	2098587	227	1	Staphylococcus_aureus_CACRZC010000001.1	NODE_243_length_22292_cov_1.317803	100.0		True
local misassembly
2095765	2097951	2823	637	Staphylococcus_aureus_CACRZC010000001.1	NODE_243_length_22292_cov_1.317803	99.54		True
local misassembly
2091546	2094684	6906	3762	Staphylococcus_aureus_CACRZC010000001.1	NODE_243_length_22292_cov_1.317803	98.28		True
local misassembly
2087035	2090755	10693	6981	Staphylococcus_aureus_CACRZC010000001.1	NODE_243_length_22292_cov_1.317803	97.1		True
local misassembly
2075771	2087119	22292	10924	Staphylococcus_aureus_CACRZC010000001.1	NODE_243_length_22292_cov_1.317803	98.93		True
CONTIG	NODE_243_length_22292_cov_1.317803	22292	correct
1943260	1944632	1	1368	Staphylococcus_aureus_CACRZC010000001.1	NODE_252_length_21461_cov_1.413023	97.53		True
local misassembly
1945200	1949766	1933	6499	Staphylococcus_aureus_CACRZC010000001.1	NODE_252_length_21461_cov_1.413023	98.75		True
local misassembly
1950154	1950903	6872	7622	Staphylococcus_aureus_CACRZC010000001.1	NODE_252_length_21461_cov_1.413023	98.27		True
relocation, inconsistency = -6279
1952758	1957255	15756	20246	Staphylococcus_aureus_CACRZC010000001.1	NODE_252_length_21461_cov_1.413023	97.6		True
relocation, inconsistency = 7285
1965312	1965647	21018	21353	Staphylococcus_aureus_CACRZC010000001.1	NODE_252_length_21461_cov_1.413023	95.83		True
CONTIG	NODE_252_length_21461_cov_1.413023	21461	misassembled
2297025	2316740	1	19733	Staphylococcus_aureus_CACRZC010000001.1	NODE_266_length_19834_cov_1.346998	99.41		True
CONTIG	NODE_266_length_19834_cov_1.346998	19834	correct
1291071	1310808	19668	1	Staphylococcus_aureus_CACRZC010000001.1	NODE_269_length_19668_cov_1.328325	98.92		True
CONTIG	NODE_269_length_19668_cov_1.328325	19668	correct
1005905	1009348	3433	1	Staphylococcus_aureus_CACRZC010000001.1	NODE_275_length_19119_cov_1.404154	98.69		True
relocation, inconsistency = -1775
992007	1005891	19119	5222	Staphylococcus_aureus_CACRZC010000001.1	NODE_275_length_19119_cov_1.404154	99.26		True
CONTIG	NODE_275_length_19119_cov_1.404154	19119	misassembled
1334705	1353096	18899	487	Staphylococcus_aureus_CACRZC010000001.1	NODE_276_length_18899_cov_1.365426	99.05		True
CONTIG	NODE_276_length_18899_cov_1.365426	18899	correct
2099723	2116567	17342	508	Staphylococcus_aureus_CACRZC010000001.1	NODE_279_length_18341_cov_1.371944	97.51		True
local misassembly
2099186	2099541	17709	17354	Staphylococcus_aureus_CACRZC010000001.1	NODE_279_length_18341_cov_1.371944	98.6		True
fake: scaffold gap size wrong estimation (local)
2098546	2098947	18341	17940	Staphylococcus_aureus_CACRZC010000001.1	NODE_279_length_18341_cov_1.371944	99.25		True
CONTIG	NODE_279_length_18341_cov_1.371944	18341	correct
2676160	2679004	2848	6	Staphylococcus_aureus_CACRZC010000001.1	NODE_289_length_17391_cov_1.411346	97.4		True
relocation, inconsistency = -1458
2663072	2676231	17391	4235	Staphylococcus_aureus_CACRZC010000001.1	NODE_289_length_17391_cov_1.411346	99.08		True
CONTIG	NODE_289_length_17391_cov_1.411346	17391	misassembled
1915142	1922042	6899	1	Staphylococcus_aureus_CACRZC010000001.1	NODE_290_length_17337_cov_1.366284	99.12		True
local misassembly
1905404	1915062	17258	7599	Staphylococcus_aureus_CACRZC010000001.1	NODE_290_length_17337_cov_1.366284	99.41		True
CONTIG	NODE_290_length_17337_cov_1.366284	17337	correct
1015489	1018334	1	2843	Staphylococcus_aureus_CACRZC010000001.1	NODE_297_length_16850_cov_1.272999	97.9		True
fake: scaffold gap size wrong estimation (local)
1018784	1032668	2917	16850	Staphylococcus_aureus_CACRZC010000001.1	NODE_297_length_16850_cov_1.272999	99.41		True
CONTIG	NODE_297_length_16850_cov_1.272999	16850	correct
1818107	1834837	7	16653	Staphylococcus_aureus_CACRZC010000001.1	NODE_299_length_16653_cov_1.269180	98.7		True
CONTIG	NODE_299_length_16653_cov_1.269180	16653	correct
1939100	1939626	2984	2458	Staphylococcus_aureus_CACRZC010000001.1	NODE_314_length_15000_cov_1.622441	97.15		True
local misassembly
1938522	1938873	3754	3403	Staphylococcus_aureus_CACRZC010000001.1	NODE_314_length_15000_cov_1.622441	96.31		True
relocation, inconsistency = -1112
1929338	1937982	14063	5406	Staphylococcus_aureus_CACRZC010000001.1	NODE_314_length_15000_cov_1.622441	97.98		True
local misassembly
1929019	1929187	14257	14089	Staphylococcus_aureus_CACRZC010000001.1	NODE_314_length_15000_cov_1.622441	98.22		True
CONTIG	NODE_314_length_15000_cov_1.622441	15000	misassembled
2007326	2022236	1	14911	Staphylococcus_aureus_CACRZC010000001.1	NODE_315_length_14914_cov_1.397435	99.35		True
CONTIG	NODE_315_length_14914_cov_1.397435	14914	correct
2858523	2860871	2350	1	Staphylococcus_aureus_CACRZC010000001.1	NODE_324_length_14184_cov_1.458857	96.31		True
relocation, inconsistency = -3249
2855359	2858351	8763	5771	Staphylococcus_aureus_CACRZC010000001.1	NODE_324_length_14184_cov_1.458857	95.89		True
local misassembly
2852370	2853624	11932	10678	Staphylococcus_aureus_CACRZC010000001.1	NODE_324_length_14184_cov_1.458857	95.62		True
indel: indel (<= 5bp)
2850440	2852320	13863	11983	Staphylococcus_aureus_CACRZC010000001.1	NODE_324_length_14184_cov_1.458857	95.59		True
indel: indel (<= 5bp)
2850259	2850394	14041	13906	Staphylococcus_aureus_CACRZC010000001.1	NODE_324_length_14184_cov_1.458857	95.59		True
CONTIG	NODE_324_length_14184_cov_1.458857	14184	misassembled
1451570	1464803	13239	36	Staphylococcus_aureus_CACRZC010000001.1	NODE_335_length_13342_cov_1.349317	99.18		True
CONTIG	NODE_335_length_13342_cov_1.349317	13342	correct
41996	53081	11906	819	Staphylococcus_aureus_CACRZC010000001.1	NODE_353_length_12762_cov_1.292822	99.85		True
local misassembly
41897	41996	12762	12663	Staphylococcus_aureus_CACRZC010000001.1	NODE_353_length_12762_cov_1.292822	100.0		True
CONTIG	NODE_353_length_12762_cov_1.292822	12762	correct
1768592	1774037	5421	1	Staphylococcus_aureus_CACRZC010000001.1	NODE_360_length_12402_cov_2.238316	98.66		True
CONTIG	NODE_360_length_12402_cov_2.238316	12402	correct_unaligned
42535	44855	1158	3481	Staphylococcus_aureus_CACRZC010000002.1	NODE_412_length_9701_cov_2.614247	99.57		True
unknown
41661	42449	3788	4576	Staphylococcus_aureus_CACRZC010000002.1	NODE_412_length_9701_cov_2.614247	99.75		True
unknown
CONTIG	NODE_412_length_9701_cov_2.614247	9701	mis_unaligned
1440358	1448586	1	8230	Staphylococcus_aureus_CACRZC010000001.1	NODE_461_length_8231_cov_1.387850	99.31		True
CONTIG	NODE_461_length_8231_cov_1.387850	8231	correct
2681086	2689172	8108	7	Staphylococcus_aureus_CACRZC010000001.1	NODE_468_length_8108_cov_1.587839	98.46		True
CONTIG	NODE_468_length_8108_cov_1.587839	8108	correct
1600012	1600558	1	547	Staphylococcus_aureus_CACRZC010000001.1	NODE_483_length_7575_cov_2.641653	99.27		True
relocation, inconsistency = 516878
2117832	2124464	943	7575	Staphylococcus_aureus_CACRZC010000001.1	NODE_483_length_7575_cov_2.641653	99.68		True
CONTIG	NODE_483_length_7575_cov_2.641653	7575	misassembled
2169243	2176356	1	7113	Staphylococcus_aureus_CACRZC010000001.1	NODE_500_length_7176_cov_1.467995	98.96		True
CONTIG	NODE_500_length_7176_cov_1.467995	7176	correct
614459	616693	2235	1	Staphylococcus_aureus_CACRZC010000001.1	NODE_510_length_6784_cov_1.379357	97.23		True
fake: scaffold gap size wrong estimation (local)
612206	613876	4602	2932	Staphylococcus_aureus_CACRZC010000001.1	NODE_510_length_6784_cov_1.379357	99.64		True
local misassembly
610028	611764	6774	5044	Staphylococcus_aureus_CACRZC010000001.1	NODE_510_length_6784_cov_1.379357	97.64		True
CONTIG	NODE_510_length_6784_cov_1.379357	6784	correct
1009354	1009636	1	283	Staphylococcus_aureus_CACRZC010000001.1	NODE_541_length_6182_cov_1.272892	100.0		True
fake: scaffold gap size wrong estimation (local)
1009660	1015020	535	5895	Staphylococcus_aureus_CACRZC010000001.1	NODE_541_length_6182_cov_1.272892	99.22		True
fake: scaffold gap size wrong estimation (local)
1015191	1015467	5906	6182	Staphylococcus_aureus_CACRZC010000001.1	NODE_541_length_6182_cov_1.272892	99.28		True
CONTIG	NODE_541_length_6182_cov_1.272892	6182	correct
2861082	2867059	5946	1	Staphylococcus_aureus_CACRZC010000001.1	NODE_553_length_6002_cov_1.501440	98.51		True
CONTIG	NODE_553_length_6002_cov_1.501440	6002	correct
1923614	1929020	1	5405	Staphylococcus_aureus_CACRZC010000001.1	NODE_576_length_5502_cov_1.564316	99.17		True
CONTIG	NODE_576_length_5502_cov_1.564316	5502	correct
820035	825168	5078	1	Staphylococcus_aureus_CACRZC010000001.1	NODE_577_length_5477_cov_1.574749	98.31		True
relocation, inconsistency = -5435
825070	825469	5477	5079	Staphylococcus_aureus_CACRZC010000001.1	NODE_577_length_5477_cov_1.574749	97.65		True
CONTIG	NODE_577_length_5477_cov_1.574749	5477	misassembled
345860	346378	542	24	Staphylococcus_aureus_CACRZC010000001.1	NODE_589_length_5269_cov_1.364990	95.76		True
unknown
344979	345859	1457	577	Staphylococcus_aureus_CACRZC010000001.1	NODE_589_length_5269_cov_1.364990	98.3		True
unknown
344622	344978	1815	1459	Staphylococcus_aureus_CACRZC010000001.1	NODE_589_length_5269_cov_1.364990	98.6		True
unknown
344403	344620	2033	1816	Staphylococcus_aureus_CACRZC010000001.1	NODE_589_length_5269_cov_1.364990	96.33		True
unknown
CONTIG	NODE_589_length_5269_cov_1.364990	5269	mis_unaligned
1941130	1941852	723	1	Staphylococcus_aureus_CACRZC010000001.1	NODE_598_length_5049_cov_1.197576	97.38		True
unknown
1940203	1940461	1621	1363	Staphylococcus_aureus_CACRZC010000001.1	NODE_598_length_5049_cov_1.197576	96.14		True
unknown
CONTIG	NODE_598_length_5049_cov_1.197576	5049	mis_unaligned
2689184	2693993	4873	64	Staphylococcus_aureus_CACRZC010000001.1	NODE_609_length_4873_cov_1.389401	98.13		True
CONTIG	NODE_609_length_4873_cov_1.389401	4873	correct
1438956	1440364	1409	1	Staphylococcus_aureus_CACRZC010000001.1	NODE_632_length_4551_cov_1.325472	99.22		True
local misassembly
1435612	1438722	4551	1441	Staphylococcus_aureus_CACRZC010000001.1	NODE_632_length_4551_cov_1.325472	97.65		True
CONTIG	NODE_632_length_4551_cov_1.325472	4551	correct
35860	35928	69	1	Staphylococcus_aureus_CACRZC010000001.1	NODE_648_length_4378_cov_1.491003	100.0		True
CONTIG	NODE_648_length_4378_cov_1.491003	4378	correct_unaligned
2631806	2632066	261	1	Staphylococcus_aureus_CACRZC010000001.1	NODE_724_length_3346_cov_1.505390	96.93		True
local misassembly
2630650	2631334	1231	547	Staphylococcus_aureus_CACRZC010000001.1	NODE_724_length_3346_cov_1.505390	96.79		True
indel: indel (<= 5bp)
2630340	2630649	1542	1233	Staphylococcus_aureus_CACRZC010000001.1	NODE_724_length_3346_cov_1.505390	95.81		True
fake: scaffold gap size wrong estimation (local)
2629976	2630339	1925	1562	Staphylococcus_aureus_CACRZC010000001.1	NODE_724_length_3346_cov_1.505390	98.63		True
local misassembly
2628540	2628780	3328	3088	Staphylococcus_aureus_CACRZC010000001.1	NODE_724_length_3346_cov_1.505390	96.27		True
CONTIG	NODE_724_length_3346_cov_1.505390	3346	correct
2291866	2295006	1	3141	Staphylococcus_aureus_CACRZC010000001.1	NODE_745_length_3141_cov_7.004602	99.97		True
CONTIG	NODE_745_length_3141_cov_7.004602	3141	correct
1448753	1451536	1	2783	Staphylococcus_aureus_CACRZC010000001.1	NODE_756_length_2945_cov_1.621574	99.86		True
CONTIG	NODE_756_length_2945_cov_1.621574	2945	correct
56280	56371	92	1	Staphylococcus_aureus_CACRZC010000001.1	NODE_763_length_2904_cov_1.682353	98.91		True
CONTIG	NODE_763_length_2904_cov_1.682353	2904	correct_unaligned
60665	60925	949	685	Staphylococcus_aureus_CACRZC010000001.1	NODE_878_length_1938_cov_1.535073	96.08		True
unknown
59674	60114	1938	1498	Staphylococcus_aureus_CACRZC010000001.1	NODE_878_length_1938_cov_1.535073	96.37		True
unknown
CONTIG	NODE_878_length_1938_cov_1.535073	1938	mis_unaligned
2661392	2663074	1683	1	Staphylococcus_aureus_CACRZC010000001.1	NODE_881_length_1919_cov_1.231319	98.93		True
relocation, inconsistency = 942295
1718862	1718996	1784	1919	Staphylococcus_aureus_CACRZC010000001.1	NODE_881_length_1919_cov_1.231319	95.59		True
CONTIG	NODE_881_length_1919_cov_1.231319	1919	misassembled
150774	152392	1644	26	Staphylococcus_aureus_CACRZC010000001.1	NODE_914_length_1644_cov_1.546926	98.58		True
CONTIG	NODE_914_length_1644_cov_1.546926	1644	correct
2295423	2297062	1640	1	Staphylococcus_aureus_CACRZC010000001.1	NODE_915_length_1640_cov_6.550941	100.0		True
CONTIG	NODE_915_length_1640_cov_6.550941	1640	correct
2073822	2075461	1639	1	Staphylococcus_aureus_CACRZC010000001.1	NODE_917_length_1639_cov_1.488312	99.45		True
CONTIG	NODE_917_length_1639_cov_1.488312	1639	correct
1941760	1943358	1599	1	Staphylococcus_aureus_CACRZC010000001.1	NODE_925_length_1605_cov_2.638114	96.56		True
CONTIG	NODE_925_length_1605_cov_2.638114	1605	correct
1773939	1775299	1361	1	Staphylococcus_aureus_CACRZC010000001.1	NODE_974_length_1361_cov_3.242472	99.93		True
CONTIG	NODE_974_length_1361_cov_3.242472	1361	correct
36573	36649	1	77	Staphylococcus_aureus_CACRZC010000001.1	NODE_996_length_1220_cov_1.132025	100.0		True
unknown
35860	35950	1130	1220	Staphylococcus_aureus_CACRZC010000001.1	NODE_996_length_1220_cov_1.132025	100.0		True
unknown
CONTIG	NODE_996_length_1220_cov_1.132025	1220	mis_unaligned
1599784	1600110	884	1210	Staphylococcus_aureus_CACRZC010000001.1	NODE_997_length_1210_cov_2.044104	97.86		True
CONTIG	NODE_997_length_1210_cov_2.044104	1210	correct_unaligned
2679773	2680825	1053	1	Staphylococcus_aureus_CACRZC010000001.1	NODE_1035_length_1053_cov_1.556604	98.96		True
CONTIG	NODE_1035_length_1053_cov_1.556604	1053	correct
1600012	1600110	1	99	Staphylococcus_aureus_CACRZC010000001.1	NODE_1086_length_794_cov_1.506475	97.98		True
unknown
2117822	2117950	664	792	Staphylococcus_aureus_CACRZC010000001.1	NODE_1086_length_794_cov_1.506475	96.12		True
unknown
CONTIG	NODE_1086_length_794_cov_1.506475	794	mis_unaligned
2678985	2679685	706	1	Staphylococcus_aureus_CACRZC010000001.1	NODE_1107_length_709_cov_1.770492	95.47		True
CONTIG	NODE_1107_length_709_cov_1.770492	709	correct
2179990	2180488	499	1	Staphylococcus_aureus_CACRZC010000001.1	NODE_1112_length_691_cov_2.939189	99.6		True
CONTIG	NODE_1112_length_691_cov_2.939189	691	correct
1465264	1465952	1	689	Staphylococcus_aureus_CACRZC010000001.1	NODE_1115_length_689_cov_1.006780	98.84		True
CONTIG	NODE_1115_length_689_cov_1.006780	689	correct
1922978	1923278	1	301	Staphylococcus_aureus_CACRZC010000001.1	NODE_1119_length_676_cov_2.067591	98.01		True
local misassembly
1922319	1922646	312	639	Staphylococcus_aureus_CACRZC010000001.1	NODE_1119_length_676_cov_2.067591	99.39		True
CONTIG	NODE_1119_length_676_cov_2.067591	676	correct
229	894	666	1	Staphylococcus_aureus_CACRZC010000001.1	NODE_1125_length_666_cov_0.835979	98.8		True
CONTIG	NODE_1125_length_666_cov_0.835979	666	correct
2005225	2005842	1	618	Staphylococcus_aureus_CACRZC010000001.1	NODE_1136_length_618_cov_2.822736	99.35		True
CONTIG	NODE_1136_length_618_cov_2.822736	618	correct
2001638	2002239	602	1	Staphylococcus_aureus_CACRZC010000001.1	NODE_1140_length_602_cov_1.335984	99.67		True
CONTIG	NODE_1140_length_602_cov_1.335984	602	correct
1905099	1905407	99	408	Staphylococcus_aureus_CACRZC010000001.1	NODE_1160_length_545_cov_1.854260	98.71		True
CONTIG	NODE_1160_length_545_cov_1.854260	545	correct
2075363	2075869	1	507	Staphylococcus_aureus_CACRZC010000001.1	NODE_1172_length_507_cov_1.558824	99.8		True
CONTIG	NODE_1172_length_507_cov_1.558824	507	correct
1922571	1922646	225	150	Staphylococcus_aureus_CACRZC010000001.1	NODE_1177_length_500_cov_2.032419	97.37		True
indel: indel (> 5bp)
1922275	1922549	500	226	Staphylococcus_aureus_CACRZC010000001.1	NODE_1177_length_500_cov_2.032419	98.18		True
CONTIG	NODE_1177_length_500_cov_2.032419	500	correct
66668	69603	3771	830	Staphylococcus_aureus_CACRZC010000002.1	NODE_367_length_11884_cov_1.438269	96.19		True
fake: scaffold gap size wrong estimation (local)
63962	67014	6905	3892	Staphylococcus_aureus_CACRZC010000002.1	NODE_367_length_11884_cov_1.438269	97.57		True
CONTIG	NODE_367_length_11884_cov_1.438269	11884	correct
41657	41757	101	1	Staphylococcus_aureus_CACRZC010000002.1	NODE_612_length_4836_cov_1.159595	100.0		True
local misassembly
37667	41658	4785	778	Staphylococcus_aureus_CACRZC010000002.1	NODE_612_length_4836_cov_1.159595	99.85		True
CONTIG	NODE_612_length_4836_cov_1.159595	4836	correct
41655	41721	1973	2039	Staphylococcus_aureus_CACRZC010000002.1	NODE_859_length_2039_cov_1.748454	100.0		True
CONTIG	NODE_859_length_2039_cov_1.748454	2039	correct_unaligned
67674	67738	5	69	Staphylococcus_aureus_CACRZC010000002.1	NODE_921_length_1622_cov_1.796454	100.0		True
unknown
68950	69085	1091	1226	Staphylococcus_aureus_CACRZC010000002.1	NODE_921_length_1622_cov_1.796454	98.53		True
unknown
CONTIG	NODE_921_length_1622_cov_1.796454	1622	mis_unaligned
47767	48282	1	516	Staphylococcus_aureus_CACRZC010000002.1	NODE_1012_length_1142_cov_1.707574	97.29		True
local misassembly
48657	49281	518	1142	Staphylococcus_aureus_CACRZC010000002.1	NODE_1012_length_1142_cov_1.707574	99.36		True
CONTIG	NODE_1012_length_1142_cov_1.707574	1142	correct
49734	50256	602	80	Staphylococcus_aureus_CACRZC010000002.1	NODE_1139_length_602_cov_2.544732	98.66		True
CONTIG	NODE_1139_length_602_cov_2.544732	602	correct
