S1	E1	S2	E2	Reference	Contig	IDY	Ambiguous	Best_group
548903	548991	203121	203209	Prochlorococcus_marinus_GL947594.1	scaffold_2	97.75		True
CONTIG	scaffold_2	506172	correct_unaligned
342958	343032	254237	254163	Prochlorococcus_marinus_GL947594.1	scaffold_16	100.0		True
CONTIG	scaffold_16	484742	correct_unaligned
1232423	1232501	54323	54401	Prochlorococcus_marinus_GL947594.1	scaffold_60	100.0		True
CONTIG	scaffold_60	85616	correct_unaligned
1423019	1423096	81555	81632	Prochlorococcus_marinus_GL947594.1	scaffold_63	100.0		True
CONTIG	scaffold_63	170791	correct_unaligned
CONTIG	scaffold_68	79494	unaligned
1037763	1038792	1403	374	Prochlorococcus_marinus_GL947594.1	scaffold_460	96.02		True
indel: indel (<= 5bp)
1037415	1037761	1750	1404	Prochlorococcus_marinus_GL947594.1	scaffold_460	95.1		True
indel: stretch of mismatches
1037110	1037410	2055	1755	Prochlorococcus_marinus_GL947594.1	scaffold_460	95.35		True
indel: indel (<= 5bp)
1036485	1037100	2683	2068	Prochlorococcus_marinus_GL947594.1	scaffold_460	95.29		True
local misassembly
1035495	1035579	3905	3821	Prochlorococcus_marinus_GL947594.1	scaffold_460	95.29		True
local misassembly
1033904	1035403	5561	4062	Prochlorococcus_marinus_GL947594.1	scaffold_460	97.07		True
CONTIG	scaffold_460	6177	correct
