S1	E1	S2	E2	Reference	Contig	IDY	Ambiguous	Best_group
342958	343032	482910	482836	Prochlorococcus_marinus_GL947594.1	NODE_3_length_713934_cov_4.090110	100.0		True
CONTIG	NODE_3_length_713934_cov_4.090110	713934	correct_unaligned
548903	548991	303332	303244	Prochlorococcus_marinus_GL947594.1	NODE_9_length_507936_cov_4.056973	97.75		True
CONTIG	NODE_9_length_507936_cov_4.056973	507936	correct_unaligned
1423019	1423096	81994	82071	Prochlorococcus_marinus_GL947594.1	NODE_45_length_171751_cov_4.099952	100.0		True
CONTIG	NODE_45_length_171751_cov_4.099952	171751	correct_unaligned
CONTIG	NODE_66_length_125779_cov_4.053008	125779	unaligned
1232423	1232501	52389	52467	Prochlorococcus_marinus_GL947594.1	NODE_75_length_109826_cov_4.107731	100.0		True
CONTIG	NODE_75_length_109826_cov_4.107731	109826	correct_unaligned
1033904	1035403	617	2116	Prochlorococcus_marinus_GL947594.1	NODE_543_length_6177_cov_8.327246	97.07		True
local misassembly
1035495	1035579	2273	2357	Prochlorococcus_marinus_GL947594.1	NODE_543_length_6177_cov_8.327246	95.29		True
local misassembly
1036485	1037100	3495	4110	Prochlorococcus_marinus_GL947594.1	NODE_543_length_6177_cov_8.327246	95.29		True
indel: indel (<= 5bp)
1037110	1037410	4123	4423	Prochlorococcus_marinus_GL947594.1	NODE_543_length_6177_cov_8.327246	95.35		True
indel: stretch of mismatches
1037415	1037761	4428	4774	Prochlorococcus_marinus_GL947594.1	NODE_543_length_6177_cov_8.327246	95.1		True
indel: indel (<= 5bp)
1037763	1038792	4775	5804	Prochlorococcus_marinus_GL947594.1	NODE_543_length_6177_cov_8.327246	96.02		True
CONTIG	NODE_543_length_6177_cov_8.327246	6177	correct
