Assembly	spades_assembly	spades_assembly.m1000	idbaud_assembly	idbaud_assembly.m1000
# contigs (>= 1000 bp)	589	589	1130	1130
# contigs (>= 5000 bp)	259	259	69	69
# contigs (>= 10000 bp)	105	105	4	4
# contigs (>= 25000 bp)	7	7	0	0
# contigs (>= 50000 bp)	0	0	0	0
Total length (>= 1000 bp)	3611564	3611564	2753458	2753458
Total length (>= 5000 bp)	2752251	2752251	472105	472105
Total length (>= 10000 bp)	1634575	1634575	42380	42380
Total length (>= 25000 bp)	212701	212701	0	0
Total length (>= 50000 bp)	0	0	0	0
# contigs	674	589	2003	1130
Largest contig	35955	35955	11149	11149
Total length	3672922	3611564	3376245	2753458
Reference length	4406153	4406153	4406153	4406153
GC (%)	40.83	40.84	40.80	40.87
Reference GC (%)	41.09	41.09	41.09	41.09
N50	9046	9143	2422	2905
NG50	7405	7405	1607	1607
N75	4999	5316	1201	1784
NG75	2581	2581	554	-
L50	127	123	431	313
LG50	171	171	694	694
L75	260	251	928	612
LG75	409	409	1867	-
# misassemblies	36	34	62	41
# misassembled contigs	32	30	60	40
Misassembled contigs length	214006	212252	110993	97163
# local misassemblies	126	119	97	90
# scaffold gap ext. mis.	5	5	0	0
# scaffold gap loc. mis.	440	435	13	13
# unaligned mis. contigs	0	0	0	0
# unaligned contigs	0 + 11 part	0 + 11 part	0 + 1 part	0 + 1 part
Unaligned length	12652	12652	1656	1656
Genome fraction (%)	82.057	80.726	76.123	62.231
Duplication ratio	1.012	1.012	1.006	1.004
# N's per 100 kbp	1389.82	1385.80	71.97	88.25
# mismatches per 100 kbp	64.89	63.09	61.18	59.23
# indels per 100 kbp	25.36	25.56	2.80	2.74
Largest alignment	35935	35935	11149	11149
Total aligned length	3606180	3545979	3368792	2746280
NA50	8695	8723	2370	2868
NGA50	6983	6983	1590	1590
NA75	4655	4830	1172	1767
NGA75	2163	2163	537	-
LA50	132	129	438	319
LGA50	179	179	706	706
LA75	275	265	946	624
LGA75	443	443	1911	-
