Nautilia_profundicola_NC_012115.1	scaffold_1768	scaffold_2715	scaffold_167	scaffold_4	scaffold_1792	scaffold_2787	scaffold_35	scaffold_555	scaffold_2210	scaffold_0	scaffold_26
Vibrio_cholerae_NZ_CP038178.1	scaffold_1087	scaffold_1124	scaffold_466	scaffold_122	scaffold_53	scaffold_48	scaffold_2066	scaffold_216	scaffold_107	scaffold_245	scaffold_13	scaffold_38	scaffold_119	scaffold_2573	scaffold_21	scaffold_2866	scaffold_12	scaffold_51	scaffold_3	scaffold_1658	scaffold_1	scaffold_8	scaffold_46	scaffold_144	scaffold_1669	scaffold_2313	scaffold_553	scaffold_1707	scaffold_2791	scaffold_2146
Prochlorococcus_marinus_GL947594.1	scaffold_2	scaffold_60	scaffold_68	scaffold_460	scaffold_63	scaffold_16
Nitrobacter_winogradskyi_NC_007406.1	scaffold_1544	scaffold_97	scaffold_310	scaffold_2947	scaffold_2303	scaffold_11	scaffold_279	scaffold_113	scaffold_1181	scaffold_532	scaffold_49	scaffold_297	scaffold_1930	scaffold_332	scaffold_556	scaffold_2734	scaffold_186	scaffold_360	scaffold_465	scaffold_62	scaffold_128	scaffold_1883	scaffold_2381	scaffold_291	scaffold_164	scaffold_587	scaffold_366	scaffold_1661	scaffold_2952	scaffold_239	scaffold_212	scaffold_249	scaffold_22	scaffold_2851	scaffold_230	scaffold_475	scaffold_331	scaffold_368	scaffold_376	scaffold_233	scaffold_1337	scaffold_2480	scaffold_183	scaffold_371	scaffold_39	scaffold_1482	scaffold_1858	scaffold_118	scaffold_160	scaffold_28	scaffold_1751	scaffold_96	scaffold_1019	scaffold_293	scaffold_148	scaffold_1301	scaffold_5	scaffold_523	scaffold_232	scaffold_155	scaffold_99	scaffold_1483	scaffold_211	scaffold_317	scaffold_157	scaffold_357	scaffold_316	scaffold_2950	scaffold_2017	scaffold_240	scaffold_470	scaffold_2956	scaffold_2965	scaffold_238	scaffold_168	scaffold_1238	scaffold_1720	scaffold_433	scaffold_2735	scaffold_250	scaffold_496	scaffold_342	scaffold_661	scaffold_142	scaffold_544	scaffold_2599	scaffold_525	scaffold_1356	scaffold_248	scaffold_78	scaffold_109	scaffold_380	scaffold_400	scaffold_98	scaffold_101	scaffold_358	scaffold_15	scaffold_394	scaffold_2354	scaffold_262	scaffold_365	scaffold_1942	scaffold_425	scaffold_56	scaffold_1119	scaffold_1762	scaffold_796	scaffold_110	scaffold_1822	scaffold_506	scaffold_406	scaffold_792	scaffold_1127	scaffold_640	scaffold_679	scaffold_675	scaffold_1941	scaffold_132	scaffold_187	scaffold_200	scaffold_478	scaffold_191	scaffold_2850	scaffold_2598	scaffold_284
Arcobacter_nitrofigilis_NC_014166.1	scaffold_542	scaffold_59	scaffold_143	scaffold_543	scaffold_1931	scaffold_631	scaffold_27	scaffold_88	scaffold_158	scaffold_1646	scaffold_2602	scaffold_2839	scaffold_2888	scaffold_182	scaffold_2826	scaffold_2893	scaffold_24	scaffold_57	scaffold_74	scaffold_2340	scaffold_18	scaffold_2966	scaffold_7	scaffold_50	scaffold_34	scaffold_9	scaffold_29	scaffold_206	scaffold_1648	scaffold_536	scaffold_859	scaffold_1623	scaffold_1908	scaffold_1932	scaffold_1305	scaffold_346	scaffold_2159	scaffold_2486	scaffold_33	scaffold_6	scaffold_2433	scaffold_2584	scaffold_117	scaffold_2297	scaffold_2215	scaffold_432	scaffold_30	scaffold_1432	scaffold_44	scaffold_2596	scaffold_1308	scaffold_2828	scaffold_2130	scaffold_2890
Vibrio_cholerae_NZ_CP038179.1	scaffold_786	scaffold_529	scaffold_234	scaffold_1793	scaffold_2770	scaffold_598	scaffold_823	scaffold_2099	scaffold_2415	scaffold_1452	scaffold_1237	scaffold_23	scaffold_594	scaffold_2842	scaffold_1219	scaffold_2306	scaffold_924	scaffold_2073	scaffold_2046	scaffold_2935	scaffold_1017	scaffold_17	scaffold_1327	scaffold_2980	scaffold_2474	scaffold_2546	scaffold_2592	scaffold_2874	scaffold_896	scaffold_2236	scaffold_1506	scaffold_14	scaffold_1747	scaffold_2864	scaffold_1433	scaffold_2035	scaffold_362	scaffold_38	scaffold_1637	scaffold_2655	scaffold_1780	scaffold_995	scaffold_1229	scaffold_2572	scaffold_1352	scaffold_832	scaffold_1273	scaffold_1368	scaffold_516	scaffold_2107	scaffold_2968	scaffold_1574	scaffold_2907	scaffold_673	scaffold_1658	scaffold_2755	scaffold_2140	scaffold_1708	scaffold_829	scaffold_845	scaffold_860	scaffold_46	scaffold_1058	scaffold_83	scaffold_1644	scaffold_1668	scaffold_377	scaffold_2791	scaffold_1503	scaffold_2146
Nitrosomonas_europaea_NC_004757.1	scaffold_140	scaffold_58	scaffold_1643	scaffold_222	scaffold_453	scaffold_198	scaffold_353	scaffold_80	scaffold_663	scaffold_81	scaffold_184	scaffold_255	scaffold_766	scaffold_1877	scaffold_195	scaffold_137	scaffold_178	scaffold_783	scaffold_134	scaffold_20	scaffold_1803	scaffold_19	scaffold_298	scaffold_139	scaffold_451	scaffold_204	scaffold_294	scaffold_2738	scaffold_592	scaffold_105	scaffold_129	scaffold_1892	scaffold_213	scaffold_2504	scaffold_2658	scaffold_391	scaffold_1972	scaffold_114	scaffold_227	scaffold_85	scaffold_302	scaffold_987	scaffold_138	scaffold_278	scaffold_902	scaffold_220	scaffold_79	scaffold_1445	scaffold_296	scaffold_755	scaffold_2116	scaffold_498	scaffold_145	scaffold_338	scaffold_1300	scaffold_583	scaffold_170	scaffold_141	scaffold_2632	scaffold_209	scaffold_467	scaffold_197	scaffold_166	scaffold_1897	scaffold_1827	scaffold_71	scaffold_955	scaffold_188	scaffold_153	scaffold_163	scaffold_267	scaffold_2268	scaffold_123	scaffold_179	scaffold_162	scaffold_70	scaffold_172	scaffold_1476	scaffold_424	scaffold_253	scaffold_136	scaffold_704	scaffold_2533	scaffold_125	scaffold_1283	scaffold_120
Desulfovibrio_desulfuricans_NZ_CP036295.1	scaffold_41	scaffold_66	scaffold_89	scaffold_275	scaffold_40	scaffold_45	scaffold_25	scaffold_2471	scaffold_55	scaffold_219	scaffold_254	scaffold_65	scaffold_169	scaffold_32	scaffold_124	scaffold_121	scaffold_31	scaffold_72	scaffold_150	scaffold_266	scaffold_189	scaffold_174	scaffold_1912	scaffold_501	scaffold_154	scaffold_42
Pseudomonas_aeruginosa_NZ_CP039990.1	scaffold_115	scaffold_205	scaffold_500	scaffold_84	scaffold_151	scaffold_127	scaffold_111	scaffold_2692	scaffold_2368	scaffold_126	scaffold_2011	scaffold_1662	scaffold_37	scaffold_954	scaffold_752	scaffold_1670	scaffold_437	scaffold_383	scaffold_288	scaffold_1855	scaffold_2343	scaffold_914	scaffold_86	scaffold_243	scaffold_320	scaffold_2172	scaffold_2199	scaffold_64	scaffold_260	scaffold_1714	scaffold_2657	scaffold_295	scaffold_228	scaffold_102	scaffold_156	scaffold_2730	scaffold_116	scaffold_131	scaffold_1006	scaffold_77	scaffold_61	scaffold_2434	scaffold_207	scaffold_73	scaffold_304	scaffold_1862	scaffold_108	scaffold_159	scaffold_258	scaffold_106	scaffold_190	scaffold_2785	scaffold_165	scaffold_91	scaffold_2314	scaffold_194	scaffold_149	scaffold_1475	scaffold_1108	scaffold_69	scaffold_67	scaffold_92	scaffold_52	scaffold_841	scaffold_246	scaffold_241	scaffold_270	scaffold_161	scaffold_1782	scaffold_90	scaffold_367	scaffold_181	scaffold_323	scaffold_95	scaffold_130	scaffold_804	scaffold_36	scaffold_2741	scaffold_257	scaffold_176	scaffold_820	scaffold_2532	scaffold_147	scaffold_2992	scaffold_450	scaffold_2827	scaffold_2337	scaffold_193	scaffold_201	scaffold_968	scaffold_866	scaffold_2126	scaffold_2230	scaffold_2545	scaffold_192	scaffold_54	scaffold_486	scaffold_738	scaffold_76	scaffold_75	scaffold_202	scaffold_1864	scaffold_112	scaffold_94	scaffold_1830	scaffold_235	scaffold_482	scaffold_1651	scaffold_146	scaffold_456	scaffold_173	scaffold_171	scaffold_263	scaffold_133	scaffold_563	scaffold_2154	scaffold_277	scaffold_100	scaffold_269	scaffold_324	scaffold_474	scaffold_185	scaffold_2799	scaffold_2057	scaffold_2256	scaffold_196
Staphylococcus_aureus_CACRZC010000001.1	scaffold_2389	scaffold_2494	scaffold_639	scaffold_312	scaffold_2849	scaffold_591	scaffold_1035	scaffold_356	scaffold_462	scaffold_289	scaffold_2970	scaffold_522	scaffold_1278	scaffold_2416	scaffold_1577	scaffold_2971	scaffold_449	scaffold_1103	scaffold_407	scaffold_2423	scaffold_412	scaffold_2467	scaffold_350	scaffold_264	scaffold_1078	scaffold_588	scaffold_1209	scaffold_315	scaffold_2452	scaffold_359	scaffold_333	scaffold_1940	scaffold_559	scaffold_2390	scaffold_301	scaffold_265	scaffold_2617	scaffold_411	scaffold_1677	scaffold_2586	scaffold_2529	scaffold_768	scaffold_1386	scaffold_2396	scaffold_372	scaffold_441	scaffold_561	scaffold_517	scaffold_2235	scaffold_1839	scaffold_1145	scaffold_469	scaffold_1067	scaffold_337	scaffold_626	scaffold_339	scaffold_351	scaffold_419	scaffold_2267	scaffold_1965	scaffold_472	scaffold_546	scaffold_476	scaffold_392	scaffold_1967	scaffold_1617	scaffold_2737	scaffold_2792	scaffold_341	scaffold_322	scaffold_1987	scaffold_180	scaffold_336	scaffold_2618	scaffold_1074	scaffold_352	scaffold_569	scaffold_2661	scaffold_364	scaffold_869	scaffold_1450	scaffold_1968	scaffold_259	scaffold_282	scaffold_760	scaffold_303	scaffold_691	scaffold_2852	scaffold_208	scaffold_503	scaffold_313	scaffold_408	scaffold_2157	scaffold_2019	scaffold_2291	scaffold_292	scaffold_2044	scaffold_2068	scaffold_329	scaffold_348	scaffold_2881	scaffold_1664	scaffold_483	scaffold_388	scaffold_499	scaffold_1800	scaffold_1542	scaffold_1142	scaffold_410	scaffold_926	scaffold_468	scaffold_2125	scaffold_2506	scaffold_217	scaffold_787	scaffold_446	scaffold_349	scaffold_1295	scaffold_1249	scaffold_613	scaffold_539	scaffold_2960	scaffold_2690	scaffold_421	scaffold_1666	scaffold_231	scaffold_225	scaffold_1092	scaffold_335	scaffold_1851	scaffold_477	scaffold_629	scaffold_244	scaffold_318	scaffold_448	scaffold_547	scaffold_1453	scaffold_2226	scaffold_252	scaffold_271	scaffold_247	scaffold_2102	scaffold_2402	scaffold_835	scaffold_518	scaffold_280	scaffold_2316	scaffold_405	scaffold_354	scaffold_416	scaffold_382	scaffold_739	scaffold_396	scaffold_2456	scaffold_1786	scaffold_606	scaffold_2109	scaffold_290	scaffold_440	scaffold_321	scaffold_268	scaffold_236	scaffold_2982	scaffold_414	scaffold_494	scaffold_2243	scaffold_464	scaffold_2958	scaffold_778	scaffold_495	scaffold_560	scaffold_2927	scaffold_1732	scaffold_436	scaffold_1349	scaffold_308	scaffold_203	scaffold_540	scaffold_1307	scaffold_614	scaffold_510	scaffold_224	scaffold_520	scaffold_1354	scaffold_311	scaffold_2058	scaffold_1740	scaffold_223	scaffold_941	scaffold_550	scaffold_887	scaffold_552	scaffold_616	scaffold_2065	scaffold_226	scaffold_1150	scaffold_1123	scaffold_645	scaffold_1095	scaffold_1944	scaffold_199	scaffold_1472	scaffold_490	scaffold_2162	scaffold_677	scaffold_892	scaffold_2351	scaffold_1758	scaffold_600	scaffold_2653	scaffold_343	scaffold_480	scaffold_948	scaffold_635	scaffold_2204	scaffold_1810	scaffold_447	scaffold_385	scaffold_2322	scaffold_541	scaffold_373	scaffold_1738	scaffold_435	scaffold_402	scaffold_2400	scaffold_1606	scaffold_1104	scaffold_800	scaffold_527	scaffold_237	scaffold_314	scaffold_1031	scaffold_521	scaffold_794	scaffold_2613	scaffold_319	scaffold_2376	scaffold_1861	scaffold_434	scaffold_576	scaffold_528	scaffold_438	scaffold_1697	scaffold_261	scaffold_1754	scaffold_326	scaffold_2696	scaffold_1764	scaffold_1332	scaffold_221	scaffold_370	scaffold_242	scaffold_218	scaffold_389	scaffold_762	scaffold_286	scaffold_1447	scaffold_455	scaffold_404	scaffold_403	scaffold_2693	scaffold_229	scaffold_442	scaffold_742	scaffold_1064	scaffold_1558	scaffold_2369	scaffold_531	scaffold_856	scaffold_2391	scaffold_2933	scaffold_378	scaffold_871	scaffold_607	scaffold_395	scaffold_2356	scaffold_305	scaffold_287	scaffold_281	scaffold_381	scaffold_306	scaffold_417	scaffold_427	scaffold_989	scaffold_273	scaffold_398	scaffold_431	scaffold_2003	scaffold_484	scaffold_1051	scaffold_1781	scaffold_1130	scaffold_2446	scaffold_771	scaffold_608	scaffold_369	scaffold_1395	scaffold_2793	scaffold_584	scaffold_2133	scaffold_285	scaffold_327	scaffold_374	scaffold_1685	scaffold_1700	scaffold_1808	scaffold_2518	scaffold_379	scaffold_459	scaffold_1918	scaffold_375	scaffold_340	scaffold_1980	scaffold_345	scaffold_2248	scaffold_344	scaffold_754	scaffold_413	scaffold_422	scaffold_210	scaffold_334	scaffold_325	scaffold_214	scaffold_390	scaffold_2988	scaffold_2714	scaffold_387	scaffold_1424	scaffold_2831	scaffold_533	scaffold_1650	scaffold_256	scaffold_443	scaffold_2380	scaffold_274	scaffold_393	scaffold_328	scaffold_2014	scaffold_567	scaffold_347	scaffold_519	scaffold_2145	scaffold_2054	scaffold_824	scaffold_577	scaffold_876	scaffold_2519	scaffold_283	scaffold_664	scaffold_1645	scaffold_568	scaffold_272	scaffold_2108	scaffold_2285	scaffold_300	scaffold_564	scaffold_363	scaffold_397	scaffold_1317	scaffold_1162	scaffold_651
Kuenenia_stuttgartiensis_NZ_LT934425.1	scaffold_2294	scaffold_2938	scaffold_1090	scaffold_1236	scaffold_1046	scaffold_1915	scaffold_1439	scaffold_1533	scaffold_1208	scaffold_1779	scaffold_1333	scaffold_2327	scaffold_963	scaffold_2701	scaffold_1982	scaffold_1385	scaffold_1342	scaffold_2913	scaffold_1194	scaffold_2868	scaffold_1026	scaffold_2103	scaffold_2810	scaffold_2744	scaffold_2634	scaffold_1868	scaffold_916	scaffold_1844	scaffold_2301	scaffold_1595	scaffold_2588	scaffold_647	scaffold_1140	scaffold_2953	scaffold_1151	scaffold_2219	scaffold_579	scaffold_2840	scaffold_2339	scaffold_1201	scaffold_2671	scaffold_2896	scaffold_1115	scaffold_1417	scaffold_445	scaffold_2659	scaffold_439	scaffold_966	scaffold_2685	scaffold_2668	scaffold_2523	scaffold_2781	scaffold_1773	scaffold_718	scaffold_2911	scaffold_2460	scaffold_2084	scaffold_2319	scaffold_906	scaffold_1409	scaffold_2218	scaffold_2395	scaffold_2580	scaffold_2862	scaffold_1415	scaffold_619	scaffold_1652	scaffold_2332	scaffold_2478	scaffold_1672	scaffold_1326	scaffold_1055	scaffold_2355	scaffold_2074	scaffold_727	scaffold_2964	scaffold_1479	scaffold_2002	scaffold_2875	scaffold_741	scaffold_811	scaffold_2716	scaffold_2040	scaffold_2565	scaffold_1866	scaffold_1796	scaffold_1313	scaffold_1642	scaffold_2264	scaffold_2488	scaffold_2798	scaffold_1083	scaffold_2240	scaffold_2856	scaffold_423	scaffold_2891	scaffold_2977	scaffold_1745	scaffold_1154	scaffold_2432	scaffold_2646	scaffold_649	scaffold_2121	scaffold_2207	scaffold_1684	scaffold_1054	scaffold_509	scaffold_1536	scaffold_2458	scaffold_2969	scaffold_983	scaffold_628	scaffold_1638	scaffold_1673	scaffold_1402	scaffold_2217	scaffold_2603	scaffold_2673	scaffold_2555	scaffold_1581	scaffold_699	scaffold_481	scaffold_682	scaffold_2944	scaffold_1815	scaffold_1096	scaffold_1298	scaffold_1548	scaffold_2678	scaffold_1028	scaffold_646	scaffold_1963	scaffold_2758	scaffold_678	scaffold_2055	scaffold_1023	scaffold_2951	scaffold_2441	scaffold_809	scaffold_530	scaffold_643	scaffold_2329	scaffold_2008	scaffold_1294	scaffold_998	scaffold_2346	scaffold_2930	scaffold_1829	scaffold_1504	scaffold_1659	scaffold_2903	scaffold_1825	scaffold_2442	scaffold_2496	scaffold_2244	scaffold_617	scaffold_2975	scaffold_1618	scaffold_1923	scaffold_1088	scaffold_1582	scaffold_2399	scaffold_1462	scaffold_491	scaffold_615	scaffold_2484	scaffold_2296	scaffold_2823	scaffold_1929	scaffold_715	scaffold_2717	scaffold_2033	scaffold_2384	scaffold_2177	scaffold_1978	scaffold_1546	scaffold_1783	scaffold_1271	scaffold_1721	scaffold_1197	scaffold_1748	scaffold_2089	scaffold_1330	scaffold_2419	scaffold_1778	scaffold_1917	scaffold_535	scaffold_2899	scaffold_610	scaffold_994	scaffold_1511	scaffold_1570	scaffold_1969	scaffold_2320	scaffold_1287	scaffold_728	scaffold_1880	scaffold_2932	scaffold_1041	scaffold_706	scaffold_1495	scaffold_2387	scaffold_1265	scaffold_581	scaffold_1310	scaffold_2082	scaffold_732	scaffold_2912	scaffold_1062	scaffold_2431	scaffold_748	scaffold_1840	scaffold_703	scaffold_1480	scaffold_2583	scaffold_1303	scaffold_2487	scaffold_2582	scaffold_2628	scaffold_2675	scaffold_1515	scaffold_2447	scaffold_2345	scaffold_933	scaffold_2161	scaffold_1008	scaffold_1860	scaffold_2485	scaffold_689	scaffold_1370	scaffold_2032	scaffold_2593	scaffold_1960	scaffold_2664	scaffold_479	scaffold_2581	scaffold_1345	scaffold_1227	scaffold_2677	scaffold_399	scaffold_1614	scaffold_2872	scaffold_2905	scaffold_1455	scaffold_1291	scaffold_2929	scaffold_2918	scaffold_2585	scaffold_1444	scaffold_2357	scaffold_1057	scaffold_504	scaffold_1597	scaffold_1404	scaffold_1988	scaffold_761	scaffold_1607	scaffold_2190	scaffold_2262	scaffold_2287	scaffold_1048	scaffold_554	scaffold_1296	scaffold_1369	scaffold_1948	scaffold_1408	scaffold_2096	scaffold_2848	scaffold_2531	scaffold_1569	scaffold_1857	scaffold_2832	scaffold_1632	scaffold_2694	scaffold_1198	scaffold_2777	scaffold_2149	scaffold_2760	scaffold_904	scaffold_839	scaffold_1399	scaffold_2404	scaffold_1052	scaffold_2719	scaffold_2034	scaffold_1550	scaffold_574	scaffold_921	scaffold_1838	scaffold_1077	scaffold_1564	scaffold_1755	scaffold_1716	scaffold_1184	scaffold_641	scaffold_2894	scaffold_1971	scaffold_1137	scaffold_1261	scaffold_2443	scaffold_1903	scaffold_2413	scaffold_621	scaffold_1894	scaffold_2925	scaffold_1070	scaffold_1040	scaffold_1244	scaffold_1678	scaffold_864	scaffold_1276	scaffold_1655	scaffold_756	scaffold_2863	scaffold_2438	scaffold_1991	scaffold_1513	scaffold_769	scaffold_2083	scaffold_2767	scaffold_1549	scaffold_597	scaffold_2171	scaffold_1153	scaffold_1146	scaffold_1904	scaffold_2189	scaffold_1961	scaffold_735	scaffold_1357	scaffold_1848	scaffold_2784	scaffold_1034	scaffold_1214	scaffold_1624	scaffold_815	scaffold_2169	scaffold_1060	scaffold_2706	scaffold_1667	scaffold_1746	scaffold_1949	scaffold_2385	scaffold_1431	scaffold_545	scaffold_828	scaffold_988	scaffold_733	scaffold_1705	scaffold_2846	scaffold_2882	scaffold_1490	scaffold_827	scaffold_1741	scaffold_851	scaffold_709	scaffold_957	scaffold_1387	scaffold_2009	scaffold_2495	scaffold_2957	scaffold_2906	scaffold_1872	scaffold_2290	scaffold_2142	scaffold_1084	scaffold_1983	scaffold_1777	scaffold_2252	scaffold_2594	scaffold_2042	scaffold_1132	scaffold_2620	scaffold_1584	scaffold_538	scaffold_1210	scaffold_2961	scaffold_1671	scaffold_1297	scaffold_1686	scaffold_1589	scaffold_1362	scaffold_1553	scaffold_1784	scaffold_2885	scaffold_1457	scaffold_826	scaffold_2134	scaffold_637	scaffold_1910	scaffold_2448	scaffold_1715	scaffold_2041	scaffold_1501	scaffold_1454	scaffold_1222	scaffold_875	scaffold_1900	scaffold_705	scaffold_2712	scaffold_840	scaffold_1834	scaffold_2711	scaffold_1372	scaffold_1188	scaffold_2795	scaffold_2304	scaffold_1081	scaffold_2052	scaffold_1636	scaffold_935	scaffold_623	scaffold_798	scaffold_1231	scaffold_2353	scaffold_1633	scaffold_978	scaffold_2242	scaffold_2515	scaffold_2113	scaffold_2023	scaffold_2497	scaffold_1836	scaffold_1528	scaffold_1004	scaffold_934	scaffold_1221	scaffold_2382	scaffold_1126	scaffold_1704	scaffold_1360	scaffold_776	scaffold_2183	scaffold_2974	scaffold_2274	scaffold_1053	scaffold_772	scaffold_1973	scaffold_2859	scaffold_2128	scaffold_2908	scaffold_1381	scaffold_1555	scaffold_2269	scaffold_2876	scaffold_1072	scaffold_1899	scaffold_2606	scaffold_2238	scaffold_2551	scaffold_2491	scaffold_2683	scaffold_2092	scaffold_930	scaffold_2660	scaffold_1193	scaffold_1014	scaffold_1711	scaffold_2070	scaffold_2144	scaffold_2299	scaffold_1425	scaffold_1275	scaffold_2324	scaffold_1376	scaffold_836	scaffold_1346	scaffold_2418	scaffold_620	scaffold_2723	scaffold_1246	scaffold_2312	scaffold_2721	scaffold_1172	scaffold_2018	scaffold_384	scaffold_2804	scaffold_1179	scaffold_1413	scaffold_2111	scaffold_2425	scaffold_1159	scaffold_1922	scaffold_1187	scaffold_2093	scaffold_920	scaffold_2098	scaffold_1293	scaffold_1694	scaffold_2507	scaffold_724	scaffold_1926	scaffold_951	scaffold_1583	scaffold_1224	scaffold_999	scaffold_917	scaffold_1009	scaffold_1364	scaffold_911	scaffold_2645	scaffold_2981	scaffold_1156	scaffold_863	scaffold_2500	scaffold_1610	scaffold_2286	scaffold_2574	scaffold_2855	scaffold_1757	scaffold_1943	scaffold_1767	scaffold_765	scaffold_1147	scaffold_2437	scaffold_1845	scaffold_2071	scaffold_2062	scaffold_1552	scaffold_2642	scaffold_1794	scaffold_2231	scaffold_1241	scaffold_1498	scaffold_2511	scaffold_2830	scaffold_1120	scaffold_2769	scaffold_1790	scaffold_1257	scaffold_1050	scaffold_805	scaffold_2323	scaffold_2309	scaffold_880	scaffold_1487	scaffold_1874	scaffold_1270	scaffold_1776	scaffold_2552	scaffold_1148	scaffold_1804	scaffold_1049	scaffold_1531	scaffold_566	scaffold_2059	scaffold_2648	scaffold_2644	scaffold_723	scaffold_1634	scaffold_2006	scaffold_2321	scaffold_1247	scaffold_2464	scaffold_665	scaffold_2806	scaffold_806	scaffold_492	scaffold_1853	scaffold_1292	scaffold_1901	scaffold_2151	scaffold_565	scaffold_2756	scaffold_1279	scaffold_2363	scaffold_2347	scaffold_2203	scaffold_1392	scaffold_2928	scaffold_1993	scaffold_2902	scaffold_2492	scaffold_2095	scaffold_1168	scaffold_1526	scaffold_2897	scaffold_984	scaffold_526	scaffold_1832	scaffold_2576	scaffold_2430	scaffold_644	scaffold_1985	scaffold_1158	scaffold_653	scaffold_913	scaffold_1719	scaffold_1975	scaffold_2206	scaffold_1285	scaffold_1107	scaffold_833	scaffold_1663	scaffold_1859	scaffold_819	scaffold_2652	scaffold_891	scaffold_2265	scaffold_895	scaffold_1879	scaffold_1775	scaffold_714	scaffold_1881	scaffold_1735	scaffold_2257	scaffold_2085	scaffold_1328	scaffold_2865	scaffold_1812	scaffold_590	scaffold_2465	scaffold_1128	scaffold_1302	scaffold_1737	scaffold_2915	scaffold_1710	scaffold_2625	scaffold_2900	scaffold_1712	scaffold_2526	scaffold_1657	scaffold_2302	scaffold_881	scaffold_1191	scaffold_1390	scaffold_2539	scaffold_2566	scaffold_2688	scaffold_943	scaffold_2547	scaffold_632	scaffold_942	scaffold_1391	scaffold_1898	scaffold_2136	scaffold_2895	scaffold_2967	scaffold_813	scaffold_1696	scaffold_838	scaffold_1492	scaffold_1091	scaffold_1007	scaffold_2825	scaffold_2086	scaffold_2318	scaffold_2987	scaffold_720	scaffold_1185	scaffold_2361	scaffold_1886	scaffold_2556	scaffold_1175	scaffold_1073	scaffold_2726	scaffold_2853	scaffold_2221	scaffold_2854	scaffold_2088	scaffold_745	scaffold_1905	scaffold_1620	scaffold_1871	scaffold_1379	scaffold_2544	scaffold_2775	scaffold_1351	scaffold_2973	scaffold_1234	scaffold_1974	scaffold_867	scaffold_2482	scaffold_2305	scaffold_2045	scaffold_2779	scaffold_2123	scaffold_1995	scaffold_2245	scaffold_2861	scaffold_770	scaffold_2512	scaffold_1619	scaffold_2038	scaffold_960	scaffold_622	scaffold_746	scaffold_982	scaffold_2759	scaffold_1468	scaffold_1520	scaffold_2375	scaffold_1950	scaffold_2568	scaffold_1507	scaffold_1742	scaffold_2213	scaffold_1695	scaffold_2621	scaffold_1873	scaffold_1044	scaffold_1061	scaffold_1309	scaffold_1411	scaffold_537	scaffold_1849	scaffold_2280	scaffold_2666	scaffold_1770	scaffold_596	scaffold_1541	scaffold_1213	scaffold_2383	scaffold_1559	scaffold_668	scaffold_2577	scaffold_1393	scaffold_1312	scaffold_2605	scaffold_1884	scaffold_2166	scaffold_602	scaffold_2417	scaffold_1911	scaffold_1394	scaffold_1765	scaffold_1269	scaffold_788	scaffold_749	scaffold_1731	scaffold_1939	scaffold_2185	scaffold_2746	scaffold_1299	scaffold_1063	scaffold_1532	scaffold_2845	scaffold_1186	scaffold_1358	scaffold_2115	scaffold_1282	scaffold_1015	scaffold_2727	scaffold_2502	scaffold_2682	scaffold_1854	scaffold_2077	scaffold_2498	scaffold_2334	scaffold_2811	scaffold_708	scaffold_2919	scaffold_893	scaffold_2860	scaffold_1367	scaffold_1131	scaffold_1730	scaffold_2766	scaffold_1190	scaffold_2000	scaffold_1001	scaffold_1020	scaffold_2030	scaffold_2985	scaffold_757	scaffold_1828	scaffold_2047	scaffold_1675	scaffold_817	scaffold_852	scaffold_1955	scaffold_962	scaffold_2284	scaffold_2100	scaffold_2167	scaffold_2686	scaffold_1086	scaffold_694	scaffold_1163	scaffold_1165	scaffold_1254	scaffold_570	scaffold_2001	scaffold_2253	scaffold_2946	scaffold_980	scaffold_1713	scaffold_2635	scaffold_2614	scaffold_1406	scaffold_2479	scaffold_2948	scaffold_1422	scaffold_1471	scaffold_2808	scaffold_946	scaffold_2393	scaffold_1377	scaffold_1693	scaffold_2984	scaffold_1563	scaffold_1324	scaffold_1000	scaffold_586	scaffold_1807	scaffold_2674	scaffold_2916	scaffold_2182	scaffold_2027	scaffold_1797	scaffold_758	scaffold_1795	scaffold_2310	scaffold_2379	scaffold_2560	scaffold_1571	scaffold_2081	scaffold_1189	scaffold_1497	scaffold_575	scaffold_2179	scaffold_847	scaffold_1591	scaffold_1976	scaffold_670	scaffold_2513	scaffold_870	scaffold_2397	scaffold_737	scaffold_1676	scaffold_2665	scaffold_721	scaffold_1990	scaffold_2590	scaffold_2597	scaffold_676	scaffold_1011	scaffold_599	scaffold_2616	scaffold_2656	scaffold_1038	scaffold_2757	scaffold_1182	scaffold_2978	scaffold_1481	scaffold_2662	scaffold_810	scaffold_2405	scaffold_825	scaffold_918	scaffold_2122	scaffold_1628	scaffold_2468	scaffold_2720	scaffold_1578	scaffold_1161	scaffold_2838	scaffold_1268	scaffold_1440	scaffold_642	scaffold_990	scaffold_2449	scaffold_1586	scaffold_977	scaffold_502	scaffold_1933	scaffold_2481	scaffold_1493	scaffold_2208	scaffold_2934	scaffold_1434	scaffold_879	scaffold_1831	scaffold_2289	scaffold_2724	scaffold_1421	scaffold_2139	scaffold_2591	scaffold_648	scaffold_2991	scaffold_1217	scaffold_1585	scaffold_684	scaffold_1215	scaffold_1537	scaffold_2010	scaffold_557	scaffold_660	scaffold_355	scaffold_512	scaffold_1561	scaffold_1977	scaffold_2708	scaffold_2878	scaffold_2288	scaffold_1640	scaffold_2216	scaffold_1325	scaffold_2814	scaffold_712	scaffold_1727	scaffold_2704	scaffold_2078	scaffold_1233	scaffold_652	scaffold_2411	scaffold_1449	scaffold_1945	scaffold_1625	scaffold_882	scaffold_2505	scaffold_2622	scaffold_1280	scaffold_1538	scaffold_2472	scaffold_2612	scaffold_1530	scaffold_1343	scaffold_853	scaffold_1029	scaffold_986	scaffold_2184	scaffold_1139	scaffold_2883	scaffold_1946	scaffold_1388	scaffold_2710	scaffold_2148	scaffold_2359	scaffold_1539	scaffold_2554	scaffold_2558	scaffold_1821	scaffold_634	scaffold_1996	scaffold_1818	scaffold_2858	scaffold_2325	scaffold_2847	scaffold_814	scaffold_2884	scaffold_2540	scaffold_2750	scaffold_488	scaffold_611	scaffold_1601	scaffold_1801	scaffold_1093	scaffold_2326	scaffold_2150	scaffold_618	scaffold_789	scaffold_1534	scaffold_970	scaffold_2841	scaffold_1192	scaffold_1316	scaffold_2365	scaffold_1336	scaffold_775	scaffold_725	scaffold_686	scaffold_1361	scaffold_808	scaffold_1464	scaffold_1743	scaffold_1890	scaffold_2051	scaffold_2833	scaffold_909	scaffold_2005	scaffold_2749	scaffold_2780	scaffold_1596	scaffold_2762	scaffold_2789	scaffold_1331	scaffold_1660	scaffold_1934	scaffold_2867	scaffold_1228	scaffold_2053	scaffold_981	scaffold_2637	scaffold_2783	scaffold_2422	scaffold_2160	scaffold_2528	scaffold_2937	scaffold_2972	scaffold_868	scaffold_1760	scaffold_2517	scaffold_944	scaffold_1010	scaffold_1524	scaffold_2366	scaffold_2330	scaffold_2901	scaffold_2963	scaffold_1383	scaffold_1321	scaffold_551	scaffold_1998	scaffold_1235	scaffold_2410	scaffold_1428	scaffold_386	scaffold_2722	scaffold_2188	scaffold_816	scaffold_2117	scaffold_687	scaffold_1936	scaffold_1788	scaffold_2087	scaffold_1826	scaffold_1575	scaffold_2016	scaffold_907	scaffold_1446	scaffold_1889	scaffold_2611	scaffold_1117	scaffold_2743	scaffold_1200	scaffold_2110	scaffold_873	scaffold_1887	scaffold_1590	scaffold_2308	scaffold_2076	scaffold_1220	scaffold_1013	scaffold_1258	scaffold_2501	scaffold_2127	scaffold_1252	scaffold_2048	scaffold_1837	scaffold_1920	scaffold_843	scaffold_2562	scaffold_1334	scaffold_2728	scaffold_702	scaffold_2293	scaffold_2536	scaffold_2241	scaffold_2373	scaffold_409	scaffold_1566	scaffold_2132	scaffold_2676	scaffold_1545	scaffold_1622	scaffold_524	scaffold_2800	scaffold_890	scaffold_2254	scaffold_1835	scaffold_1030	scaffold_2247	scaffold_1375	scaffold_1841	scaffold_2684	scaffold_1401	scaffold_1573	scaffold_2180	scaffold_2914	scaffold_2797	scaffold_818	scaffold_688	scaffold_1164	scaffold_872	scaffold_515	scaffold_1525	scaffold_2440	scaffold_1691	scaffold_2156	scaffold_2639	scaffold_915	scaffold_1348	scaffold_2129	scaffold_1683	scaffold_2421	scaffold_513	scaffold_1496	scaffold_701	scaffold_764	scaffold_2608	scaffold_1576	scaffold_2663	scaffold_1277	scaffold_1037	scaffold_931	scaffold_1250	scaffold_1594	scaffold_2689	scaffold_877	scaffold_1412	scaffold_1076	scaffold_1867	scaffold_2445	scaffold_1216	scaffold_1251	scaffold_922	scaffold_1924	scaffold_2191	scaffold_974	scaffold_2713	scaffold_1957	scaffold_2725	scaffold_2282	scaffold_1592	scaffold_671	scaffold_2931	scaffold_1355	scaffold_2824	scaffold_1953	scaffold_1102	scaffold_1458	scaffold_1451	scaffold_1306	scaffold_1787	scaffold_2873	scaffold_1882	scaffold_603	scaffold_1398	scaffold_1500	scaffold_2892	scaffold_2886	scaffold_2307	scaffold_681	scaffold_2079	scaffold_2567	scaffold_707	scaffold_1212	scaffold_2910	scaffold_630	scaffold_1036	scaffold_1239	scaffold_1042	scaffold_659	scaffold_1635	scaffold_1557	scaffold_2450	scaffold_1682	scaffold_2031	scaffold_2141	scaffold_1118	scaffold_1502	scaffold_2409	scaffold_2342	scaffold_1947	scaffold_2060	scaffold_1255	scaffold_2575	scaffold_1679	scaffold_731	scaffold_2401	scaffold_1389	scaffold_719	scaffold_625	scaffold_1403	scaffold_1288	scaffold_2587	scaffold_1688	scaffold_1489	scaffold_938	scaffold_2227	scaffold_604	scaffold_1173	scaffold_1065	scaffold_672	scaffold_690	scaffold_2702	scaffold_2255	scaffold_2709	scaffold_1852	scaffold_2349	scaffold_734	scaffold_1717	scaffold_2362	scaffold_2013	scaffold_2348	scaffold_1508	scaffold_2022	scaffold_2234	scaffold_1094	scaffold_1363	scaffold_1267	scaffold_1579	scaffold_1641	scaffold_2887	scaffold_2039	scaffold_1954	scaffold_2163	scaffold_1560	scaffold_1461	scaffold_1888	scaffold_1621	scaffold_1248	scaffold_1505	scaffold_2364	scaffold_1085	scaffold_2736	scaffold_1766	scaffold_1430	scaffold_2771	scaffold_1749	scaffold_1752	scaffold_2818	scaffold_2187	scaffold_900	scaffold_1966	scaffold_683	scaffold_1510	scaffold_2643	scaffold_1523	scaffold_2924	scaffold_2158	scaffold_601	scaffold_1113	scaffold_1350	scaffold_2444	scaffold_848	scaffold_729	scaffold_1263	scaffold_1568	scaffold_2651	scaffold_2669	scaffold_2237	scaffold_2499	scaffold_1772	scaffold_2534	scaffold_945	scaffold_1485	scaffold_2196	scaffold_2275	scaffold_1465	scaffold_1473	scaffold_1979	scaffold_2801	scaffold_1914	scaffold_1373	scaffold_1176	scaffold_713	scaffold_2406	scaffold_1870	scaffold_2654	scaffold_842	scaffold_2024	scaffold_1865	scaffold_1199	scaffold_822	scaffold_1726	scaffold_2807	scaffold_1116	scaffold_834	scaffold_2007	scaffold_2745	scaffold_2028	scaffold_2333	scaffold_2834	scaffold_2209	scaffold_2372	scaffold_2941	scaffold_1631	scaffold_2705	scaffold_2176	scaffold_2949	scaffold_2228	scaffold_1613	scaffold_2476	scaffold_1259	scaffold_1734	scaffold_654	scaffold_2817	scaffold_1059	scaffold_2922	scaffold_2186	scaffold_1598	scaffold_2522	scaffold_2429	scaffold_1024	scaffold_1286	scaffold_1842	scaffold_2879	scaffold_939	scaffold_2388	scaffold_1916	scaffold_2904	scaffold_1809	scaffold_878	scaffold_2553	scaffold_1470	scaffold_1264	scaffold_2700	scaffold_572	scaffold_774	scaffold_1639	scaffold_2650	scaffold_669	scaffold_2815	scaffold_454	scaffold_548	scaffold_2631	scaffold_1426	scaffold_1604	scaffold_507	scaffold_1896	scaffold_1474	scaffold_874	scaffold_361	scaffold_1656	scaffold_953	scaffold_605	scaffold_2170	scaffold_487	scaffold_2773	scaffold_698	scaffold_2029	scaffold_2153	scaffold_1753	scaffold_1477	scaffold_1698	scaffold_2239	scaffold_2360	scaffold_1205	scaffold_2776	scaffold_1196	scaffold_2114	scaffold_1608	scaffold_1380	scaffold_717	scaffold_1169	scaffold_779	scaffold_2457	scaffold_777	scaffold_1729	scaffold_976	scaffold_2436	scaffold_2358	scaffold_2454	scaffold_1138	scaffold_633	scaffold_1056	scaffold_692	scaffold_711	scaffold_1629	scaffold_1486	scaffold_2909	scaffold_932	scaffold_2802	scaffold_1335	scaffold_2197	scaffold_2559	scaffold_2435	scaffold_1206	scaffold_549	scaffold_884	scaffold_967	scaffold_2064	scaffold_1478	scaffold_1157	scaffold_1956	scaffold_2920	scaffold_1314	scaffold_2623	scaffold_2258	scaffold_898	scaffold_2764	scaffold_1272	scaffold_973	scaffold_2782	scaffold_1763	scaffold_2786	scaffold_1514	scaffold_1580	scaffold_2778	scaffold_2633	scaffold_1551	scaffold_744	scaffold_1885	scaffold_940	scaffold_1616	scaffold_2812	scaffold_2272	scaffold_2548	scaffold_2015	scaffold_1027	scaffold_2201	scaffold_975	scaffold_2439	scaffold_830	scaffold_910	scaffold_936	scaffold_624	scaffold_658	scaffold_2056	scaffold_2748	scaffold_1410	scaffold_1242	scaffold_1516	scaffold_780	scaffold_2135	scaffold_844	scaffold_2869	scaffold_1937	scaffold_2459	scaffold_992	scaffold_573	scaffold_2386	scaffold_1039	scaffold_1962	scaffold_2962	scaffold_2420	scaffold_2796	scaffold_1223	scaffold_1423	scaffold_2538	scaffold_2821	scaffold_2691	scaffold_1593	scaffold_997	scaffold_2816	scaffold_420	scaffold_1709	scaffold_831	scaffold_2378	scaffold_1739	scaffold_2571	scaffold_2050	scaffold_2049	scaffold_2525	scaffold_595	scaffold_923	scaffold_1649	scaffold_1653	scaffold_2026	scaffold_1347	scaffold_2037	scaffold_1226	scaffold_1654	scaffold_1665	scaffold_1761	scaffold_2619	scaffold_1022	scaffold_2790	scaffold_740	scaffold_1986	scaffold_854	scaffold_2259	scaffold_571	scaffold_837	scaffold_1820	scaffold_2192	scaffold_1750	scaffold_2335	scaffold_2338	scaffold_929	scaffold_1437	scaffold_2600	scaffold_803	scaffold_855	scaffold_2837	scaffold_2138	scaffold_444	scaffold_2202	scaffold_2521	scaffold_1798	scaffold_2249	scaffold_2945	scaffold_773	scaffold_791	scaffold_2315	scaffold_928	scaffold_695	scaffold_885	scaffold_1260	scaffold_949	scaffold_2629	scaffold_1441	scaffold_1174	scaffold_2069	scaffold_2679	scaffold_1098	scaffold_2469	scaffold_2489	scaffold_858	scaffold_889	scaffold_1359	scaffold_1587	scaffold_1723	scaffold_1319	scaffold_1469	scaffold_2509	scaffold_696	scaffold_2072	scaffold_2601	scaffold_2336	scaffold_1491	scaffold_650	scaffold_1436	scaffold_2276	scaffold_2266	scaffold_2542	scaffold_2463	scaffold_2955	scaffold_1856	scaffold_485	scaffold_1225	scaffold_1554	scaffold_2768	scaffold_1769	scaffold_2025	scaffold_2104	scaffold_1114	scaffold_2477	scaffold_1290	scaffold_1366	scaffold_2233	scaffold_1230	scaffold_1047	scaffold_865	scaffold_1519	scaffold_2490	scaffold_2763	scaffold_1774	scaffold_1122	scaffold_802	scaffold_1463	scaffold_1512	scaffold_1435	scaffold_894	scaffold_2283	scaffold_2424	scaffold_655	scaffold_1630	scaffold_1771	scaffold_2943	scaffold_2936	scaffold_2350	scaffold_1018	scaffold_1925	scaffold_2105	scaffold_795	scaffold_1339	scaffold_593	scaffold_2557	scaffold_1274	scaffold_925	scaffold_2475	scaffold_899	scaffold_657	scaffold_1082	scaffold_473	scaffold_489	scaffold_1032	scaffold_2976	scaffold_1935	scaffold_2097	scaffold_1262	scaffold_1144	scaffold_793	scaffold_2392	scaffold_2367	scaffold_2164	scaffold_730	scaffold_1171	scaffold_656	scaffold_2147	scaffold_747	scaffold_1814	scaffold_1160	scaffold_1565	scaffold_2983	scaffold_1799	scaffold_2174	scaffold_1075	scaffold_1689	scaffold_2561	scaffold_2394	scaffold_961	scaffold_1893	scaffold_908	scaffold_2564	scaffold_759	scaffold_1736	scaffold_1517	scaffold_2137	scaffold_2211	scaffold_2636	scaffold_1203	scaffold_1725	scaffold_1521	scaffold_1952	scaffold_2607	scaffold_458	scaffold_1702	scaffold_562	scaffold_1609	scaffold_1003	scaffold_1527	scaffold_1371	scaffold_2578	scaffold_2516	scaffold_2295	scaffold_2453	scaffold_1211	scaffold_964	scaffold_1442	scaffold_790	scaffold_1134	scaffold_1043	scaffold_2627	scaffold_2670	scaffold_2541	scaffold_1518	scaffold_2473	scaffold_1155	scaffold_750	scaffold_2954	scaffold_1177	scaffold_585	scaffold_2278	scaffold_1069	scaffold_2549	scaffold_1204	scaffold_1951	scaffold_2012	scaffold_2761	scaffold_2543	scaffold_1611	scaffold_1602	scaffold_1805	scaffold_471	scaffold_2455	scaffold_2178	scaffold_2514	scaffold_2667	scaffold_1718	scaffold_1400	scaffold_753	scaffold_1418	scaffold_2530	scaffold_680	scaffold_1396	scaffold_1460	scaffold_2222	scaffold_2483	scaffold_1813	scaffold_1378	scaffold_1605	scaffold_638	scaffold_2194	scaffold_797	scaffold_1997	scaffold_2195	scaffold_2503	scaffold_886	scaffold_2697	scaffold_2173	scaffold_2273	scaffold_2261	scaffold_996	scaffold_2493	scaffold_950	scaffold_2232	scaffold_2742	scaffold_1253	scaffold_1909	scaffold_2344	scaffold_1002	scaffold_993	scaffold_2774	scaffold_1806	scaffold_558	scaffold_1824	scaffold_1416	scaffold_1562	scaffold_2550	scaffold_969	scaffold_1384	scaffold_1846	scaffold_2021	scaffold_1266	scaffold_2638	scaffold_1467	scaffold_2317	scaffold_505	scaffold_965	scaffold_2311	scaffold_2731	scaffold_463	scaffold_1218	scaffold_2615	scaffold_589	scaffold_1547	scaffold_2527	scaffold_1706	scaffold_2877	scaffold_1499	scaffold_2212	scaffold_2061	scaffold_1970	scaffold_2119	scaffold_2407	scaffold_1728	scaffold_1183	scaffold_1281	scaffold_2733	scaffold_1488	scaffold_1744	scaffold_2788	scaffold_1789	scaffold_1626	scaffold_2820	scaffold_2979	scaffold_2292	scaffold_2427	scaffold_1724	scaffold_1456	scaffold_2647	scaffold_1681	scaffold_1833	scaffold_2732	scaffold_2753	scaffold_2224	scaffold_767	scaffold_1178	scaffold_1466	scaffold_1374	scaffold_2695	scaffold_1149	scaffold_2091	scaffold_2225	scaffold_1438	scaffold_1722	scaffold_2260	scaffold_1674	scaffold_2155	scaffold_716	scaffold_2641	scaffold_1322	scaffold_897	scaffold_1680	scaffold_1068	scaffold_2681	scaffold_2426	scaffold_1397	scaffold_2414	scaffold_2374	scaffold_1875	scaffold_428	scaffold_2923	scaffold_2067	scaffold_493	scaffold_1427	scaffold_2772	scaffold_2989	scaffold_2198	scaffold_2106	scaffold_2508	scaffold_1284	scaffold_2461	scaffold_1420	scaffold_1315	scaffold_1240	scaffold_1311	scaffold_1522	scaffold_2649	scaffold_736	scaffold_2462	scaffold_2281	scaffold_2403	scaffold_2250	scaffold_1407	scaffold_807	scaffold_2328	scaffold_2371	scaffold_781	scaffold_1599	scaffold_2986	scaffold_2165	scaffold_2871	scaffold_1690	scaffold_2090	scaffold_2940	scaffold_1109	scaffold_1921	scaffold_2408	scaffold_700	scaffold_514	scaffold_2803	scaffold_1785	scaffold_2569	scaffold_2718	scaffold_1603	scaffold_2822	scaffold_1989	scaffold_801	scaffold_1066	scaffold_1135	scaffold_1994	scaffold_1329	scaffold_2740	scaffold_609	scaffold_2101	scaffold_1981	scaffold_1703	scaffold_1907	scaffold_2193	scaffold_812	scaffold_857	scaffold_2451	scaffold_2917	scaffold_2835	scaffold_1878	scaffold_726	scaffold_901	scaffold_919	scaffold_2120	scaffold_2836	scaffold_1819	scaffold_2819	scaffold_1256	scaffold_1928	scaffold_743	scaffold_1110	scaffold_1906	scaffold_722	scaffold_1045	scaffold_685	scaffold_1509	scaffold_1958	scaffold_1984	scaffold_2579	scaffold_1101	scaffold_1025	scaffold_2094	scaffold_2251	scaffold_2229	scaffold_1588	scaffold_2036	scaffold_991	scaffold_612	scaffold_666	scaffold_846	scaffold_2524	scaffold_2926	scaffold_2739	scaffold_2843	scaffold_1100	scaffold_1429	scaffold_1079	scaffold_2200	scaffold_2271	scaffold_1365	scaffold_2829	scaffold_1567	scaffold_2470	scaffold_912	scaffold_2752	scaffold_1964	scaffold_1136	scaffold_693	scaffold_1869	scaffold_1756	scaffold_580	scaffold_697	scaffold_2143	scaffold_861	scaffold_2246	scaffold_662	scaffold_1811	scaffold_1111	scaffold_1556	scaffold_1701	scaffold_2181	scaffold_1448	scaffold_1129	scaffold_2341	scaffold_1687	scaffold_1304	scaffold_1612	scaffold_1816	scaffold_905	scaffold_1340	scaffold_430	scaffold_2990	scaffold_821	scaffold_2794	scaffold_497	scaffold_2279	scaffold_1540	scaffold_2537	scaffold_1353	scaffold_2754	scaffold_784	scaffold_1245	scaffold_2043	scaffold_2175	scaffold_2563	scaffold_1166	scaffold_1005	scaffold_1167	scaffold_2729	scaffold_903	scaffold_1419	scaffold_2610	scaffold_2880	scaffold_2412	scaffold_1572	scaffold_2112	scaffold_2707	scaffold_1143	scaffold_1382	scaffold_2747	scaffold_2063	scaffold_1494	scaffold_1913	scaffold_1344	scaffold_1802	scaffold_1202	scaffold_1341	scaffold_1405	scaffold_2604	scaffold_1080	scaffold_1847	scaffold_2004	scaffold_2118	scaffold_2595	scaffold_958	scaffold_1959	scaffold_1289	scaffold_1125	scaffold_1902	scaffold_1863	scaffold_1232	scaffold_1121	scaffold_971	scaffold_2428	scaffold_2626	scaffold_985	scaffold_2672	scaffold_2277	scaffold_2510	scaffold_1016	scaffold_1207	scaffold_1318	scaffold_2959	scaffold_782	scaffold_952	scaffold_850	scaffold_1170	scaffold_1180	scaffold_2520	scaffold_1141	scaffold_2466	scaffold_799	scaffold_2075	scaffold_2214	scaffold_1919	scaffold_429	scaffold_508	scaffold_1647	scaffold_1195	scaffold_1133	scaffold_2223	scaffold_2609	scaffold_1529	scaffold_751	scaffold_1443	scaffold_2942	scaffold_1484	scaffold_2131	scaffold_2535	scaffold_2993	scaffold_1071	scaffold_862	scaffold_627	scaffold_1791	scaffold_956	scaffold_710	scaffold_2398	scaffold_1338	scaffold_1089	scaffold_1152	scaffold_582	scaffold_2168	scaffold_578	scaffold_1627	scaffold_959	scaffold_2570	scaffold_1097	scaffold_2751	scaffold_1320	scaffold_2263	scaffold_2844	scaffold_2080	scaffold_1106
Staphylococcus_aureus_CACRZC010000002.1	scaffold_937	scaffold_2518	scaffold_2370	scaffold_2870	scaffold_534	scaffold_2003	scaffold_2889	scaffold_461	scaffold_426	scaffold_849	scaffold_763	scaffold_1414	scaffold_636	scaffold_2506
