Nautilia_profundicola_NC_012115.1	scaffold_1768	scaffold_167	scaffold_4	scaffold_1792	scaffold_35	scaffold_555	scaffold_0	scaffold_26
Vibrio_cholerae_NZ_CP038178.1	scaffold_1087	scaffold_1124	scaffold_466	scaffold_122	scaffold_53	scaffold_48	scaffold_216	scaffold_107	scaffold_245	scaffold_13	scaffold_38	scaffold_119	scaffold_21	scaffold_12	scaffold_51	scaffold_3	scaffold_1658	scaffold_1	scaffold_8	scaffold_46	scaffold_144	scaffold_1669	scaffold_553	scaffold_1707
Prochlorococcus_marinus_GL947594.1	scaffold_2	scaffold_60	scaffold_68	scaffold_460	scaffold_63	scaffold_16
Nitrobacter_winogradskyi_NC_007406.1	scaffold_1544	scaffold_97	scaffold_310	scaffold_11	scaffold_279	scaffold_113	scaffold_1181	scaffold_532	scaffold_49	scaffold_297	scaffold_332	scaffold_556	scaffold_186	scaffold_360	scaffold_465	scaffold_62	scaffold_128	scaffold_1883	scaffold_291	scaffold_164	scaffold_587	scaffold_366	scaffold_1661	scaffold_239	scaffold_212	scaffold_249	scaffold_22	scaffold_230	scaffold_475	scaffold_331	scaffold_368	scaffold_376	scaffold_233	scaffold_1337	scaffold_183	scaffold_371	scaffold_39	scaffold_1482	scaffold_1858	scaffold_118	scaffold_160	scaffold_28	scaffold_1751	scaffold_96	scaffold_1019	scaffold_293	scaffold_148	scaffold_1301	scaffold_5	scaffold_523	scaffold_232	scaffold_155	scaffold_99	scaffold_1483	scaffold_211	scaffold_317	scaffold_157	scaffold_357	scaffold_316	scaffold_240	scaffold_470	scaffold_238	scaffold_168	scaffold_1238	scaffold_1720	scaffold_433	scaffold_250	scaffold_496	scaffold_342	scaffold_661	scaffold_142	scaffold_544	scaffold_525	scaffold_1356	scaffold_248	scaffold_78	scaffold_109	scaffold_380	scaffold_400	scaffold_98	scaffold_101	scaffold_358	scaffold_15	scaffold_394	scaffold_262	scaffold_365	scaffold_425	scaffold_56	scaffold_1119	scaffold_1762	scaffold_796	scaffold_110	scaffold_1822	scaffold_506	scaffold_406	scaffold_792	scaffold_1127	scaffold_640	scaffold_679	scaffold_675	scaffold_132	scaffold_187	scaffold_200	scaffold_478	scaffold_191	scaffold_284
Arcobacter_nitrofigilis_NC_014166.1	scaffold_542	scaffold_59	scaffold_143	scaffold_543	scaffold_631	scaffold_27	scaffold_88	scaffold_158	scaffold_1646	scaffold_182	scaffold_24	scaffold_57	scaffold_74	scaffold_18	scaffold_7	scaffold_50	scaffold_34	scaffold_9	scaffold_29	scaffold_206	scaffold_1648	scaffold_536	scaffold_859	scaffold_1623	scaffold_1305	scaffold_346	scaffold_33	scaffold_6	scaffold_117	scaffold_432	scaffold_30	scaffold_1432	scaffold_44	scaffold_1308
Vibrio_cholerae_NZ_CP038179.1	scaffold_786	scaffold_529	scaffold_234	scaffold_1793	scaffold_598	scaffold_823	scaffold_1452	scaffold_1237	scaffold_23	scaffold_594	scaffold_1219	scaffold_924	scaffold_1017	scaffold_17	scaffold_1327	scaffold_896	scaffold_1506	scaffold_14	scaffold_1747	scaffold_1433	scaffold_362	scaffold_38	scaffold_1637	scaffold_1780	scaffold_995	scaffold_1229	scaffold_1352	scaffold_832	scaffold_1273	scaffold_1368	scaffold_516	scaffold_1574	scaffold_673	scaffold_1658	scaffold_1708	scaffold_829	scaffold_845	scaffold_860	scaffold_46	scaffold_1058	scaffold_83	scaffold_1644	scaffold_1668	scaffold_377	scaffold_1503
Nitrosomonas_europaea_NC_004757.1	scaffold_140	scaffold_58	scaffold_1643	scaffold_222	scaffold_453	scaffold_198	scaffold_353	scaffold_80	scaffold_663	scaffold_81	scaffold_184	scaffold_255	scaffold_766	scaffold_1877	scaffold_195	scaffold_137	scaffold_178	scaffold_783	scaffold_134	scaffold_20	scaffold_1803	scaffold_19	scaffold_298	scaffold_139	scaffold_451	scaffold_204	scaffold_294	scaffold_592	scaffold_105	scaffold_129	scaffold_1892	scaffold_213	scaffold_391	scaffold_114	scaffold_227	scaffold_85	scaffold_302	scaffold_987	scaffold_138	scaffold_278	scaffold_902	scaffold_220	scaffold_79	scaffold_1445	scaffold_296	scaffold_755	scaffold_498	scaffold_145	scaffold_338	scaffold_1300	scaffold_583	scaffold_170	scaffold_141	scaffold_209	scaffold_467	scaffold_197	scaffold_166	scaffold_1897	scaffold_1827	scaffold_71	scaffold_955	scaffold_188	scaffold_153	scaffold_163	scaffold_267	scaffold_123	scaffold_179	scaffold_162	scaffold_70	scaffold_172	scaffold_1476	scaffold_424	scaffold_253	scaffold_136	scaffold_704	scaffold_125	scaffold_1283	scaffold_120
Desulfovibrio_desulfuricans_NZ_CP036295.1	scaffold_41	scaffold_66	scaffold_89	scaffold_275	scaffold_40	scaffold_45	scaffold_25	scaffold_55	scaffold_219	scaffold_254	scaffold_65	scaffold_169	scaffold_32	scaffold_124	scaffold_121	scaffold_31	scaffold_72	scaffold_150	scaffold_266	scaffold_189	scaffold_174	scaffold_501	scaffold_154	scaffold_42
Pseudomonas_aeruginosa_NZ_CP039990.1	scaffold_115	scaffold_205	scaffold_500	scaffold_84	scaffold_151	scaffold_127	scaffold_111	scaffold_126	scaffold_1662	scaffold_37	scaffold_954	scaffold_752	scaffold_1670	scaffold_437	scaffold_383	scaffold_288	scaffold_1855	scaffold_914	scaffold_86	scaffold_243	scaffold_320	scaffold_64	scaffold_260	scaffold_1714	scaffold_295	scaffold_228	scaffold_102	scaffold_156	scaffold_116	scaffold_131	scaffold_1006	scaffold_77	scaffold_61	scaffold_207	scaffold_73	scaffold_304	scaffold_1862	scaffold_108	scaffold_159	scaffold_258	scaffold_106	scaffold_190	scaffold_165	scaffold_91	scaffold_194	scaffold_149	scaffold_1475	scaffold_1108	scaffold_69	scaffold_67	scaffold_92	scaffold_52	scaffold_841	scaffold_246	scaffold_241	scaffold_270	scaffold_161	scaffold_1782	scaffold_90	scaffold_367	scaffold_181	scaffold_323	scaffold_95	scaffold_130	scaffold_804	scaffold_36	scaffold_257	scaffold_176	scaffold_820	scaffold_147	scaffold_450	scaffold_193	scaffold_201	scaffold_968	scaffold_866	scaffold_192	scaffold_54	scaffold_486	scaffold_738	scaffold_76	scaffold_75	scaffold_202	scaffold_1864	scaffold_112	scaffold_94	scaffold_1830	scaffold_235	scaffold_482	scaffold_1651	scaffold_146	scaffold_456	scaffold_173	scaffold_171	scaffold_263	scaffold_133	scaffold_563	scaffold_277	scaffold_100	scaffold_269	scaffold_324	scaffold_474	scaffold_185	scaffold_196
Staphylococcus_aureus_CACRZC010000001.1	scaffold_208	scaffold_1150	scaffold_381	scaffold_639	scaffold_1123	scaffold_312	scaffold_645	scaffold_1095	scaffold_503	scaffold_306	scaffold_313	scaffold_408	scaffold_417	scaffold_427	scaffold_591	scaffold_989	scaffold_1035	scaffold_199	scaffold_273	scaffold_292	scaffold_356	scaffold_462	scaffold_398	scaffold_289	scaffold_431	scaffold_484	scaffold_329	scaffold_522	scaffold_1278	scaffold_1051	scaffold_348	scaffold_1577	scaffold_1781	scaffold_1472	scaffold_1130	scaffold_449	scaffold_490	scaffold_1103	scaffold_407	scaffold_1664	scaffold_483	scaffold_388	scaffold_677	scaffold_412	scaffold_892	scaffold_499	scaffold_1758	scaffold_1800	scaffold_1542	scaffold_1142	scaffold_350	scaffold_264	scaffold_410	scaffold_771	scaffold_600	scaffold_926	scaffold_468	scaffold_608	scaffold_1078	scaffold_343	scaffold_480	scaffold_948	scaffold_588	scaffold_369	scaffold_1395	scaffold_635	scaffold_1209	scaffold_584	scaffold_217	scaffold_1810	scaffold_447	scaffold_385	scaffold_315	scaffold_787	scaffold_446	scaffold_285	scaffold_327	scaffold_374	scaffold_1685	scaffold_359	scaffold_541	scaffold_349	scaffold_1295	scaffold_1249	scaffold_1700	scaffold_333	scaffold_613	scaffold_1808	scaffold_379	scaffold_559	scaffold_539	scaffold_459	scaffold_373	scaffold_421	scaffold_1738	scaffold_435	scaffold_1666	scaffold_375	scaffold_301	scaffold_265	scaffold_402	scaffold_340	scaffold_231	scaffold_1606	scaffold_225	scaffold_1104	scaffold_345	scaffold_344	scaffold_754	scaffold_1092	scaffold_800	scaffold_413	scaffold_422	scaffold_237	scaffold_314	scaffold_527	scaffold_210	scaffold_411	scaffold_1677	scaffold_335	scaffold_1851	scaffold_477	scaffold_629	scaffold_1031	scaffold_521	scaffold_244	scaffold_318	scaffold_794	scaffold_334	scaffold_325	scaffold_768	scaffold_1386	scaffold_214	scaffold_448	scaffold_319	scaffold_547	scaffold_390	scaffold_372	scaffold_441	scaffold_561	scaffold_517	scaffold_1453	scaffold_252	scaffold_387	scaffold_271	scaffold_434	scaffold_1861	scaffold_247	scaffold_576	scaffold_528	scaffold_1424	scaffold_438	scaffold_835	scaffold_1697	scaffold_1839	scaffold_518	scaffold_533	scaffold_1650	scaffold_280	scaffold_1145	scaffold_469	scaffold_261	scaffold_1067	scaffold_1754	scaffold_337	scaffold_405	scaffold_339	scaffold_354	scaffold_416	scaffold_326	scaffold_626	scaffold_382	scaffold_739	scaffold_256	scaffold_351	scaffold_396	scaffold_419	scaffold_1764	scaffold_443	scaffold_1786	scaffold_606	scaffold_1317	scaffold_472	scaffold_1332	scaffold_274	scaffold_393	scaffold_328	scaffold_290	scaffold_546	scaffold_440	scaffold_321	scaffold_476	scaffold_392	scaffold_268	scaffold_567	scaffold_347	scaffold_221	scaffold_519	scaffold_236	scaffold_370	scaffold_242	scaffold_1617	scaffold_414	scaffold_494	scaffold_218	scaffold_389	scaffold_762	scaffold_286	scaffold_824	scaffold_464	scaffold_577	scaffold_1447	scaffold_341	scaffold_404	scaffold_455	scaffold_778	scaffold_495	scaffold_560	scaffold_403	scaffold_876	scaffold_229	scaffold_1732	scaffold_436	scaffold_442	scaffold_283	scaffold_1349	scaffold_664	scaffold_742	scaffold_308	scaffold_322	scaffold_1645	scaffold_203	scaffold_540	scaffold_180	scaffold_336	scaffold_1307	scaffold_1064	scaffold_568	scaffold_614	scaffold_1074	scaffold_510	scaffold_352	scaffold_272	scaffold_224	scaffold_1558	scaffold_520	scaffold_569	scaffold_531	scaffold_1354	scaffold_300	scaffold_311	scaffold_856	scaffold_378	scaffold_1740	scaffold_364	scaffold_871	scaffold_223	scaffold_607	scaffold_564	scaffold_869	scaffold_941	scaffold_550	scaffold_395	scaffold_363	scaffold_887	scaffold_552	scaffold_397	scaffold_1450	scaffold_305	scaffold_259	scaffold_282	scaffold_281	scaffold_287	scaffold_616	scaffold_303	scaffold_651	scaffold_760	scaffold_691	scaffold_226	scaffold_1162
Kuenenia_stuttgartiensis_NZ_LT934425.1	scaffold_1757	scaffold_1090	scaffold_655	scaffold_1767	scaffold_765	scaffold_843	scaffold_1236	scaffold_1630	scaffold_1147	scaffold_1771	scaffold_1845	scaffold_1334	scaffold_1552	scaffold_1046	scaffold_1794	scaffold_702	scaffold_1241	scaffold_1498	scaffold_1439	scaffold_1533	scaffold_1208	scaffold_1779	scaffold_1018	scaffold_1120	scaffold_795	scaffold_1339	scaffold_1790	scaffold_409	scaffold_1566	scaffold_593	scaffold_1257	scaffold_1050	scaffold_805	scaffold_1545	scaffold_1333	scaffold_1622	scaffold_524	scaffold_963	scaffold_1274	scaffold_880	scaffold_925	scaffold_890	scaffold_1487	scaffold_1270	scaffold_1874	scaffold_899	scaffold_1030	scaffold_1835	scaffold_657	scaffold_1082	scaffold_1776	scaffold_473	scaffold_1148	scaffold_1375	scaffold_1385	scaffold_1342	scaffold_1804	scaffold_1049	scaffold_489	scaffold_1194	scaffold_1401	scaffold_1573	scaffold_1841	scaffold_1032	scaffold_1531	scaffold_566	scaffold_818	scaffold_688	scaffold_1026	scaffold_1164	scaffold_872	scaffold_515	scaffold_723	scaffold_1525	scaffold_1262	scaffold_1691	scaffold_1868	scaffold_915	scaffold_1634	scaffold_1247	scaffold_1144	scaffold_665	scaffold_793	scaffold_916	scaffold_1348	scaffold_1683	scaffold_1844	scaffold_806	scaffold_1595	scaffold_492	scaffold_1853	scaffold_513	scaffold_1292	scaffold_1496	scaffold_701	scaffold_647	scaffold_730	scaffold_565	scaffold_764	scaffold_1171	scaffold_656	scaffold_1140	scaffold_1151	scaffold_747	scaffold_1814	scaffold_1576	scaffold_1160	scaffold_1565	scaffold_579	scaffold_1277	scaffold_1037	scaffold_1279	scaffold_1799	scaffold_1201	scaffold_931	scaffold_1250	scaffold_1594	scaffold_1392	scaffold_1115	scaffold_1075	scaffold_877	scaffold_1689	scaffold_1412	scaffold_1417	scaffold_961	scaffold_1076	scaffold_1867	scaffold_445	scaffold_1216	scaffold_1893	scaffold_1168	scaffold_908	scaffold_1251	scaffold_439	scaffold_922	scaffold_966	scaffold_1526	scaffold_759	scaffold_974	scaffold_984	scaffold_1773	scaffold_526	scaffold_718	scaffold_1736	scaffold_1517	scaffold_644	scaffold_1832	scaffold_1158	scaffold_1592	scaffold_653	scaffold_671	scaffold_913	scaffold_1719	scaffold_1355	scaffold_906	scaffold_1409	scaffold_1102	scaffold_1458	scaffold_1285	scaffold_1203	scaffold_1107	scaffold_1306	scaffold_1451	scaffold_1521	scaffold_1415	scaffold_1725	scaffold_1787	scaffold_619	scaffold_458	scaffold_833	scaffold_1652	scaffold_1702	scaffold_1882	scaffold_562	scaffold_1609	scaffold_603	scaffold_1398	scaffold_1500	scaffold_1663	scaffold_819	scaffold_1859	scaffold_1003	scaffold_891	scaffold_1527	scaffold_1371	scaffold_1672	scaffold_681	scaffold_1326	scaffold_895	scaffold_1879	scaffold_1775	scaffold_1211	scaffold_964	scaffold_714	scaffold_1055	scaffold_1442	scaffold_1881	scaffold_707	scaffold_1212	scaffold_1735	scaffold_790	scaffold_1134	scaffold_630	scaffold_727	scaffold_1036	scaffold_1043	scaffold_1239	scaffold_1328	scaffold_1812	scaffold_590	scaffold_1479	scaffold_1042	scaffold_741	scaffold_659	scaffold_1635	scaffold_1557	scaffold_811	scaffold_1682	scaffold_1518	scaffold_1155	scaffold_1128	scaffold_750	scaffold_1302	scaffold_1177	scaffold_585	scaffold_1866	scaffold_1069	scaffold_1737	scaffold_1796	scaffold_1313	scaffold_1642	scaffold_1710	scaffold_1118	scaffold_1502	scaffold_1712	scaffold_1083	scaffold_1204	scaffold_1657	scaffold_1856	scaffold_423	scaffold_881	scaffold_1611	scaffold_1191	scaffold_1602	scaffold_1255	scaffold_1390	scaffold_1745	scaffold_1154	scaffold_1679	scaffold_1805	scaffold_731	scaffold_649	scaffold_471	scaffold_943	scaffold_1389	scaffold_719	scaffold_625	scaffold_632	scaffold_1403	scaffold_942	scaffold_1288	scaffold_1054	scaffold_509	scaffold_1536	scaffold_1684	scaffold_983	scaffold_628	scaffold_1688	scaffold_1638	scaffold_1673	scaffold_1489	scaffold_1391	scaffold_938	scaffold_1718	scaffold_1898	scaffold_1400	scaffold_604	scaffold_753	scaffold_1402	scaffold_1173	scaffold_1065	scaffold_1418	scaffold_813	scaffold_680	scaffold_672	scaffold_690	scaffold_1396	scaffold_1696	scaffold_1581	scaffold_838	scaffold_1460	scaffold_1492	scaffold_1091	scaffold_699	scaffold_1813	scaffold_1378	scaffold_481	scaffold_682	scaffold_1605	scaffold_638	scaffold_1815	scaffold_1007	scaffold_1096	scaffold_1298	scaffold_1852	scaffold_734	scaffold_1548	scaffold_1028	scaffold_646	scaffold_678	scaffold_1717	scaffold_1508	scaffold_1023	scaffold_720	scaffold_1094	scaffold_1185	scaffold_797	scaffold_809	scaffold_530	scaffold_886	scaffold_643	scaffold_1363	scaffold_1886	scaffold_1267	scaffold_1579	scaffold_1641	scaffold_1175	scaffold_996	scaffold_1073	scaffold_950	scaffold_1294	scaffold_998	scaffold_1560	scaffold_745	scaffold_1253	scaffold_1461	scaffold_1620	scaffold_1002	scaffold_1888	scaffold_993	scaffold_1829	scaffold_1871	scaffold_1621	scaffold_1379	scaffold_1806	scaffold_558	scaffold_1248	scaffold_1505	scaffold_1824	scaffold_1351	scaffold_1504	scaffold_1416	scaffold_1562	scaffold_1234	scaffold_1659	scaffold_969	scaffold_1085	scaffold_1825	scaffold_867	scaffold_1384	scaffold_1766	scaffold_1430	scaffold_1846	scaffold_617	scaffold_1266	scaffold_1467	scaffold_1618	scaffold_770	scaffold_1088	scaffold_1582	scaffold_1749	scaffold_505	scaffold_965	scaffold_1752	scaffold_1619	scaffold_463	scaffold_491	scaffold_960	scaffold_1218	scaffold_589	scaffold_622	scaffold_746	scaffold_982	scaffold_1462	scaffold_900	scaffold_615	scaffold_1547	scaffold_1706	scaffold_683	scaffold_1468	scaffold_1499	scaffold_1510	scaffold_715	scaffold_1520	scaffold_1523	scaffold_601	scaffold_1113	scaffold_1350	scaffold_1546	scaffold_1728	scaffold_1271	scaffold_1783	scaffold_1721	scaffold_1507	scaffold_1197	scaffold_1183	scaffold_1281	scaffold_1695	scaffold_1742	scaffold_1748	scaffold_1873	scaffold_848	scaffold_1488	scaffold_1744	scaffold_1044	scaffold_1061	scaffold_1789	scaffold_1626	scaffold_1309	scaffold_729	scaffold_1330	scaffold_1778	scaffold_1263	scaffold_1568	scaffold_1411	scaffold_535	scaffold_610	scaffold_994	scaffold_1511	scaffold_1570	scaffold_1724	scaffold_1456	scaffold_1772	scaffold_537	scaffold_1681	scaffold_945	scaffold_1485	scaffold_1833	scaffold_1849	scaffold_1770	scaffold_596	scaffold_728	scaffold_767	scaffold_1287	scaffold_1465	scaffold_1473	scaffold_1213	scaffold_1178	scaffold_1041	scaffold_1466	scaffold_1541	scaffold_1559	scaffold_706	scaffold_1374	scaffold_1149	scaffold_1438	scaffold_1722	scaffold_1495	scaffold_668	scaffold_1674	scaffold_1265	scaffold_716	scaffold_581	scaffold_1393	scaffold_1310	scaffold_1312	scaffold_1373	scaffold_732	scaffold_897	scaffold_1322	scaffold_1884	scaffold_1680	scaffold_1062	scaffold_1176	scaffold_1068	scaffold_713	scaffold_602	scaffold_748	scaffold_1397	scaffold_1840	scaffold_1394	scaffold_1765	scaffold_1269	scaffold_788	scaffold_703	scaffold_749	scaffold_1480	scaffold_1870	scaffold_1303	scaffold_1731	scaffold_1875	scaffold_1515	scaffold_1299	scaffold_1063	scaffold_1532	scaffold_842	scaffold_1578	scaffold_933	scaffold_1865	scaffold_428	scaffold_1199	scaffold_1186	scaffold_1358	scaffold_822	scaffold_1726	scaffold_493	scaffold_1282	scaffold_1008	scaffold_1015	scaffold_1116	scaffold_689	scaffold_834	scaffold_1370	scaffold_1427	scaffold_1860	scaffold_1854	scaffold_1631	scaffold_708	scaffold_1284	scaffold_479	scaffold_893	scaffold_1259	scaffold_1227	scaffold_1345	scaffold_1367	scaffold_1420	scaffold_1613	scaffold_1734	scaffold_654	scaffold_399	scaffold_1131	scaffold_1315	scaffold_1614	scaffold_1059	scaffold_1730	scaffold_1455	scaffold_1240	scaffold_1291	scaffold_1311	scaffold_1598	scaffold_1190	scaffold_1522	scaffold_736	scaffold_1001	scaffold_1020	scaffold_1407	scaffold_757	scaffold_807	scaffold_1828	scaffold_1444	scaffold_817	scaffold_781	scaffold_1057	scaffold_852	scaffold_504	scaffold_1675	scaffold_1597	scaffold_1404	scaffold_1599	scaffold_1024	scaffold_1286	scaffold_761	scaffold_962	scaffold_1607	scaffold_1842	scaffold_939	scaffold_1048	scaffold_554	scaffold_1296	scaffold_1369	scaffold_1809	scaffold_1690	scaffold_878	scaffold_1408	scaffold_1470	scaffold_1264	scaffold_1086	scaffold_694	scaffold_1163	scaffold_572	scaffold_774	scaffold_1109	scaffold_1165	scaffold_1569	scaffold_1254	scaffold_1632	scaffold_1639	scaffold_570	scaffold_669	scaffold_1857	scaffold_700	scaffold_454	scaffold_548	scaffold_1198	scaffold_1426	scaffold_514	scaffold_1604	scaffold_1785	scaffold_904	scaffold_1603	scaffold_507	scaffold_839	scaffold_1399	scaffold_1052	scaffold_1896	scaffold_1474	scaffold_801	scaffold_980	scaffold_1550	scaffold_874	scaffold_1066	scaffold_1135	scaffold_1713	scaffold_1329	scaffold_361	scaffold_574	scaffold_609	scaffold_1406	scaffold_953	scaffold_605	scaffold_921	scaffold_1656	scaffold_1838	scaffold_1077	scaffold_1422	scaffold_1564	scaffold_1471	scaffold_1755	scaffold_1716	scaffold_487	scaffold_1703	scaffold_946	scaffold_698	scaffold_812	scaffold_1184	scaffold_857	scaffold_1377	scaffold_1693	scaffold_641	scaffold_1563	scaffold_1137	scaffold_1324	scaffold_1000	scaffold_586	scaffold_1753	scaffold_726	scaffold_901	scaffold_919	scaffold_1477	scaffold_1807	scaffold_1261	scaffold_1878	scaffold_1819	scaffold_621	scaffold_1894	scaffold_1698	scaffold_1797	scaffold_758	scaffold_1070	scaffold_1040	scaffold_1244	scaffold_1256	scaffold_1678	scaffold_1795	scaffold_864	scaffold_1276	scaffold_1205	scaffold_756	scaffold_743	scaffold_1571	scaffold_1655	scaffold_1196	scaffold_1513	scaffold_1608	scaffold_1110	scaffold_1380	scaffold_1189	scaffold_722	scaffold_769	scaffold_1045	scaffold_685	scaffold_1509	scaffold_717	scaffold_1497	scaffold_575	scaffold_1549	scaffold_597	scaffold_1169	scaffold_847	scaffold_779	scaffold_1146	scaffold_1153	scaffold_777	scaffold_1591	scaffold_976	scaffold_1729	scaffold_735	scaffold_670	scaffold_1101	scaffold_1025	scaffold_1138	scaffold_1357	scaffold_1610	scaffold_1848	scaffold_633	scaffold_1034	scaffold_870	scaffold_1056	scaffold_692	scaffold_737	scaffold_1214	scaffold_1676	scaffold_721	scaffold_1624	scaffold_815	scaffold_1588	scaffold_1060	scaffold_1667	scaffold_1746	scaffold_1431	scaffold_676	scaffold_1011	scaffold_545	scaffold_599	scaffold_711	scaffold_828	scaffold_988	scaffold_1629	scaffold_733	scaffold_1705	scaffold_1038	scaffold_1486	scaffold_932	scaffold_991	scaffold_1490	scaffold_612	scaffold_827	scaffold_1741	scaffold_851	scaffold_666	scaffold_709	scaffold_1182	scaffold_1481	scaffold_957	scaffold_1335	scaffold_1387	scaffold_810	scaffold_846	scaffold_825	scaffold_918	scaffold_1628	scaffold_1206	scaffold_1872	scaffold_1100	scaffold_549	scaffold_884	scaffold_967	scaffold_1079	scaffold_1084	scaffold_1161	scaffold_1268	scaffold_1429	scaffold_1478	scaffold_1440	scaffold_1157	scaffold_642	scaffold_1777	scaffold_990	scaffold_1314	scaffold_1132	scaffold_1584	scaffold_538	scaffold_1365	scaffold_1586	scaffold_977	scaffold_502	scaffold_1210	scaffold_898	scaffold_1671	scaffold_1297	scaffold_1272	scaffold_1567	scaffold_1589	scaffold_973	scaffold_1362	scaffold_912	scaffold_1553	scaffold_1686	scaffold_1493	scaffold_1763	scaffold_1784	scaffold_1136	scaffold_693	scaffold_1869	scaffold_1514	scaffold_1434	scaffold_1756	scaffold_580	scaffold_697	scaffold_879	scaffold_1831	scaffold_1580	scaffold_1457	scaffold_826	scaffold_861	scaffold_1551	scaffold_744	scaffold_1885	scaffold_662	scaffold_940	scaffold_1111	scaffold_637	scaffold_1421	scaffold_1616	scaffold_1811	scaffold_1556	scaffold_1701	scaffold_1715	scaffold_1448	scaffold_1129	scaffold_648	scaffold_1501	scaffold_1687	scaffold_1217	scaffold_1304	scaffold_1585	scaffold_1454	scaffold_1612	scaffold_684	scaffold_1027	scaffold_1215	scaffold_1537	scaffold_975	scaffold_1222	scaffold_830	scaffold_910	scaffold_936	scaffold_557	scaffold_1816	scaffold_660	scaffold_355	scaffold_512	scaffold_624	scaffold_875	scaffold_658	scaffold_905	scaffold_1340	scaffold_1561	scaffold_1900	scaffold_430	scaffold_705	scaffold_1242	scaffold_840	scaffold_1410	scaffold_1516	scaffold_1834	scaffold_1640	scaffold_780	scaffold_821	scaffold_1325	scaffold_712	scaffold_1372	scaffold_1727	scaffold_497	scaffold_844	scaffold_1188	scaffold_1540	scaffold_1233	scaffold_1081	scaffold_1353	scaffold_652	scaffold_1636	scaffold_935	scaffold_992	scaffold_573	scaffold_1449	scaffold_623	scaffold_1039	scaffold_798	scaffold_1231	scaffold_1625	scaffold_1880	scaffold_784	scaffold_1245	scaffold_882	scaffold_1166	scaffold_1005	scaffold_1223	scaffold_1423	scaffold_1633	scaffold_1167	scaffold_978	scaffold_903	scaffold_1280	scaffold_1419	scaffold_1538	scaffold_1593	scaffold_997	scaffold_1530	scaffold_420	scaffold_1709	scaffold_1572	scaffold_1528	scaffold_1343	scaffold_831	scaffold_853	scaffold_1836	scaffold_1029	scaffold_986	scaffold_1004	scaffold_1739	scaffold_934	scaffold_1139	scaffold_1143	scaffold_1221	scaffold_1382	scaffold_595	scaffold_923	scaffold_1126	scaffold_1388	scaffold_1494	scaffold_1649	scaffold_1653	scaffold_1704	scaffold_1347	scaffold_1360	scaffold_1539	scaffold_1226	scaffold_776	scaffold_1654	scaffold_1821	scaffold_634	scaffold_1665	scaffold_1344	scaffold_1818	scaffold_1761	scaffold_1802	scaffold_814	scaffold_1022	scaffold_488	scaffold_1053	scaffold_740	scaffold_772	scaffold_611	scaffold_854	scaffold_1202	scaffold_571	scaffold_837	scaffold_1341	scaffold_1405	scaffold_1381	scaffold_1601	scaffold_1801	scaffold_1820	scaffold_1080	scaffold_1750	scaffold_1847	scaffold_1093	scaffold_1555	scaffold_958	scaffold_929	scaffold_1289	scaffold_1437	scaffold_1072	scaffold_1125	scaffold_803	scaffold_855	scaffold_1863	scaffold_1899	scaffold_444	scaffold_618	scaffold_789	scaffold_1534	scaffold_1232	scaffold_970	scaffold_1798	scaffold_1121	scaffold_773	scaffold_971	scaffold_1192	scaffold_1316	scaffold_791	scaffold_985	scaffold_930	scaffold_928	scaffold_1336	scaffold_775	scaffold_695	scaffold_1014	scaffold_1016	scaffold_1193	scaffold_725	scaffold_885	scaffold_1711	scaffold_1207	scaffold_686	scaffold_1260	scaffold_1318	scaffold_949	scaffold_1361	scaffold_808	scaffold_1464	scaffold_782	scaffold_1425	scaffold_1275	scaffold_1441	scaffold_1743	scaffold_952	scaffold_1890	scaffold_1174	scaffold_909	scaffold_850	scaffold_836	scaffold_1170	scaffold_1180	scaffold_1141	scaffold_620	scaffold_1346	scaffold_1376	scaffold_1596	scaffold_1098	scaffold_1246	scaffold_1331	scaffold_799	scaffold_858	scaffold_1660	scaffold_889	scaffold_1359	scaffold_1587	scaffold_429	scaffold_1172	scaffold_508	scaffold_1723	scaffold_1319	scaffold_1647	scaffold_1228	scaffold_981	scaffold_1195	scaffold_1133	scaffold_384	scaffold_1529	scaffold_868	scaffold_1469	scaffold_1179	scaffold_696	scaffold_1760	scaffold_1413	scaffold_751	scaffold_1443	scaffold_1491	scaffold_1159	scaffold_650	scaffold_944	scaffold_1010	scaffold_1187	scaffold_1436	scaffold_1524	scaffold_1484	scaffold_1071	scaffold_862	scaffold_1383	scaffold_1321	scaffold_551	scaffold_485	scaffold_627	scaffold_920	scaffold_1225	scaffold_1235	scaffold_1293	scaffold_1428	scaffold_1554	scaffold_1694	scaffold_386	scaffold_1769	scaffold_1791	scaffold_724	scaffold_1114	scaffold_956	scaffold_816	scaffold_687	scaffold_1290	scaffold_1366	scaffold_1788	scaffold_710	scaffold_1826	scaffold_1575	scaffold_1338	scaffold_951	scaffold_907	scaffold_1446	scaffold_1889	scaffold_1089	scaffold_1152	scaffold_1224	scaffold_582	scaffold_1117	scaffold_1583	scaffold_999	scaffold_578	scaffold_917	scaffold_1230	scaffold_1627	scaffold_1200	scaffold_873	scaffold_959	scaffold_1009	scaffold_1887	scaffold_1364	scaffold_1047	scaffold_911	scaffold_865	scaffold_1097	scaffold_1156	scaffold_1590	scaffold_1519	scaffold_1320	scaffold_1774	scaffold_863	scaffold_1122	scaffold_802	scaffold_1220	scaffold_1013	scaffold_1258	scaffold_1463	scaffold_1512	scaffold_1435	scaffold_1252	scaffold_894	scaffold_1837	scaffold_1106
Staphylococcus_aureus_CACRZC010000002.1	scaffold_937	scaffold_534	scaffold_461	scaffold_426	scaffold_849	scaffold_763	scaffold_1414	scaffold_636
