Nautilia_profundicola_NC_012115.1	NODE_74_length_110033_cov_6.288864	NODE_10_length_497095_cov_6.378900	NODE_57_length_139548_cov_6.394345	NODE_189_length_37508_cov_6.335908	NODE_1_length_871420_cov_6.348909	NODE_591_length_5211_cov_25.188576
Desulfovibrio_desulfuricans_NZ_CP036295.1	NODE_152_length_49090_cov_2.029863	NODE_124_length_65676_cov_2.055828	NODE_126_length_64360_cov_1.979474	NODE_133_length_60339_cov_2.020402	NODE_84_length_101450_cov_2.017237	NODE_38_length_220187_cov_2.020601	NODE_40_length_179785_cov_2.021181	NODE_71_length_113281_cov_2.021585	NODE_286_length_17839_cov_2.047407	NODE_2_length_834985_cov_2.016407	NODE_13_length_405822_cov_2.017677	NODE_31_length_247431_cov_2.020644	NODE_121_length_67967_cov_2.021277	NODE_154_length_47956_cov_2.064087	NODE_994_length_1228_cov_1.828167	NODE_19_length_291727_cov_2.016710	NODE_5_length_586102_cov_2.017389
Prochlorococcus_marinus_GL947594.1	NODE_45_length_171751_cov_4.099952	NODE_543_length_6177_cov_8.327246	NODE_75_length_109826_cov_4.107731	NODE_9_length_507936_cov_4.056973	NODE_3_length_713934_cov_4.090110	NODE_66_length_125779_cov_4.053008
Arcobacter_nitrofigilis_NC_014166.1	NODE_688_length_3747_cov_5.590461	NODE_969_length_1380_cov_5.637783	NODE_567_length_5607_cov_22.478758	NODE_4_length_690942_cov_5.454248	NODE_12_length_421619_cov_5.413029	NODE_141_length_54230_cov_5.359406	NODE_18_length_324225_cov_5.451636	NODE_219_length_28047_cov_5.451124	NODE_35_length_237741_cov_5.423195	NODE_106_length_77104_cov_5.282735	NODE_6_length_554348_cov_5.517190	NODE_7_length_552576_cov_5.435327	NODE_59_length_138328_cov_5.534562	NODE_110_length_75155_cov_5.357000
Vibrio_cholerae_NZ_CP038178.1	NODE_554_length_5984_cov_2.661682	NODE_8_length_536382_cov_2.816442	NODE_23_length_259462_cov_2.797901	NODE_93_length_92050_cov_2.834183	NODE_132_length_60407_cov_2.892170	NODE_263_length_19882_cov_3.075519	NODE_191_length_37097_cov_2.729445	NODE_868_length_1989_cov_5.853968	NODE_89_length_95949_cov_2.811028	NODE_620_length_4747_cov_3.195138	NODE_671_length_3981_cov_4.858063	NODE_20_length_283234_cov_2.813891	NODE_77_length_106327_cov_2.861317	NODE_1003_length_1183_cov_16.758303	NODE_906_length_1696_cov_19.996243	NODE_32_length_246638_cov_2.803496	NODE_15_length_349952_cov_2.838341	NODE_707_length_3499_cov_22.415294	NODE_11_length_452078_cov_2.819250	NODE_46_length_167950_cov_2.768652	NODE_167_length_45460_cov_2.717136	NODE_146_length_51688_cov_2.789141	NODE_843_length_2166_cov_3.133043	NODE_247_length_22044_cov_2.802871	NODE_144_length_53681_cov_2.870479
Pseudomonas_aeruginosa_NZ_CP039990.1	NODE_17_length_326226_cov_2.043974	NODE_245_length_22186_cov_1.930864	NODE_22_length_261683_cov_2.059748	NODE_51_length_157731_cov_2.054393	NODE_76_length_106766_cov_2.002709	NODE_83_length_101969_cov_2.031265	NODE_24_length_257182_cov_2.023572	NODE_193_length_36545_cov_2.022389	NODE_264_length_19862_cov_2.071295	NODE_217_length_28599_cov_2.140386	NODE_48_length_165712_cov_2.080549	NODE_68_length_119618_cov_2.042211	NODE_213_length_29176_cov_1.876947	NODE_866_length_1997_cov_2.712329	NODE_321_length_14369_cov_2.055361	NODE_14_length_365935_cov_2.017800	NODE_26_length_256011_cov_2.019526	NODE_27_length_255405_cov_2.037727	NODE_181_length_38814_cov_2.026191	NODE_28_length_254816_cov_2.009948	NODE_72_length_111224_cov_2.025773	NODE_239_length_23083_cov_2.461277	NODE_79_length_102760_cov_2.106136	NODE_235_length_24129_cov_1.894757	NODE_107_length_76494_cov_2.008299	NODE_309_length_15445_cov_2.130457	NODE_943_length_1502_cov_2.003564	NODE_1041_length_1033_cov_2.001071	NODE_82_length_102133_cov_1.943440	NODE_692_length_3716_cov_2.197125	NODE_257_length_20675_cov_1.933661	NODE_196_length_35766_cov_2.000841	NODE_52_length_154503_cov_2.023717	NODE_60_length_136959_cov_2.003968	NODE_207_length_31574_cov_2.016648	NODE_206_length_32623_cov_2.015281	NODE_766_length_2878_cov_2.145016	NODE_67_length_124006_cov_2.025729	NODE_566_length_5649_cov_2.242523	NODE_770_length_2858_cov_1.778905	NODE_151_length_49453_cov_2.032480	NODE_37_length_221481_cov_2.012756	NODE_225_length_26534_cov_2.021335	NODE_87_length_100724_cov_2.063861	NODE_88_length_96154_cov_1.992286	NODE_47_length_165849_cov_2.057448	NODE_125_length_64635_cov_2.066924	NODE_69_length_117143_cov_2.012397	NODE_143_length_54034_cov_2.065245	NODE_94_length_91722_cov_2.054637	NODE_91_length_94185_cov_2.040219	NODE_262_length_19995_cov_2.138721	NODE_740_length_3171_cov_1.590495	NODE_215_length_28785_cov_2.190964	NODE_991_length_1236_cov_11.279683	NODE_220_length_27779_cov_2.112500	NODE_320_length_14382_cov_1.980746	NODE_136_length_58414_cov_1.998971	NODE_104_length_78237_cov_1.990696	NODE_284_length_18052_cov_2.058319	NODE_25_length_256074_cov_2.059912	NODE_111_length_74671_cov_2.031701	NODE_43_length_175618_cov_2.031666	NODE_63_length_130975_cov_2.014823	NODE_95_length_91230_cov_2.054350	NODE_33_length_244714_cov_2.040836
Vibrio_cholerae_NZ_CP038179.1	NODE_732_length_3298_cov_4.208815	NODE_968_length_1381_cov_5.627145	NODE_928_length_1593_cov_2.585676	NODE_883_length_1876_cov_4.381542	NODE_446_length_8739_cov_3.268287	NODE_549_length_6059_cov_3.093289	NODE_1038_length_1049_cov_2.818947	NODE_809_length_2417_cov_2.477135	NODE_147_length_51352_cov_2.724289	NODE_42_length_176256_cov_2.844281	NODE_1001_length_1192_cov_5.286368	NODE_808_length_2419_cov_3.765948	NODE_1008_length_1167_cov_4.143258	NODE_472_length_8022_cov_2.735201	NODE_973_length_1364_cov_2.754150	NODE_669_length_4025_cov_3.601375	NODE_216_length_28779_cov_2.902301	NODE_999_length_1197_cov_5.938069	NODE_751_length_3020_cov_4.113317	NODE_764_length_2899_cov_2.668929	NODE_424_length_9253_cov_3.393489	NODE_667_length_4048_cov_3.082046	NODE_665_length_4100_cov_2.826043	NODE_502_length_7069_cov_2.914921	NODE_839_length_2203_cov_2.831274	NODE_1003_length_1183_cov_16.758303	NODE_30_length_251758_cov_2.829480	NODE_267_length_19738_cov_2.785732	NODE_641_length_4495_cov_3.099636	NODE_16_length_335386_cov_2.828693	NODE_800_length_2537_cov_3.034865	NODE_825_length_2291_cov_2.746350	NODE_887_length_1815_cov_2.857226	NODE_117_length_71553_cov_2.852437	NODE_1024_length_1099_cov_2.235000	NODE_501_length_7089_cov_3.101431	NODE_1033_length_1054_cov_5.994764	NODE_934_length_1557_cov_2.697531	NODE_458_length_8336_cov_2.701348	NODE_806_length_2430_cov_3.483054
Nitrosomonas_europaea_NC_004757.1	NODE_86_length_101236_cov_6.562692	NODE_899_length_1704_cov_6.201869	NODE_1011_length_1146_cov_11.715377	NODE_249_length_21685_cov_6.503521	NODE_258_length_20636_cov_6.220870	NODE_163_length_45729_cov_6.035196	NODE_203_length_33249_cov_7.019578	NODE_306_length_15790_cov_6.074183	NODE_619_length_4811_cov_11.969864	NODE_168_length_45434_cov_6.188530	NODE_644_length_4452_cov_8.003905	NODE_348_length_12897_cov_5.996406	NODE_102_length_79332_cov_7.486338	NODE_165_length_45665_cov_6.110938	NODE_803_length_2483_cov_6.029362	NODE_405_length_9885_cov_6.062641	NODE_797_length_2563_cov_6.312094	NODE_227_length_26226_cov_9.343055	NODE_403_length_9975_cov_5.955751	NODE_109_length_75816_cov_7.949219	NODE_984_length_1312_cov_76.690849	NODE_162_length_45873_cov_6.046555	NODE_73_length_110763_cov_6.161697	NODE_660_length_4203_cov_26.469055	NODE_103_length_78548_cov_7.950898	NODE_725_length_3338_cov_6.651744	NODE_185_length_38095_cov_9.014028	NODE_1028_length_1075_cov_159.851434	NODE_116_length_72187_cov_6.122142	NODE_202_length_33322_cov_8.017277	NODE_287_length_17782_cov_6.225188	NODE_21_length_274156_cov_7.243522	NODE_105_length_77684_cov_6.492582	NODE_959_length_1429_cov_6.572932	NODE_719_length_3401_cov_17.744094	NODE_108_length_75990_cov_6.055290	NODE_864_length_2016_cov_12.034950	NODE_950_length_1469_cov_5.951095	NODE_182_length_38760_cov_6.008510	NODE_99_length_86215_cov_8.430083	NODE_552_length_6005_cov_6.281409	NODE_180_length_38947_cov_6.047158	NODE_129_length_61985_cov_6.635329	NODE_197_length_35202_cov_6.799077	NODE_703_length_3578_cov_6.938776	NODE_1037_length_1050_cov_19.459516	NODE_49_length_160806_cov_6.082417	NODE_70_length_116300_cov_6.308810	NODE_423_length_9310_cov_5.925090	NODE_115_length_72732_cov_6.467212	NODE_58_length_138590_cov_6.743218	NODE_254_length_21255_cov_6.261817	NODE_179_length_40021_cov_8.102775	NODE_54_length_154101_cov_6.448838	NODE_100_length_85189_cov_6.169268	NODE_176_length_41801_cov_6.163062	NODE_188_length_37556_cov_6.090290	NODE_228_length_26076_cov_6.021288	NODE_1047_length_1001_cov_12.120843	NODE_332_length_13531_cov_12.020325	NODE_53_length_154193_cov_6.072657
Nitrobacter_winogradskyi_NC_007406.1	NODE_274_length_19167_cov_3.520243	NODE_142_length_54094_cov_3.491453	NODE_742_length_3165_cov_3.581539	NODE_36_length_223712_cov_3.523547	NODE_326_length_13924_cov_3.514864	NODE_44_length_175605_cov_3.524797	NODE_693_length_3683_cov_3.638393	NODE_223_length_26877_cov_3.582157	NODE_101_length_83592_cov_3.446948	NODE_1018_length_1123_cov_35.690430	NODE_438_length_8864_cov_3.628294	NODE_241_length_22404_cov_3.557588	NODE_902_length_1702_cov_3.305053	NODE_815_length_2382_cov_3.853263	NODE_273_length_19194_cov_3.589683	NODE_250_length_21562_cov_3.580441	NODE_209_length_30462_cov_4.876857	NODE_192_length_36864_cov_3.391133	NODE_214_length_28926_cov_3.379540	NODE_127_length_63233_cov_3.536430	NODE_652_length_4311_cov_3.225309	NODE_596_length_5055_cov_3.746368	NODE_380_length_11379_cov_3.828457	NODE_978_length_1343_cov_39.361736	NODE_177_length_41061_cov_3.560959	NODE_372_length_11754_cov_4.064607	NODE_307_length_15631_cov_6.496523	NODE_551_length_6022_cov_3.855310	NODE_860_length_2037_cov_7.510320	NODE_29_length_254365_cov_3.959739	NODE_571_length_5558_cov_3.618062	NODE_55_length_149231_cov_3.527378	NODE_433_length_8992_cov_3.536489	NODE_131_length_61069_cov_3.510333	NODE_603_length_4976_cov_3.174493	NODE_308_length_15467_cov_3.402915	NODE_377_length_11570_cov_3.500915	NODE_130_length_61502_cov_4.232041	NODE_333_length_13528_cov_3.533547	NODE_256_length_20814_cov_5.206855	NODE_418_length_9356_cov_7.889489	NODE_128_length_63091_cov_3.607871	NODE_469_length_8104_cov_8.688195	NODE_232_length_24788_cov_3.626797	NODE_508_length_6829_cov_3.591530	NODE_676_length_3904_cov_3.528515	NODE_92_length_94082_cov_4.491121	NODE_649_length_4347_cov_3.816855	NODE_870_length_1959_cov_6.784409	NODE_442_length_8788_cov_3.702037	NODE_935_length_1549_cov_7.220690	NODE_961_length_1418_cov_79.736164	NODE_331_length_13598_cov_3.622861	NODE_237_length_23297_cov_3.459005	NODE_885_length_1820_cov_3.162696	NODE_242_length_22372_cov_5.320253	NODE_686_length_3748_cov_3.471910	NODE_1045_length_1014_cov_4.280874	NODE_836_length_2213_cov_3.400189	NODE_138_length_58141_cov_4.161090	NODE_985_length_1295_cov_6.950669	NODE_283_length_18057_cov_3.437187	NODE_983_length_1321_cov_8.090016	NODE_342_length_13019_cov_3.327477	NODE_161_length_46311_cov_4.504652	NODE_80_length_102440_cov_3.504705	NODE_166_length_45660_cov_3.518075	NODE_78_length_104150_cov_3.563522	NODE_733_length_3270_cov_4.937559	NODE_701_length_3602_cov_7.083643	NODE_208_length_31207_cov_3.567732	NODE_312_length_15132_cov_6.495776	NODE_548_length_6083_cov_3.478610	NODE_343_length_12995_cov_7.638880	NODE_351_length_12778_cov_3.456739	NODE_97_length_88150_cov_3.534713	NODE_1023_length_1100_cov_3.448551	NODE_204_length_32886_cov_3.528563	NODE_322_length_14294_cov_3.448890	NODE_323_length_14271_cov_4.702724	NODE_140_length_56550_cov_3.611947	NODE_481_length_7603_cov_3.373934	NODE_153_length_48348_cov_3.466269	NODE_854_length_2077_cov_3.472194	NODE_280_length_18322_cov_3.384130	NODE_375_length_11630_cov_3.384095	NODE_421_length_9327_cov_3.935197	NODE_857_length_2040_cov_2.694487	NODE_134_length_60028_cov_3.599092	NODE_169_length_45310_cov_3.630599	NODE_272_length_19255_cov_3.467112	NODE_98_length_86706_cov_3.990035	NODE_64_length_130154_cov_3.512960	NODE_251_length_21507_cov_7.539284	NODE_122_length_67081_cov_3.560972	NODE_171_length_43147_cov_4.929567	NODE_41_length_179593_cov_3.639799	NODE_597_length_5049_cov_3.570707	NODE_683_length_3805_cov_3.443605	NODE_498_length_7187_cov_3.539221
Staphylococcus_aureus_CACRZC010000001.1	NODE_96_length_88253_cov_1.415977	NODE_577_length_5477_cov_1.574749	NODE_238_length_23154_cov_1.430362	NODE_648_length_4378_cov_1.491003	NODE_996_length_1220_cov_1.132025	NODE_353_length_12762_cov_1.292822	NODE_173_length_42830_cov_1.415132	NODE_881_length_1919_cov_1.231319	NODE_137_length_58351_cov_1.326564	NODE_175_length_42301_cov_1.377210	NODE_915_length_1640_cov_6.550941	NODE_269_length_19668_cov_1.328325	NODE_335_length_13342_cov_1.349317	NODE_172_length_42975_cov_1.507487	NODE_119_length_69996_cov_1.405754	NODE_85_length_101428_cov_1.409162	NODE_745_length_3141_cov_7.004602	NODE_156_length_47345_cov_1.327562	NODE_205_length_32730_cov_1.464221	NODE_925_length_1605_cov_2.638114	NODE_276_length_18899_cov_1.365426	NODE_914_length_1644_cov_1.546926	NODE_252_length_21461_cov_1.413023	NODE_878_length_1938_cov_1.535073	NODE_917_length_1639_cov_1.488312	NODE_150_length_50061_cov_1.407730	NODE_190_length_37399_cov_1.389946	NODE_187_length_37592_cov_1.339183	NODE_50_length_158679_cov_1.368540	NODE_279_length_18341_cov_1.371944	NODE_324_length_14184_cov_1.458857	NODE_315_length_14914_cov_1.397435	NODE_170_length_43750_cov_1.425397	NODE_39_length_186282_cov_1.385932	NODE_632_length_4551_cov_1.325472	NODE_314_length_15000_cov_1.622441	NODE_299_length_16653_cov_1.269180	NODE_589_length_5269_cov_1.364990	NODE_160_length_46554_cov_1.395781	NODE_158_length_47092_cov_1.329815	NODE_500_length_7176_cov_1.467995	NODE_576_length_5502_cov_1.564316	NODE_112_length_73147_cov_1.400449	NODE_763_length_2904_cov_1.682353	NODE_541_length_6182_cov_1.272892	NODE_412_length_9701_cov_2.614247	NODE_553_length_6002_cov_1.501440	NODE_229_length_25421_cov_1.309415	NODE_148_length_50553_cov_1.366651	NODE_243_length_22292_cov_1.317803	NODE_120_length_69805_cov_1.399621	NODE_155_length_47588_cov_1.437238	NODE_157_length_47115_cov_1.326400	NODE_183_length_38295_cov_1.453320	NODE_194_length_35993_cov_1.374798	NODE_90_length_94959_cov_1.441830	NODE_598_length_5049_cov_1.197576	NODE_468_length_8108_cov_1.587839	NODE_164_length_45686_cov_1.446970	NODE_289_length_17391_cov_1.411346	NODE_724_length_3346_cov_1.505390	NODE_609_length_4873_cov_1.389401	NODE_756_length_2945_cov_1.621574	NODE_510_length_6784_cov_1.379357	NODE_266_length_19834_cov_1.346998	NODE_149_length_50329_cov_1.430321	NODE_159_length_46978_cov_1.387551	NODE_236_length_23996_cov_1.322091	NODE_178_length_40938_cov_1.305076	NODE_974_length_1361_cov_3.242472	NODE_200_length_33730_cov_1.462490	NODE_221_length_27688_cov_1.416869	NODE_290_length_17337_cov_1.366284	NODE_212_length_30298_cov_1.447035	NODE_997_length_1210_cov_2.044104	NODE_483_length_7575_cov_2.641653	NODE_224_length_26696_cov_1.404820	NODE_145_length_51905_cov_1.379107	NODE_275_length_19119_cov_1.404154	NODE_1035_length_1053_cov_1.556604	NODE_174_length_42749_cov_1.385838	NODE_62_length_131201_cov_1.368614	NODE_360_length_12402_cov_2.238316	NODE_461_length_8231_cov_1.387850	NODE_297_length_16850_cov_1.272999	NODE_184_length_38136_cov_1.470910	NODE_113_length_72889_cov_1.391908	NODE_65_length_129650_cov_1.393567	NODE_210_length_30435_cov_1.276734
Staphylococcus_aureus_CACRZC010000002.1	NODE_412_length_9701_cov_2.614247	NODE_859_length_2039_cov_1.748454	NODE_96_length_88253_cov_1.415977	NODE_367_length_11884_cov_1.438269	NODE_612_length_4836_cov_1.159595	NODE_921_length_1622_cov_1.796454	NODE_648_length_4378_cov_1.491003	NODE_1012_length_1142_cov_1.707574	NODE_996_length_1220_cov_1.132025
Kuenenia_stuttgartiensis_NZ_LT934425.1	NODE_294_length_17134_cov_0.967068	NODE_929_length_1590_cov_0.951710	NODE_390_length_10657_cov_1.025099	NODE_625_length_4654_cov_0.963117	NODE_872_length_1957_cov_1.031755	NODE_1039_length_1043_cov_0.974576	NODE_584_length_5355_cov_1.073250	NODE_912_length_1668_cov_1.244742	NODE_827_length_2257_cov_0.961538	NODE_888_length_1813_cov_1.051925	NODE_758_length_2923_cov_1.295326	NODE_370_length_11815_cov_0.915500	NODE_523_length_6536_cov_1.027497	NODE_494_length_7316_cov_1.080366	NODE_488_length_7391_cov_1.109709	NODE_762_length_2917_cov_0.748048	NODE_470_length_8073_cov_0.999248	NODE_845_length_2156_cov_0.888673	NODE_858_length_2040_cov_0.959299	NODE_891_length_1739_cov_1.056098	NODE_805_length_2441_cov_4.497011	NODE_813_length_2401_cov_0.914422	NODE_856_length_2045_cov_1.097636	NODE_829_length_2240_cov_7.674451	NODE_838_length_2206_cov_1.020408	NODE_240_length_22733_cov_1.011620	NODE_820_length_2341_cov_0.902319	NODE_828_length_2248_cov_0.946952	NODE_568_length_5604_cov_0.937693	NODE_382_length_11343_cov_1.110993	NODE_691_length_3738_cov_1.129981	NODE_841_length_2181_cov_0.988953	NODE_911_length_1680_cov_0.796331	NODE_311_length_15154_cov_0.961275	NODE_629_length_4575_cov_0.999330	NODE_735_length_3260_cov_1.599494	NODE_296_length_16904_cov_0.986373	NODE_651_length_4319_cov_0.876303	NODE_699_length_3606_cov_1.351583	NODE_493_length_7339_cov_1.148481	NODE_301_length_16222_cov_1.030764	NODE_536_length_6291_cov_2.281654	NODE_882_length_1894_cov_1.128134	NODE_958_length_1438_cov_0.866318	NODE_580_length_5390_cov_1.043659	NODE_455_length_8574_cov_0.945487	NODE_642_length_4472_cov_1.045735	NODE_777_length_2802_cov_0.948576	NODE_712_length_3462_cov_1.072852	NODE_783_length_2718_cov_1.143948	NODE_337_length_13300_cov_0.996061	NODE_447_length_8723_cov_1.263335	NODE_339_length_13067_cov_0.964220	NODE_850_length_2119_cov_0.942079	NODE_675_length_3918_cov_0.936894	NODE_504_length_7002_cov_0.933942	NODE_397_length_10228_cov_0.989831	NODE_295_length_17104_cov_0.979241	NODE_253_length_21373_cov_1.049074	NODE_396_length_10275_cov_1.038719	NODE_330_length_13605_cov_0.963942	NODE_466_length_8126_cov_0.894855	NODE_439_length_8855_cov_0.986524	NODE_477_length_7707_cov_0.964117	NODE_674_length_3931_cov_0.861691	NODE_557_length_5959_cov_0.969966	NODE_590_length_5214_cov_0.792375	NODE_645_length_4427_cov_1.184150	NODE_714_length_3457_cov_0.999702	NODE_980_length_1334_cov_0.982996	NODE_656_length_4259_cov_0.891587	NODE_354_length_12659_cov_1.012978	NODE_532_length_6333_cov_0.905037	NODE_417_length_9447_cov_0.974540	NODE_741_length_3171_cov_1.036133	NODE_409_length_9779_cov_0.992149	NODE_940_length_1525_cov_1.094670	NODE_982_length_1323_cov_1.482026	NODE_601_length_5009_cov_0.831772	NODE_404_length_9911_cov_0.893702	NODE_937_length_1542_cov_0.729730	NODE_368_length_11881_cov_1.730182	NODE_1007_length_1167_cov_5.249064	NODE_425_length_9240_cov_0.940379	NODE_823_length_2318_cov_1.157729	NODE_271_length_19469_cov_0.981415	NODE_456_length_8520_cov_0.914856	NODE_490_length_7387_cov_1.116218	NODE_511_length_6778_cov_0.976643	NODE_898_length_1706_cov_0.960174	NODE_976_length_1350_cov_0.928058	NODE_909_length_1686_cov_0.942659	NODE_618_length_4812_cov_1.029281	NODE_832_length_2228_cov_1.020667	NODE_987_length_1270_cov_1.183604	NODE_1019_length_1117_cov_0.716110	NODE_363_length_12119_cov_1.046256	NODE_718_length_3406_cov_0.891442	NODE_768_length_2867_cov_0.978685	NODE_345_length_12954_cov_1.005290	NODE_1002_length_1186_cov_0.770009	NODE_475_length_7730_cov_0.998559	NODE_464_length_8140_cov_1.079841	NODE_429_length_9121_cov_1.019840	NODE_907_length_1692_cov_1.066541	NODE_489_length_7388_cov_0.962135	NODE_444_length_8760_cov_1.024593	NODE_634_length_4545_cov_0.947143	NODE_819_length_2343_cov_0.950089	NODE_398_length_10173_cov_0.894382	NODE_453_length_8611_cov_0.967223	NODE_487_length_7405_cov_0.967698	NODE_503_length_7018_cov_1.045527	NODE_606_length_4921_cov_0.913107	NODE_704_length_3562_cov_0.999711	NODE_944_length_1489_cov_1.053957	NODE_454_length_8596_cov_0.945746	NODE_587_length_5316_cov_0.972781	NODE_871_length_1959_cov_0.733333	NODE_782_length_2722_cov_0.937857	NODE_259_length_20607_cov_0.958699	NODE_318_length_14661_cov_1.795976	NODE_402_length_9998_cov_1.103142	NODE_1014_length_1138_cov_0.749759	NODE_588_length_5271_cov_0.845901	NODE_637_length_4535_cov_0.883003	NODE_717_length_3437_cov_0.830437	NODE_700_length_3604_cov_1.116690	NODE_951_length_1465_cov_0.778917	NODE_537_length_6288_cov_1.052997	NODE_734_length_3263_cov_0.871681	NODE_426_length_9174_cov_0.990523	NODE_789_length_2625_cov_0.892320	NODE_564_length_5667_cov_1.086386	NODE_897_length_1718_cov_19.882644	NODE_520_length_6551_cov_0.887167	NODE_821_length_2337_cov_0.918677	NODE_848_length_2123_cov_0.956028	NODE_285_length_17981_cov_0.979309	NODE_663_length_4126_cov_1.043953	NODE_685_length_3788_cov_1.258878	NODE_919_length_1628_cov_1.063440	NODE_975_length_1353_cov_2.309410	NODE_904_length_1700_cov_0.573392	NODE_1004_length_1183_cov_3.645756	NODE_579_length_5442_cov_1.154595	NODE_965_length_1389_cov_1.067442	NODE_962_length_1411_cov_0.830030	NODE_677_length_3883_cov_1.021406	NODE_795_length_2581_cov_0.892023	NODE_867_length_1994_cov_0.901319	NODE_967_length_1386_cov_0.673660	NODE_582_length_5383_cov_0.908781	NODE_347_length_12918_cov_0.983540	NODE_547_length_6085_cov_1.085366	NODE_886_length_1816_cov_1.131625	NODE_1032_length_1057_cov_1.211900	NODE_389_length_10658_cov_1.003883	NODE_933_length_1567_cov_0.903951	NODE_949_length_1479_cov_0.784058	NODE_226_length_26502_cov_1.064576	NODE_964_length_1402_cov_0.745971	NODE_989_length_1266_cov_1.384747	NODE_476_length_7716_cov_0.991992	NODE_730_length_3311_cov_0.755915	NODE_317_length_14714_cov_1.008827	NODE_627_length_4604_cov_1.167370	NODE_288_length_17567_cov_0.979620	NODE_391_length_10515_cov_1.224462	NODE_662_length_4141_cov_1.126670	NODE_623_length_4679_cov_1.028166	NODE_411_length_9716_cov_1.064157	NODE_1017_length_1126_cov_1.074002	NODE_659_length_4231_cov_1.171104	NODE_792_length_2589_cov_0.863855	NODE_522_length_6537_cov_0.995185	NODE_948_length_1480_cov_1.212165	NODE_653_length_4309_cov_0.901425	NODE_865_length_2012_cov_20.778359	NODE_362_length_12165_cov_0.996934	NODE_796_length_2570_cov_1.168758	NODE_905_length_1698_cov_0.986241	NODE_990_length_1259_cov_0.954310	NODE_801_length_2523_cov_1.057756	NODE_474_length_7794_cov_1.131774	NODE_640_length_4511_cov_3.556437	NODE_575_length_5509_cov_1.069316	NODE_586_length_5329_cov_1.027533	NODE_705_length_3540_cov_0.909619	NODE_565_length_5654_cov_0.954815	NODE_415_length_9518_cov_1.098949	NODE_255_length_21234_cov_0.963142	NODE_525_length_6485_cov_0.944723	NODE_365_length_12023_cov_0.957397	NODE_938_length_1537_cov_0.943672	NODE_198_length_34328_cov_0.956645	NODE_657_length_4257_cov_0.825397	NODE_773_length_2828_cov_0.950531	NODE_861_length_2031_cov_0.994306	NODE_709_length_3492_cov_0.904804	NODE_484_length_7566_cov_1.068702	NODE_847_length_2132_cov_1.037875	NODE_696_length_3633_cov_1.111771	NODE_953_length_1447_cov_0.916914	NODE_334_length_13514_cov_0.983899	NODE_373_length_11652_cov_1.006838	NODE_684_length_3798_cov_0.832928	NODE_482_length_7584_cov_1.068938	NODE_630_length_4574_cov_0.909274	NODE_277_length_18779_cov_1.016809	NODE_304_length_16081_cov_1.018333	NODE_842_length_2169_cov_1.132850	NODE_350_length_12826_cov_1.044944	NODE_605_length_4944_cov_0.852838	NODE_772_length_2840_cov_1.140460	NODE_778_length_2802_cov_0.740659	NODE_558_length_5932_cov_1.064632	NODE_341_length_13031_cov_1.102072	NODE_892_length_1734_cov_1.370031	NODE_908_length_1687_cov_0.498111	NODE_569_length_5577_cov_0.886090	NODE_201_length_33338_cov_1.053491	NODE_233_length_24680_cov_0.952199	NODE_544_length_6172_cov_1.042977	NODE_451_length_8657_cov_0.953026	NODE_436_length_8912_cov_0.943379	NODE_265_length_19842_cov_1.007750	NODE_811_length_2411_cov_1.097751	NODE_863_length_2020_cov_1.079646	NODE_513_length_6736_cov_1.009492	NODE_715_length_3452_cov_0.875037	NODE_465_length_8130_cov_0.973727	NODE_604_length_4953_cov_1.091059	NODE_361_length_12217_cov_0.942895	NODE_743_length_3164_cov_1.034258	NODE_650_length_4342_cov_0.931416	NODE_406_length_9884_cov_0.926725	NODE_896_length_1719_cov_0.795062	NODE_452_length_8611_cov_1.066494	NODE_799_length_2553_cov_0.924205	NODE_305_length_15826_cov_0.928658	NODE_515_length_6681_cov_0.963537	NODE_988_length_1269_cov_1.087179	NODE_804_length_2466_cov_2.797634	NODE_643_length_4465_cov_1.026798	NODE_602_length_4999_cov_1.139592	NODE_527_length_6426_cov_1.043939	NODE_550_length_6025_cov_0.885251	NODE_428_length_9142_cov_1.025766	NODE_814_length_2394_cov_0.845752	NODE_1013_length_1141_cov_0.880038	NODE_666_length_4053_cov_0.947901	NODE_384_length_11195_cov_1.059030	NODE_672_length_3949_cov_0.922597	NODE_977_length_1350_cov_0.906475	NODE_932_length_1579_cov_1.019595	NODE_947_length_1481_cov_0.839363	NODE_246_length_22155_cov_1.031647	NODE_748_length_3076_cov_0.854216	NODE_512_length_6739_cov_0.982078	NODE_407_length_9881_cov_0.901452	NODE_416_length_9469_cov_0.941302	NODE_979_length_1339_cov_0.803226	NODE_622_length_4689_cov_1.010675	NODE_698_length_3627_cov_0.950680	NODE_366_length_11961_cov_0.976985	NODE_387_length_10806_cov_1.053143	NODE_747_length_3099_cov_1.004333	NODE_664_length_4114_cov_0.951681	NODE_924_length_1608_cov_0.900596	NODE_538_length_6253_cov_1.041924	NODE_583_length_5367_cov_0.858011	NODE_807_length_2424_cov_1.175914	NODE_621_length_4718_cov_1.101321	NODE_1036_length_1052_cov_0.573977	NODE_894_length_1733_cov_0.958384	NODE_394_length_10326_cov_0.974284	NODE_862_length_2030_cov_1.189539	NODE_706_length_3519_cov_0.922515	NODE_369_length_11873_cov_0.965687	NODE_879_length_1938_cov_1.168570	NODE_749_length_3046_cov_0.845945	NODE_400_length_10132_cov_1.109140	NODE_497_length_7252_cov_0.875437	NODE_600_length_5015_cov_1.063059	NODE_750_length_3046_cov_0.686461	NODE_410_length_9749_cov_1.102694	NODE_519_length_6591_cov_0.886630	NODE_516_length_6662_cov_0.964346	NODE_358_length_12451_cov_1.406007	NODE_880_length_1938_cov_1.141925	NODE_560_length_5785_cov_1.151776	NODE_661_length_4172_cov_0.871102	NODE_613_length_4835_cov_0.915541	NODE_419_length_9349_cov_1.044000	NODE_1020_length_1108_cov_0.588702	NODE_440_length_8831_cov_0.959116	NODE_615_length_4830_cov_0.976538	NODE_753_length_2993_cov_0.903594	NODE_374_length_11640_cov_1.002513	NODE_992_length_1235_cov_0.855634	NODE_957_length_1441_cov_0.953055	NODE_830_length_2236_cov_1.023397	NODE_927_length_1600_cov_0.910060	NODE_728_length_3332_cov_1.068048	NODE_966_length_1388_cov_1.233514	NODE_1000_length_1196_cov_0.835916	NODE_327_length_13907_cov_1.064817	NODE_636_length_4537_cov_1.132041	NODE_970_length_1376_cov_3.754894	NODE_890_length_1754_cov_0.896677	NODE_760_length_2918_cov_0.798510	NODE_798_length_2555_cov_0.935261	NODE_381_length_11362_cov_0.988813	NODE_791_length_2595_cov_1.076923	NODE_721_length_3399_cov_1.029091	NODE_594_length_5138_cov_0.872395	NODE_874_length_1954_cov_0.975202	NODE_359_length_12405_cov_1.040306	NODE_1034_length_1054_cov_0.872251	NODE_654_length_4291_cov_0.945849	NODE_293_length_17215_cov_1.060002	NODE_875_length_1954_cov_0.792992	NODE_595_length_5124_cov_1.020100	NODE_581_length_5386_cov_0.914696	NODE_556_length_5964_cov_0.855925	NODE_737_length_3209_cov_0.955949	NODE_670_length_4023_cov_1.490571	NODE_765_length_2894_cov_1.066547	NODE_340_length_13054_cov_0.994751	NODE_435_length_8933_cov_0.968870	NODE_539_length_6243_cov_1.088379	NODE_485_length_7555_cov_0.879962	NODE_931_length_1583_cov_0.930593	NODE_995_length_1221_cov_1.142602	NODE_427_length_9143_cov_0.984631	NODE_616_length_4822_cov_0.823841	NODE_954_length_1447_cov_0.906528	NODE_682_length_3825_cov_0.967525	NODE_521_length_6542_cov_1.934037	NODE_325_length_14124_cov_0.952727	NODE_710_length_3475_cov_1.053021	NODE_775_length_2808_cov_0.879291	NODE_1025_length_1096_cov_0.921765	NODE_506_length_6866_cov_1.076400	NODE_545_length_6134_cov_0.995526	NODE_754_length_2986_cov_0.824039	NODE_231_length_24829_cov_1.008290	NODE_471_length_8053_cov_1.015087	NODE_540_length_6208_cov_1.083156	NODE_835_length_2214_cov_0.852955	NODE_499_length_7186_cov_1.057006	NODE_599_length_5034_cov_1.300304	NODE_562_length_5696_cov_0.991245	NODE_631_length_4558_cov_0.912312	NODE_855_length_2052_cov_0.729647	NODE_467_length_8117_cov_1.064480	NODE_1021_length_1104_cov_1.614925	NODE_998_length_1203_cov_0.782609	NODE_448_length_8716_cov_1.059882	NODE_352_length_12763_cov_1.041456	NODE_744_length_3156_cov_0.924109	NODE_395_length_10280_cov_1.202436	NODE_926_length_1605_cov_1.051129	NODE_443_length_8778_cov_0.963360	NODE_993_length_1234_cov_1.313656	NODE_626_length_4606_cov_0.825383	NODE_818_length_2354_cov_0.830599	NODE_1043_length_1019_cov_1.003261	NODE_514_length_6694_cov_1.115694	NODE_463_length_8175_cov_1.210500	NODE_1029_length_1070_cov_1.303811	NODE_385_length_11021_cov_0.999634	NODE_695_length_3654_cov_0.904360	NODE_916_length_1640_cov_1.173913	NODE_338_length_13226_cov_0.874000	NODE_739_length_3185_cov_0.952041	NODE_542_length_6180_cov_1.073837	NODE_759_length_2921_cov_0.850815	NODE_300_length_16627_cov_1.072120	NODE_533_length_6317_cov_1.107269	NODE_507_length_6837_cov_1.003562	NODE_639_length_4517_cov_1.007696	NODE_826_length_2264_cov_1.064203	NODE_563_length_5670_cov_1.006821	NODE_496_length_7304_cov_0.955864	NODE_399_length_10167_cov_1.022149	NODE_486_length_7436_cov_1.465177	NODE_779_length_2765_cov_0.859715	NODE_687_length_3748_cov_1.127432	NODE_430_length_9104_cov_0.898390	NODE_771_length_2845_cov_0.803350	NODE_824_length_2294_cov_1.115718	NODE_647_length_4386_cov_1.041054	NODE_524_length_6522_cov_1.009653	NODE_473_length_7861_cov_1.089668	NODE_459_length_8333_cov_0.997814	NODE_729_length_3330_cov_0.974311	NODE_445_length_8758_cov_1.083843	NODE_535_length_6298_cov_1.194386	NODE_462_length_8200_cov_0.999753	NODE_946_length_1481_cov_0.851664	NODE_736_length_3217_cov_1.014753	NODE_349_length_12843_cov_1.014752	NODE_681_length_3865_cov_17.155337	NODE_528_length_6389_cov_0.997774	NODE_831_length_2232_cov_0.858415	NODE_690_length_3739_cov_1.035989	NODE_884_length_1844_cov_1.036676	NODE_851_length_2115_cov_1.210813	NODE_441_length_8826_cov_0.965051	NODE_531_length_6338_cov_0.944062	NODE_694_length_3683_cov_1.051897	NODE_529_length_6388_cov_0.898712	NODE_726_length_3338_cov_1.078419	NODE_942_length_1521_cov_0.854430	NODE_752_length_3017_cov_0.955792	NODE_268_length_19728_cov_1.019206	NODE_784_length_2707_cov_1.452837	NODE_920_length_1625_cov_0.654653	NODE_900_length_1704_cov_1.102804	NODE_376_length_11580_cov_1.003310	NODE_731_length_3301_cov_0.841974	NODE_378_length_11466_cov_0.835489	NODE_517_length_6621_cov_1.052285	NODE_755_length_2955_cov_0.979342	NODE_697_length_3632_cov_0.962355	NODE_234_length_24206_cov_0.991870	NODE_356_length_12515_cov_1.004349	NODE_585_length_5352_cov_0.973920	NODE_319_length_14383_cov_0.992999	NODE_787_length_2644_cov_3.090766	NODE_822_length_2334_cov_2.390604	NODE_211_length_30336_cov_1.048980	NODE_668_length_4035_cov_1.035823	NODE_270_length_19666_cov_1.053713	NODE_388_length_10707_cov_1.160822	NODE_491_length_7375_cov_0.988730	NODE_790_length_2601_cov_0.997202	NODE_716_length_3449_cov_0.805970	NODE_478_length_7695_cov_1.094787	NODE_767_length_2874_cov_1.138739	NODE_401_length_10059_cov_1.060341	NODE_329_length_13851_cov_1.091696	NODE_534_length_6310_cov_0.951055	NODE_708_length_3494_cov_0.924595	NODE_628_length_4601_cov_1.038427	NODE_903_length_1701_cov_1.129213	NODE_781_length_2736_cov_1.075844	NODE_336_length_13309_cov_1.021877	NODE_846_length_2145_cov_1.182796	NODE_222_length_26976_cov_1.034304	NODE_679_length_3873_cov_1.037626	NODE_802_length_2484_cov_0.860797	NODE_689_length_3743_cov_1.182766	NODE_853_length_2080_cov_0.897527	NODE_302_length_16171_cov_0.936660	NODE_939_length_1536_cov_0.989562	NODE_895_length_1730_cov_0.686082	NODE_495_length_7315_cov_1.174196	NODE_408_length_9809_cov_1.085067	NODE_414_length_9604_cov_1.138033	NODE_723_length_3350_cov_1.265764	NODE_727_length_3337_cov_1.029648	NODE_230_length_25266_cov_1.039735	NODE_786_length_2658_cov_1.012114	NODE_437_length_8892_cov_0.980325	NODE_918_length_1638_cov_1.168941	NODE_559_length_5917_cov_0.980406	NODE_614_length_4832_cov_0.948025	NODE_573_length_5544_cov_1.029568	NODE_746_length_3116_cov_0.912827	NODE_392_length_10364_cov_0.990063	NODE_646_length_4399_cov_1.249070	NODE_431_length_9046_cov_0.958422	NODE_869_length_1973_cov_1.003735	NODE_941_length_1524_cov_0.926316	NODE_291_length_17305_cov_0.991224	NODE_316_length_14777_cov_1.070718	NODE_460_length_8270_cov_1.083955	NODE_837_length_2213_cov_0.771050	NODE_303_length_16151_cov_0.983429	NODE_960_length_1429_cov_1.284962	NODE_592_length_5178_cov_0.965348	NODE_757_length_2929_cov_1.068551	NODE_610_length_4871_cov_0.973177	NODE_282_length_18151_cov_0.957567	NODE_386_length_10944_cov_0.977870	NODE_889_length_1758_cov_0.618445	NODE_952_length_1461_cov_0.900881	NODE_817_length_2355_cov_0.746897	NODE_816_length_2358_cov_1.081452	NODE_678_length_3879_cov_1.093122	NODE_572_length_5557_cov_0.901612	NODE_720_length_3401_cov_0.999091	NODE_357_length_12453_cov_1.063218	NODE_578_length_5459_cov_1.018843	NODE_972_length_1369_cov_1.381890	NODE_1022_length_1101_cov_1.388224	NODE_1026_length_1084_cov_1.041624	NODE_910_length_1680_cov_19.669829	NODE_922_length_1616_cov_1.192485	NODE_785_length_2686_cov_0.928102	NODE_260_length_20503_cov_0.946579	NODE_526_length_6447_cov_0.955104	NODE_509_length_6788_cov_0.922709	NODE_1031_length_1061_cov_0.983368	NODE_570_length_5572_cov_0.978074	NODE_873_length_1957_cov_1.001076	NODE_364_length_12038_cov_0.968255	NODE_420_length_9334_cov_1.055333	NODE_574_length_5528_cov_1.020262	NODE_1042_length_1019_cov_1.448913	NODE_449_length_8687_cov_0.959711	NODE_788_length_2625_cov_0.978226	NODE_852_length_2098_cov_0.936968	NODE_379_length_11444_cov_0.754429	NODE_292_length_17241_cov_2.518026	NODE_546_length_6097_cov_1.005168	NODE_780_length_2763_cov_0.869745	NODE_1006_length_1168_cov_0.688494	NODE_1027_length_1080_cov_13.117227	NODE_673_length_3939_cov_1.054688	NODE_561_length_5737_cov_0.985278	NODE_611_length_4846_cov_1.051190	NODE_901_length_1703_cov_22.590399	NODE_608_length_4890_cov_0.872469	NODE_555_length_5978_cov_1.060555	NODE_450_length_8659_cov_1.004907	NODE_936_length_1548_cov_0.511387	NODE_281_length_18163_cov_1.065877	NODE_313_length_15053_cov_0.971847	NODE_794_length_2581_cov_0.945608	NODE_713_length_3458_cov_1.195594	NODE_955_length_1443_cov_1.285714	NODE_310_length_15222_cov_0.886464	NODE_913_length_1650_cov_0.694391	NODE_432_length_9019_cov_0.845291	NODE_1009_length_1162_cov_2.184384	NODE_738_length_3189_cov_0.782201	NODE_383_length_11253_cov_0.951228	NODE_1044_length_1017_cov_0.671024	NODE_1040_length_1039_cov_1.102128	NODE_810_length_2415_cov_1.730138	NODE_923_length_1612_cov_0.888962	NODE_986_length_1283_cov_1.130912	NODE_1046_length_1013_cov_1.059081	NODE_774_length_2810_cov_0.921800	NODE_971_length_1371_cov_1.060535	NODE_956_length_1441_cov_1.026080	NODE_617_length_4820_cov_0.914001	NODE_877_length_1942_cov_0.911557	NODE_518_length_6616_cov_1.094829	NODE_422_length_9324_cov_0.922385	NODE_680_length_3871_cov_0.867444	NODE_1016_length_1127_cov_1.162451	NODE_434_length_8964_cov_0.921715	NODE_930_length_1584_cov_1.072727	NODE_607_length_4915_cov_0.847591	NODE_248_length_21702_cov_0.978105	NODE_1030_length_1069_cov_0.943299	NODE_328_length_13857_cov_1.088603	NODE_492_length_7363_cov_0.980727	NODE_722_length_3385_cov_0.983567	NODE_1015_length_1129_cov_0.520388	NODE_195_length_35955_cov_1.035475	NODE_505_length_6921_cov_0.982556	NODE_702_length_3579_cov_0.888218	NODE_769_length_2859_cov_1.057971	NODE_658_length_4236_cov_1.160019	NODE_261_length_20215_cov_0.971714	NODE_479_length_7607_cov_1.026105	NODE_761_length_2917_cov_0.919446	NODE_624_length_4665_cov_1.105344	NODE_893_length_1734_cov_0.846483	NODE_655_length_4276_cov_1.087623	NODE_833_length_2225_cov_0.720602	NODE_945_length_1486_cov_1.170872	NODE_844_length_2163_cov_0.851260	NODE_876_length_1952_cov_0.916892	NODE_346_length_12932_cov_1.031481	NODE_355_length_12650_cov_1.068202	NODE_480_length_7606_cov_0.994405	NODE_840_length_2200_cov_1.328891	NODE_635_length_4541_cov_0.984917	NODE_638_length_4529_cov_1.024153	NODE_1010_length_1157_cov_1.221172	NODE_371_length_11793_cov_1.068753	NODE_1005_length_1178_cov_1.448563
