Nautilia_profundicola	871414	6.348909
Nautilia_profundicola	497095	6.378900
Nautilia_profundicola	139548	6.394345
Nautilia_profundicola	110033	6.288864
Nautilia_profundicola	37508	6.335908
Nautilia_profundicola	20844	25.188576
Desulfovibrio_desulfuricans	1228	1.828167
Arcobacter_nitrofigilis	690942	5.454248
Arcobacter_nitrofigilis	553255	5.517190
Arcobacter_nitrofigilis	552576	5.435327
Arcobacter_nitrofigilis	421619	5.413029
Arcobacter_nitrofigilis	324125	5.451636
Arcobacter_nitrofigilis	237741	5.423195
Arcobacter_nitrofigilis	138328	5.534562
Arcobacter_nitrofigilis	77104	5.282735
Arcobacter_nitrofigilis	75155	5.357000
Arcobacter_nitrofigilis	54230	5.359406
Arcobacter_nitrofigilis	28047	5.451124
Arcobacter_nitrofigilis	22428	22.478758
Arcobacter_nitrofigilis	3747	5.590461
Arcobacter_nitrofigilis	1380	5.637783
Vibrio_cholerae	533288	2.816442
Vibrio_cholerae	452078	2.819250
Vibrio_cholerae	349852	2.838341
Vibrio_cholerae	283234	2.813891
Vibrio_cholerae	490258	2.797901
Vibrio_cholerae	246252	2.803496
Vibrio_cholerae	167950	2.768652
Vibrio_cholerae	106232	2.861317
Vibrio_cholerae	95949	2.811028
Vibrio_cholerae	92050	2.834183
Vibrio_cholerae	60315	2.892170
Vibrio_cholerae	53681	2.870479
Vibrio_cholerae	51688	2.789141
Vibrio_cholerae	45460	2.717136
Vibrio_cholerae	37097	2.729445
Vibrio_cholerae	22044	2.802871
Vibrio_cholerae	19882	3.075519
Vibrio_cholerae	5984	2.661682
Vibrio_cholerae	4655	3.195138
Vibrio_cholerae	7962	4.858063
Vibrio_cholerae	17485	22.415294
Vibrio_cholerae	2166	3.133043
Vibrio_cholerae	3978	5.853968
Vibrio_cholerae	6783	19.996243
Vibrio_cholerae	3549	16.758303
Pseudomonas_aeruginosa	363132	2.017800
Pseudomonas_aeruginosa	574603	2.043974
Pseudomonas_aeruginosa	261315	2.059748
Pseudomonas_aeruginosa	501906	2.023572
Pseudomonas_aeruginosa	253482	2.059912
Pseudomonas_aeruginosa	240851	2.019526
Pseudomonas_aeruginosa	252514	2.037727
Pseudomonas_aeruginosa	248695	2.009948
Pseudomonas_aeruginosa	481257	2.040836
Pseudomonas_aeruginosa	412395	2.012756
Pseudomonas_aeruginosa	175198	2.031666
Pseudomonas_aeruginosa	165791	2.057448
Pseudomonas_aeruginosa	163111	2.080549
Pseudomonas_aeruginosa	311527	2.054393
Pseudomonas_aeruginosa	153174	2.023717
Pseudomonas_aeruginosa	255305	2.003968
Pseudomonas_aeruginosa	260927	2.014823
Pseudomonas_aeruginosa	120407	2.025729
Pseudomonas_aeruginosa	118856	2.042211
Pseudomonas_aeruginosa	233573	2.012397
Pseudomonas_aeruginosa	111132	2.025773
Pseudomonas_aeruginosa	162604	2.002709
Pseudomonas_aeruginosa	100760	2.106136
Pseudomonas_aeruginosa	96905	1.943440
Pseudomonas_aeruginosa	195157	2.031265
Pseudomonas_aeruginosa	100724	2.063861
Pseudomonas_aeruginosa	95932	1.992286
Pseudomonas_aeruginosa	163370	2.040219
Pseudomonas_aeruginosa	182091	2.054637
Pseudomonas_aeruginosa	182361	2.054350
Pseudomonas_aeruginosa	70694	1.990696
Pseudomonas_aeruginosa	126281	2.008299
Pseudomonas_aeruginosa	74036	2.031701
Pseudomonas_aeruginosa	64405	2.066924
Pseudomonas_aeruginosa	58384	1.998971
Pseudomonas_aeruginosa	104684	2.065245
Pseudomonas_aeruginosa	78133	2.026191
Pseudomonas_aeruginosa	53041	2.022389
Pseudomonas_aeruginosa	57158	2.000841
Pseudomonas_aeruginosa	31339	2.015281
Pseudomonas_aeruginosa	31574	2.016648
Pseudomonas_aeruginosa	29172	1.876947
Pseudomonas_aeruginosa	53651	2.190964
Pseudomonas_aeruginosa	28324	2.140386
Pseudomonas_aeruginosa	27779	2.112500
Pseudomonas_aeruginosa	26443	2.021335
Pseudomonas_aeruginosa	23913	1.894757
Pseudomonas_aeruginosa	22262	2.461277
Pseudomonas_aeruginosa	39698	1.933661
Pseudomonas_aeruginosa	19985	2.138721
Pseudomonas_aeruginosa	31996	2.071295
Pseudomonas_aeruginosa	30509	2.130457
Pseudomonas_aeruginosa	14382	1.980746
Pseudomonas_aeruginosa	14369	2.055361
Pseudomonas_aeruginosa	5260	2.242523
Pseudomonas_aeruginosa	3688	2.197125
Pseudomonas_aeruginosa	3150	1.590495
Pseudomonas_aeruginosa	2878	2.145016
Pseudomonas_aeruginosa	2808	1.778905
Pseudomonas_aeruginosa	1873	2.712329
Pseudomonas_aeruginosa	1437	2.003564
Pseudomonas_aeruginosa	3708	11.279683
Pseudomonas_aeruginosa	1033	2.001071
Vibrio_cholerae	335386	2.828693
Vibrio_cholerae	251758	2.829480
Vibrio_cholerae	176256	2.844281
Vibrio_cholerae	71553	2.852437
Vibrio_cholerae	51352	2.724289
Vibrio_cholerae	28779	2.902301
Vibrio_cholerae	19738	2.785732
Vibrio_cholerae	9253	3.393489
Vibrio_cholerae	8695	3.268287
Vibrio_cholerae	8246	2.701348
Vibrio_cholerae	8022	2.735201
Vibrio_cholerae	6049	3.093289
Vibrio_cholerae	4100	2.826043
Vibrio_cholerae	3917	3.082046
Vibrio_cholerae	4025	3.601375
Vibrio_cholerae	3298	4.208815
Vibrio_cholerae	2930	4.113317
Vibrio_cholerae	2899	2.668929
Vibrio_cholerae	2537	3.034865
Vibrio_cholerae	4325	3.483054
Vibrio_cholerae	2419	3.765948
Vibrio_cholerae	2405	2.477135
Vibrio_cholerae	2291	2.746350
Vibrio_cholerae	2203	2.831274
Vibrio_cholerae	4265	4.381542
Vibrio_cholerae	1815	2.857226
Vibrio_cholerae	1593	2.585676
Vibrio_cholerae	1557	2.697531
Vibrio_cholerae	1381	5.627145
Vibrio_cholerae	2394	5.938069
Vibrio_cholerae	1192	5.286368
Vibrio_cholerae	1167	4.143258
Vibrio_cholerae	1099	2.235000
Vibrio_cholerae	2108	5.994764
Vibrio_cholerae	1049	2.818947
Nitrosomonas_europaea	274156	7.243522
Nitrosomonas_europaea	160806	6.082417
Nitrosomonas_europaea	154193	6.072657
Nitrosomonas_europaea	154101	6.448838
Nitrosomonas_europaea	138590	6.743218
Nitrosomonas_europaea	116300	6.308810
Nitrosomonas_europaea	110763	6.161697
Nitrosomonas_europaea	101236	6.562692
Nitrosomonas_europaea	86215	8.430083
Nitrosomonas_europaea	85189	6.169268
Nitrosomonas_europaea	79332	7.486338
Nitrosomonas_europaea	78548	7.950898
Nitrosomonas_europaea	77684	6.492582
Nitrosomonas_europaea	75990	6.055290
Nitrosomonas_europaea	75816	7.949219
Nitrosomonas_europaea	72732	6.467212
Nitrosomonas_europaea	72187	6.122142
Nitrosomonas_europaea	61985	6.635329
Nitrosomonas_europaea	45873	6.046555
Nitrosomonas_europaea	45729	6.035196
Nitrosomonas_europaea	45665	6.110938
Nitrosomonas_europaea	45434	6.188530
Nitrosomonas_europaea	41801	6.163062
Nitrosomonas_europaea	40021	8.102775
Nitrosomonas_europaea	38947	6.047158
Nitrosomonas_europaea	38760	6.008510
Nitrosomonas_europaea	38095	9.014028
Nitrosomonas_europaea	37556	6.090290
Nitrosomonas_europaea	35202	6.799077
Nitrosomonas_europaea	33322	8.017277
Nitrosomonas_europaea	33249	7.019578
Nitrosomonas_europaea	26226	9.343055
Nitrosomonas_europaea	76307	6.021288
Nitrosomonas_europaea	21685	6.503521
Nitrosomonas_europaea	21255	6.261817
Nitrosomonas_europaea	20636	6.220870
Nitrosomonas_europaea	17782	6.225188
Nitrosomonas_europaea	15790	6.074183
Nitrosomonas_europaea	13531	12.020325
Nitrosomonas_europaea	12897	5.996406
Nitrosomonas_europaea	9975	5.955751
Nitrosomonas_europaea	9885	6.062641
Nitrosomonas_europaea	9310	5.925090
Nitrosomonas_europaea	6005	6.281409
Nitrosomonas_europaea	9622	11.969864
Nitrosomonas_europaea	4452	8.003905
Nitrosomonas_europaea	4203	26.469055
Nitrosomonas_europaea	3578	6.938776
Nitrosomonas_europaea	10203	17.744094
Nitrosomonas_europaea	3338	6.651744
Nitrosomonas_europaea	2563	6.312094
Nitrosomonas_europaea	2483	6.029362
Nitrosomonas_europaea	4032	12.034950
Nitrosomonas_europaea	1704	6.201869
Nitrosomonas_europaea	1469	5.951095
Nitrosomonas_europaea	1429	6.572932
Nitrosomonas_europaea	15744	76.690849
Nitrosomonas_europaea	2292	11.715377
Nitrosomonas_europaea	26875	159.851434
Nitrosomonas_europaea	3150	19.459516
Nitrosomonas_europaea	2002	12.120843
Nitrobacter_winogradskyi	254365	3.959739
Nitrobacter_winogradskyi	223712	3.523547
Nitrobacter_winogradskyi	179593	3.639799
Nitrobacter_winogradskyi	175605	3.524797
Nitrobacter_winogradskyi	149231	3.527378
Nitrobacter_winogradskyi	130154	3.512960
Nitrobacter_winogradskyi	104150	3.563522
Nitrobacter_winogradskyi	102440	3.504705
Nitrobacter_winogradskyi	94082	4.491121
Nitrobacter_winogradskyi	88150	3.534713
Nitrobacter_winogradskyi	86706	3.990035
Nitrobacter_winogradskyi	83592	3.446948
Nitrobacter_winogradskyi	67081	3.560972
Nitrobacter_winogradskyi	63233	3.536430
Nitrobacter_winogradskyi	63091	3.607871
Nitrobacter_winogradskyi	61502	4.232041
Nitrobacter_winogradskyi	61069	3.510333
Nitrobacter_winogradskyi	60028	3.599092
Nitrobacter_winogradskyi	58141	4.161090
Nitrobacter_winogradskyi	56550	3.611947
Nitrobacter_winogradskyi	54094	3.491453
Nitrobacter_winogradskyi	48348	3.466269
Nitrobacter_winogradskyi	46311	4.504652
Nitrobacter_winogradskyi	45660	3.518075
Nitrobacter_winogradskyi	45305	3.630599
Nitrobacter_winogradskyi	43147	4.929567
Nitrobacter_winogradskyi	41061	3.560959
Nitrobacter_winogradskyi	36864	3.391133
Nitrobacter_winogradskyi	32886	3.528563
Nitrobacter_winogradskyi	31207	3.567732
Nitrobacter_winogradskyi	30462	4.876857
Nitrobacter_winogradskyi	28926	3.379540
Nitrobacter_winogradskyi	26877	3.582157
Nitrobacter_winogradskyi	24788	3.626797
Nitrobacter_winogradskyi	23297	3.459005
Nitrobacter_winogradskyi	22404	3.557588
Nitrobacter_winogradskyi	22372	5.320253
Nitrobacter_winogradskyi	21562	3.580441
Nitrobacter_winogradskyi	21507	7.539284
Nitrobacter_winogradskyi	20814	5.206855
Nitrobacter_winogradskyi	19255	3.467112
Nitrobacter_winogradskyi	19194	3.589683
Nitrobacter_winogradskyi	19167	3.520243
Nitrobacter_winogradskyi	18322	3.384130
Nitrobacter_winogradskyi	18057	3.437187
Nitrobacter_winogradskyi	15631	6.496523
Nitrobacter_winogradskyi	15467	3.402915
Nitrobacter_winogradskyi	15132	6.495776
Nitrobacter_winogradskyi	14294	3.448890
Nitrobacter_winogradskyi	14271	4.702724
Nitrobacter_winogradskyi	13924	3.514864
Nitrobacter_winogradskyi	13598	3.622861
Nitrobacter_winogradskyi	13528	3.533547
Nitrobacter_winogradskyi	13019	3.327477
Nitrobacter_winogradskyi	12995	7.638880
Nitrobacter_winogradskyi	12778	3.456739
Nitrobacter_winogradskyi	11754	4.064607
Nitrobacter_winogradskyi	11630	3.384095
Nitrobacter_winogradskyi	11570	3.500915
Nitrobacter_winogradskyi	11379	3.828457
Nitrobacter_winogradskyi	9356	7.889489
Nitrobacter_winogradskyi	9327	3.935197
Nitrobacter_winogradskyi	8992	3.536489
Nitrobacter_winogradskyi	8864	3.628294
Nitrobacter_winogradskyi	8788	3.702037
Nitrobacter_winogradskyi	8104	8.688195
Nitrobacter_winogradskyi	7603	3.373934
Nitrobacter_winogradskyi	7187	3.539221
Nitrobacter_winogradskyi	6829	3.591530
Nitrobacter_winogradskyi	6083	3.478610
Nitrobacter_winogradskyi	6022	3.855310
Nitrobacter_winogradskyi	5558	3.618062
Nitrobacter_winogradskyi	5055	3.746368
Nitrobacter_winogradskyi	5049	3.570707
Nitrobacter_winogradskyi	4976	3.174493
Nitrobacter_winogradskyi	4347	3.816855
Nitrobacter_winogradskyi	4311	3.225309
Nitrobacter_winogradskyi	3904	3.528515
Nitrobacter_winogradskyi	3805	3.443605
Nitrobacter_winogradskyi	3748	3.471910
Nitrobacter_winogradskyi	3683	3.638393
Nitrobacter_winogradskyi	7204	7.083643
Nitrobacter_winogradskyi	3270	4.937559
Nitrobacter_winogradskyi	3165	3.581539
Nitrobacter_winogradskyi	2382	3.853263
Nitrobacter_winogradskyi	2213	3.400189
Nitrobacter_winogradskyi	2077	3.472194
Nitrobacter_winogradskyi	2040	2.694487
Nitrobacter_winogradskyi	4074	7.510320
Nitrobacter_winogradskyi	3918	6.784409
Nitrobacter_winogradskyi	1820	3.162696
Nitrobacter_winogradskyi	1702	3.305053
Nitrobacter_winogradskyi	3098	7.220690
Nitrobacter_winogradskyi	31196	79.736164
Nitrobacter_winogradskyi	13430	39.361736
Nitrobacter_winogradskyi	2642	8.090016
Nitrobacter_winogradskyi	2590	6.950669
Nitrobacter_winogradskyi	1123	35.690430
Nitrobacter_winogradskyi	1100	3.448551
Nitrobacter_winogradskyi	1014	4.280874
Staphylococcus_aureus	341140	1.385932
Staphylococcus_aureus	304123	1.368540
Staphylococcus_aureus	259378	1.368614
Staphylococcus_aureus	260652	1.393567
Staphylococcus_aureus	101006	1.409162
Staphylococcus_aureus	180642	1.441830
Staphylococcus_aureus	73147	1.400449
Staphylococcus_aureus	96506	1.405754
Staphylococcus_aureus	90667	1.399621
Staphylococcus_aureus	58198	1.326564
Staphylococcus_aureus	51905	1.379107
Staphylococcus_aureus	50178	1.430321
Staphylococcus_aureus	48861	1.407730
Staphylococcus_aureus	91726	1.437238
Staphylococcus_aureus	47031	1.327562
Staphylococcus_aureus	44240	1.326400
Staphylococcus_aureus	46475	1.387551
Staphylococcus_aureus	55620	1.395781
Staphylococcus_aureus	45215	1.446970
Staphylococcus_aureus	43652	1.425397
Staphylococcus_aureus	42911	1.507487
Staphylococcus_aureus	40662	1.415132
Staphylococcus_aureus	42289	1.385838
Staphylococcus_aureus	41712	1.377210
Staphylococcus_aureus	38295	1.453320
Staphylococcus_aureus	35578	1.470910
Staphylococcus_aureus	37582	1.339183
Staphylococcus_aureus	35693	1.389946
Staphylococcus_aureus	33637	1.462490
Staphylococcus_aureus	32465	1.464221
Staphylococcus_aureus	30425	1.276734
Staphylococcus_aureus	27688	1.416869
Staphylococcus_aureus	41294	1.404820
Staphylococcus_aureus	45886	1.309415
Staphylococcus_aureus	23996	1.322091
Staphylococcus_aureus	23154	1.430362
Staphylococcus_aureus	20641	1.317803
Staphylococcus_aureus	23283	1.413023
Staphylococcus_aureus	19733	1.346998
Staphylococcus_aureus	19668	1.328325
Staphylococcus_aureus	17331	1.404154
Staphylococcus_aureus	18413	1.365426
Staphylococcus_aureus	35550	1.371944
Staphylococcus_aureus	16000	1.411346
Staphylococcus_aureus	16559	1.366284
Staphylococcus_aureus	16777	1.272999
Staphylococcus_aureus	16647	1.269180
Staphylococcus_aureus	14911	1.397435
Staphylococcus_aureus	13204	1.349317
Staphylococcus_aureus	16263	2.238316
Staphylococcus_aureus	8230	1.387850
Staphylococcus_aureus	8102	1.587839
Staphylococcus_aureus	7180	2.641653
Staphylococcus_aureus	7113	1.467995
Staphylococcus_aureus	5921	1.272892
Staphylococcus_aureus	5946	1.501440
Staphylococcus_aureus	5405	1.564316
Staphylococcus_aureus	5477	1.574749
Staphylococcus_aureus	4810	1.389401
Staphylococcus_aureus	4520	1.325472
Staphylococcus_aureus	18826	7.004602
Staphylococcus_aureus	5977	1.621574
Staphylococcus_aureus	1819	1.231319
Staphylococcus_aureus	1619	1.546926
Staphylococcus_aureus	9840	6.550941
Staphylococcus_aureus	1639	1.488312
Staphylococcus_aureus	1599	2.638114
Staphylococcus_aureus	2722	3.242472
Staphylococcus_aureus	1053	1.556604
Staphylococcus_aureus	1141	1.707574
Kuenenia_stuttgartiensis	76537	1.035475
Kuenenia_stuttgartiensis	67818	0.956645
Kuenenia_stuttgartiensis	33327	1.053491
Kuenenia_stuttgartiensis	30211	1.048980
Kuenenia_stuttgartiensis	26728	1.034304
Kuenenia_stuttgartiensis	26492	1.064576
Kuenenia_stuttgartiensis	25256	1.039735
Kuenenia_stuttgartiensis	24351	1.008290
Kuenenia_stuttgartiensis	24096	0.952199
Kuenenia_stuttgartiensis	24042	0.991870
Kuenenia_stuttgartiensis	22693	1.011620
Kuenenia_stuttgartiensis	22115	1.031647
Kuenenia_stuttgartiensis	21642	0.978105
Kuenenia_stuttgartiensis	20995	1.049074
Kuenenia_stuttgartiensis	21176	0.963142
Kuenenia_stuttgartiensis	20510	0.958699
Kuenenia_stuttgartiensis	20453	0.946579
Kuenenia_stuttgartiensis	20205	0.971714
Kuenenia_stuttgartiensis	19542	1.007750
Kuenenia_stuttgartiensis	19698	1.019206
Kuenenia_stuttgartiensis	19626	1.053713
Kuenenia_stuttgartiensis	19469	0.981415
Kuenenia_stuttgartiensis	18769	1.016809
Kuenenia_stuttgartiensis	18153	1.065877
Kuenenia_stuttgartiensis	17982	0.957567
Kuenenia_stuttgartiensis	17713	0.979309
Kuenenia_stuttgartiensis	17485	0.979620
Kuenenia_stuttgartiensis	17072	0.991224
Kuenenia_stuttgartiensis	16897	2.518026
Kuenenia_stuttgartiensis	17195	1.060002
Kuenenia_stuttgartiensis	16854	0.967068
Kuenenia_stuttgartiensis	17094	0.979241
Kuenenia_stuttgartiensis	16593	0.986373
Kuenenia_stuttgartiensis	16380	1.072120
Kuenenia_stuttgartiensis	16212	1.030764
Kuenenia_stuttgartiensis	16087	0.936660
Kuenenia_stuttgartiensis	15693	0.983429
Kuenenia_stuttgartiensis	16078	1.018333
Kuenenia_stuttgartiensis	15826	0.928658
Kuenenia_stuttgartiensis	14925	0.886464
Kuenenia_stuttgartiensis	15029	0.961275
Kuenenia_stuttgartiensis	15043	0.971847
Kuenenia_stuttgartiensis	14777	1.070718
Kuenenia_stuttgartiensis	14579	1.008827
Kuenenia_stuttgartiensis	14627	1.795976
Kuenenia_stuttgartiensis	14373	0.992999
Kuenenia_stuttgartiensis	13761	0.952727
Kuenenia_stuttgartiensis	13897	1.064817
Kuenenia_stuttgartiensis	13857	1.088603
Kuenenia_stuttgartiensis	13841	1.091696
Kuenenia_stuttgartiensis	13595	0.963942
Kuenenia_stuttgartiensis	13438	0.983899
Kuenenia_stuttgartiensis	13249	1.021877
Kuenenia_stuttgartiensis	13004	0.996061
Kuenenia_stuttgartiensis	13098	0.874000
Kuenenia_stuttgartiensis	12905	0.964220
Kuenenia_stuttgartiensis	13054	0.994751
Kuenenia_stuttgartiensis	13011	1.102072
Kuenenia_stuttgartiensis	12847	1.005290
Kuenenia_stuttgartiensis	12922	1.031481
Kuenenia_stuttgartiensis	12918	0.983540
Kuenenia_stuttgartiensis	12698	1.014752
Kuenenia_stuttgartiensis	12826	1.044944
Kuenenia_stuttgartiensis	12763	1.041456
Kuenenia_stuttgartiensis	12659	1.012978
Kuenenia_stuttgartiensis	12624	1.068202
Kuenenia_stuttgartiensis	12173	1.004349
Kuenenia_stuttgartiensis	12289	1.063218
Kuenenia_stuttgartiensis	26816	1.406007
Kuenenia_stuttgartiensis	12241	1.040306
Kuenenia_stuttgartiensis	11937	0.942895
Kuenenia_stuttgartiensis	12020	0.996934
Kuenenia_stuttgartiensis	56850	1.046256
Kuenenia_stuttgartiensis	11850	0.968255
Kuenenia_stuttgartiensis	12003	0.957397
Kuenenia_stuttgartiensis	11951	0.976985
Kuenenia_stuttgartiensis	11492	1.730182
Kuenenia_stuttgartiensis	11863	0.965687
Kuenenia_stuttgartiensis	11815	0.915500
Kuenenia_stuttgartiensis	11793	1.068753
Kuenenia_stuttgartiensis	11183	1.006838
Kuenenia_stuttgartiensis	11185	1.002513
Kuenenia_stuttgartiensis	11566	1.003310
Kuenenia_stuttgartiensis	11053	0.835489
Kuenenia_stuttgartiensis	10725	0.754429
Kuenenia_stuttgartiensis	22348	0.988813
Kuenenia_stuttgartiensis	11343	1.110993
Kuenenia_stuttgartiensis	11233	0.951228
Kuenenia_stuttgartiensis	10898	1.059030
Kuenenia_stuttgartiensis	10859	0.999634
Kuenenia_stuttgartiensis	10589	0.977870
Kuenenia_stuttgartiensis	10806	1.053143
Kuenenia_stuttgartiensis	10687	1.160822
Kuenenia_stuttgartiensis	10658	1.003883
Kuenenia_stuttgartiensis	10657	1.025099
Kuenenia_stuttgartiensis	10515	1.224462
Kuenenia_stuttgartiensis	10008	0.990063
Kuenenia_stuttgartiensis	10021	0.974284
Kuenenia_stuttgartiensis	10280	1.202436
Kuenenia_stuttgartiensis	10265	1.038719
Kuenenia_stuttgartiensis	10228	0.989831
Kuenenia_stuttgartiensis	9867	0.894382
Kuenenia_stuttgartiensis	10144	1.022149
Kuenenia_stuttgartiensis	21000	1.109140
Kuenenia_stuttgartiensis	10037	1.060341
Kuenenia_stuttgartiensis	9988	1.103142
Kuenenia_stuttgartiensis	9695	0.893702
Kuenenia_stuttgartiensis	9874	0.926725
Kuenenia_stuttgartiensis	9268	0.901452
Kuenenia_stuttgartiensis	9799	1.085067
Kuenenia_stuttgartiensis	9779	0.992149
Kuenenia_stuttgartiensis	9749	1.102694
Kuenenia_stuttgartiensis	9716	1.064157
Kuenenia_stuttgartiensis	9594	1.138033
Kuenenia_stuttgartiensis	9518	1.098949
Kuenenia_stuttgartiensis	9435	0.941302
Kuenenia_stuttgartiensis	9280	0.974540
Kuenenia_stuttgartiensis	9329	1.044000
Kuenenia_stuttgartiensis	8803	1.055333
Kuenenia_stuttgartiensis	9314	0.922385
Kuenenia_stuttgartiensis	8937	0.940379
Kuenenia_stuttgartiensis	9174	0.990523
Kuenenia_stuttgartiensis	8725	0.984631
Kuenenia_stuttgartiensis	9142	1.025766
Kuenenia_stuttgartiensis	9111	1.019840
Kuenenia_stuttgartiensis	8738	0.898390
Kuenenia_stuttgartiensis	8711	0.958422
Kuenenia_stuttgartiensis	8335	0.845291
Kuenenia_stuttgartiensis	8954	0.921715
Kuenenia_stuttgartiensis	8627	0.968870
Kuenenia_stuttgartiensis	8899	0.943379
Kuenenia_stuttgartiensis	8405	0.980325
Kuenenia_stuttgartiensis	8528	0.986524
Kuenenia_stuttgartiensis	8811	0.959116
Kuenenia_stuttgartiensis	8806	0.965051
Kuenenia_stuttgartiensis	8768	0.963360
Kuenenia_stuttgartiensis	8695	1.024593
Kuenenia_stuttgartiensis	8758	1.083843
Kuenenia_stuttgartiensis	8723	1.263335
Kuenenia_stuttgartiensis	8706	1.059882
Kuenenia_stuttgartiensis	8477	0.959711
Kuenenia_stuttgartiensis	8659	1.004907
Kuenenia_stuttgartiensis	8657	0.953026
Kuenenia_stuttgartiensis	8611	1.066494
Kuenenia_stuttgartiensis	8611	0.967223
Kuenenia_stuttgartiensis	8586	0.945746
Kuenenia_stuttgartiensis	8266	0.945487
Kuenenia_stuttgartiensis	8510	0.914856
Kuenenia_stuttgartiensis	8333	0.997814
Kuenenia_stuttgartiensis	8270	1.083955
Kuenenia_stuttgartiensis	7886	0.999753
Kuenenia_stuttgartiensis	8175	1.210500
Kuenenia_stuttgartiensis	8140	1.079841
Kuenenia_stuttgartiensis	8003	0.973727
Kuenenia_stuttgartiensis	8106	0.894855
Kuenenia_stuttgartiensis	8117	1.064480
Kuenenia_stuttgartiensis	8043	0.999248
Kuenenia_stuttgartiensis	7835	1.015087
Kuenenia_stuttgartiensis	7850	1.089668
Kuenenia_stuttgartiensis	7794	1.131774
Kuenenia_stuttgartiensis	7721	0.998559
Kuenenia_stuttgartiensis	7657	0.991992
Kuenenia_stuttgartiensis	7697	0.964117
Kuenenia_stuttgartiensis	7554	1.094787
Kuenenia_stuttgartiensis	7607	1.026105
Kuenenia_stuttgartiensis	7280	0.994405
Kuenenia_stuttgartiensis	7564	1.068938
Kuenenia_stuttgartiensis	7546	1.068702
Kuenenia_stuttgartiensis	7525	0.879962
Kuenenia_stuttgartiensis	7090	1.465177
Kuenenia_stuttgartiensis	7336	0.967698
Kuenenia_stuttgartiensis	7381	1.109709
Kuenenia_stuttgartiensis	7388	0.962135
Kuenenia_stuttgartiensis	7387	1.116218
Kuenenia_stuttgartiensis	7375	0.988730
Kuenenia_stuttgartiensis	7351	0.980727
Kuenenia_stuttgartiensis	7319	1.148481
Kuenenia_stuttgartiensis	7316	1.080366
Kuenenia_stuttgartiensis	6973	1.174196
Kuenenia_stuttgartiensis	7304	0.955864
Kuenenia_stuttgartiensis	6852	0.875437
Kuenenia_stuttgartiensis	7186	1.057006
Kuenenia_stuttgartiensis	7008	1.045527
Kuenenia_stuttgartiensis	7002	0.933942
Kuenenia_stuttgartiensis	6911	0.982556
Kuenenia_stuttgartiensis	6866	1.076400
Kuenenia_stuttgartiensis	6746	1.003562
Kuenenia_stuttgartiensis	6788	0.922709
Kuenenia_stuttgartiensis	6768	0.976643
Kuenenia_stuttgartiensis	6635	0.982078
Kuenenia_stuttgartiensis	6553	1.009492
Kuenenia_stuttgartiensis	6694	1.115694
Kuenenia_stuttgartiensis	6651	0.963537
Kuenenia_stuttgartiensis	6652	0.964346
Kuenenia_stuttgartiensis	6621	1.052285
Kuenenia_stuttgartiensis	6594	1.094829
Kuenenia_stuttgartiensis	6208	0.886630
Kuenenia_stuttgartiensis	6289	0.887167
Kuenenia_stuttgartiensis	6532	1.934037
Kuenenia_stuttgartiensis	6517	0.995185
Kuenenia_stuttgartiensis	6536	1.027497
Kuenenia_stuttgartiensis	6522	1.009653
Kuenenia_stuttgartiensis	6475	0.944723
Kuenenia_stuttgartiensis	6427	0.955104
Kuenenia_stuttgartiensis	6406	1.043939
Kuenenia_stuttgartiensis	6048	0.997774
Kuenenia_stuttgartiensis	6377	0.898712
Kuenenia_stuttgartiensis	6103	0.944062
Kuenenia_stuttgartiensis	6313	0.905037
Kuenenia_stuttgartiensis	6317	1.107269
Kuenenia_stuttgartiensis	6045	0.951055
Kuenenia_stuttgartiensis	6278	1.194386
Kuenenia_stuttgartiensis	6291	2.281654
Kuenenia_stuttgartiensis	6278	1.052997
Kuenenia_stuttgartiensis	6253	1.041924
Kuenenia_stuttgartiensis	6243	1.088379
Kuenenia_stuttgartiensis	6208	1.083156
Kuenenia_stuttgartiensis	6180	1.073837
Kuenenia_stuttgartiensis	6172	1.042977
Kuenenia_stuttgartiensis	6124	0.995526
Kuenenia_stuttgartiensis	6097	1.005168
Kuenenia_stuttgartiensis	6069	1.085366
Kuenenia_stuttgartiensis	6015	0.885251
Kuenenia_stuttgartiensis	5958	1.060555
Kuenenia_stuttgartiensis	5896	0.855925
Kuenenia_stuttgartiensis	5959	0.969966
Kuenenia_stuttgartiensis	12136	1.064632
Kuenenia_stuttgartiensis	5773	0.980406
Kuenenia_stuttgartiensis	5765	1.151776
Kuenenia_stuttgartiensis	5737	0.985278
Kuenenia_stuttgartiensis	5676	0.991245
Kuenenia_stuttgartiensis	5660	1.006821
Kuenenia_stuttgartiensis	5656	1.086386
Kuenenia_stuttgartiensis	5644	0.954815
Kuenenia_stuttgartiensis	5305	0.937693
Kuenenia_stuttgartiensis	5577	0.886090
Kuenenia_stuttgartiensis	5572	0.978074
Kuenenia_stuttgartiensis	5557	0.901612
Kuenenia_stuttgartiensis	5534	1.029568
Kuenenia_stuttgartiensis	5528	1.020262
Kuenenia_stuttgartiensis	5509	1.069316
Kuenenia_stuttgartiensis	5459	1.018843
Kuenenia_stuttgartiensis	5442	1.154595
Kuenenia_stuttgartiensis	5390	1.043659
Kuenenia_stuttgartiensis	5207	0.914696
Kuenenia_stuttgartiensis	5383	0.908781
Kuenenia_stuttgartiensis	4932	0.858011
Kuenenia_stuttgartiensis	5345	1.073250
Kuenenia_stuttgartiensis	5158	0.973920
Kuenenia_stuttgartiensis	5319	1.027533
Kuenenia_stuttgartiensis	5316	0.972781
Kuenenia_stuttgartiensis	5261	0.845901
Kuenenia_stuttgartiensis	4970	0.792375
Kuenenia_stuttgartiensis	5178	0.965348
Kuenenia_stuttgartiensis	5128	0.872395
Kuenenia_stuttgartiensis	5124	1.020100
Kuenenia_stuttgartiensis	5024	1.300304
Kuenenia_stuttgartiensis	5015	1.063059
Kuenenia_stuttgartiensis	4927	0.831772
Kuenenia_stuttgartiensis	4771	1.139592
Kuenenia_stuttgartiensis	4948	1.091059
Kuenenia_stuttgartiensis	4921	0.913107
Kuenenia_stuttgartiensis	4758	0.847591
Kuenenia_stuttgartiensis	4889	0.872469
Kuenenia_stuttgartiensis	4701	0.973177
Kuenenia_stuttgartiensis	4846	1.051190
Kuenenia_stuttgartiensis	4835	0.915541
Kuenenia_stuttgartiensis	4818	0.948025
Kuenenia_stuttgartiensis	4830	0.976538
Kuenenia_stuttgartiensis	4822	0.823841
Kuenenia_stuttgartiensis	4736	0.914001
Kuenenia_stuttgartiensis	4800	1.029281
Kuenenia_stuttgartiensis	4718	1.101321
Kuenenia_stuttgartiensis	4370	1.010675
Kuenenia_stuttgartiensis	4679	1.028166
Kuenenia_stuttgartiensis	4655	1.105344
Kuenenia_stuttgartiensis	4654	0.963117
Kuenenia_stuttgartiensis	4305	0.825383
Kuenenia_stuttgartiensis	4604	1.167370
Kuenenia_stuttgartiensis	4601	1.038427
Kuenenia_stuttgartiensis	4374	0.999330
Kuenenia_stuttgartiensis	4574	0.909274
Kuenenia_stuttgartiensis	4538	0.912312
Kuenenia_stuttgartiensis	4545	0.947143
Kuenenia_stuttgartiensis	4536	0.984917
Kuenenia_stuttgartiensis	4537	1.132041
Kuenenia_stuttgartiensis	4535	0.883003
Kuenenia_stuttgartiensis	4529	1.024153
Kuenenia_stuttgartiensis	4517	1.007696
Kuenenia_stuttgartiensis	4511	3.556437
Kuenenia_stuttgartiensis	4462	1.045735
Kuenenia_stuttgartiensis	4464	1.026798
Kuenenia_stuttgartiensis	4427	1.184150
Kuenenia_stuttgartiensis	4396	1.249070
Kuenenia_stuttgartiensis	4376	1.041054
Kuenenia_stuttgartiensis	4342	0.931416
Kuenenia_stuttgartiensis	4319	0.876303
Kuenenia_stuttgartiensis	4309	0.901425
Kuenenia_stuttgartiensis	4004	0.945849
Kuenenia_stuttgartiensis	4276	1.087623
Kuenenia_stuttgartiensis	4259	0.891587
Kuenenia_stuttgartiensis	4257	0.825397
Kuenenia_stuttgartiensis	4236	1.160019
Kuenenia_stuttgartiensis	3827	1.171104
Kuenenia_stuttgartiensis	3965	0.871102
Kuenenia_stuttgartiensis	4141	1.126670
Kuenenia_stuttgartiensis	4126	1.043953
Kuenenia_stuttgartiensis	4104	0.951681
Kuenenia_stuttgartiensis	4043	0.947901
Kuenenia_stuttgartiensis	4035	1.035823
Kuenenia_stuttgartiensis	4013	1.490571
Kuenenia_stuttgartiensis	3949	0.922597
Kuenenia_stuttgartiensis	3939	1.054688
Kuenenia_stuttgartiensis	3908	0.936894
Kuenenia_stuttgartiensis	3883	1.021406
Kuenenia_stuttgartiensis	3879	1.093122
Kuenenia_stuttgartiensis	3784	1.037626
Kuenenia_stuttgartiensis	3861	0.867444
Kuenenia_stuttgartiensis	3865	17.155337
Kuenenia_stuttgartiensis	3825	0.967525
Kuenenia_stuttgartiensis	3450	0.832928
Kuenenia_stuttgartiensis	3788	1.258878
Kuenenia_stuttgartiensis	3748	1.127432
Kuenenia_stuttgartiensis	3743	1.182766
Kuenenia_stuttgartiensis	3577	1.035989
Kuenenia_stuttgartiensis	3738	1.129981
Kuenenia_stuttgartiensis	3683	1.051897
Kuenenia_stuttgartiensis	3654	0.904360
Kuenenia_stuttgartiensis	3633	1.111771
Kuenenia_stuttgartiensis	3371	0.962355
Kuenenia_stuttgartiensis	3596	0.950680
Kuenenia_stuttgartiensis	3606	1.351583
Kuenenia_stuttgartiensis	3604	1.116690
Kuenenia_stuttgartiensis	3369	0.888218
Kuenenia_stuttgartiensis	3547	0.999711
Kuenenia_stuttgartiensis	3530	0.909619
Kuenenia_stuttgartiensis	3213	0.922515
Kuenenia_stuttgartiensis	3494	0.924595
Kuenenia_stuttgartiensis	3492	0.904804
Kuenenia_stuttgartiensis	3465	1.053021
Kuenenia_stuttgartiensis	3462	1.072852
Kuenenia_stuttgartiensis	3439	1.195594
Kuenenia_stuttgartiensis	3452	0.875037
Kuenenia_stuttgartiensis	3243	0.805970
Kuenenia_stuttgartiensis	3437	0.830437
Kuenenia_stuttgartiensis	3396	0.891442
Kuenenia_stuttgartiensis	3090	0.999091
Kuenenia_stuttgartiensis	3252	1.029091
Kuenenia_stuttgartiensis	3385	0.983567
Kuenenia_stuttgartiensis	3350	1.265764
Kuenenia_stuttgartiensis	3338	1.078419
Kuenenia_stuttgartiensis	3327	1.029648
Kuenenia_stuttgartiensis	3320	1.068048
Kuenenia_stuttgartiensis	3309	0.974311
Kuenenia_stuttgartiensis	3291	0.841974
Kuenenia_stuttgartiensis	3034	0.871681
Kuenenia_stuttgartiensis	3260	1.599494
Kuenenia_stuttgartiensis	3207	1.014753
Kuenenia_stuttgartiensis	2960	0.955949
Kuenenia_stuttgartiensis	3179	0.782201
Kuenenia_stuttgartiensis	3185	0.952041
Kuenenia_stuttgartiensis	3171	1.036133
Kuenenia_stuttgartiensis	3164	1.034258
Kuenenia_stuttgartiensis	3136	0.924109
Kuenenia_stuttgartiensis	3043	0.912827
Kuenenia_stuttgartiensis	3099	1.004333
Kuenenia_stuttgartiensis	2969	0.854216
Kuenenia_stuttgartiensis	3046	0.845945
Kuenenia_stuttgartiensis	2882	0.686461
Kuenenia_stuttgartiensis	2851	0.955792
Kuenenia_stuttgartiensis	2993	0.903594
Kuenenia_stuttgartiensis	2986	0.824039
Kuenenia_stuttgartiensis	2929	1.068551
Kuenenia_stuttgartiensis	2923	1.295326
Kuenenia_stuttgartiensis	2921	0.850815
Kuenenia_stuttgartiensis	2918	0.798510
Kuenenia_stuttgartiensis	2650	0.919446
Kuenenia_stuttgartiensis	2694	0.748048
Kuenenia_stuttgartiensis	2894	1.066547
Kuenenia_stuttgartiensis	2874	1.138739
Kuenenia_stuttgartiensis	2867	0.978685
Kuenenia_stuttgartiensis	2859	1.057971
Kuenenia_stuttgartiensis	2845	0.803350
Kuenenia_stuttgartiensis	2635	1.140460
Kuenenia_stuttgartiensis	2828	0.950531
Kuenenia_stuttgartiensis	2809	0.921800
Kuenenia_stuttgartiensis	2798	0.879291
Kuenenia_stuttgartiensis	2782	0.948576
Kuenenia_stuttgartiensis	2763	0.869745
Kuenenia_stuttgartiensis	2732	1.075844
Kuenenia_stuttgartiensis	5305	0.937857
Kuenenia_stuttgartiensis	2718	1.143948
Kuenenia_stuttgartiensis	2697	1.452837
Kuenenia_stuttgartiensis	2681	0.928102
Kuenenia_stuttgartiensis	2658	1.012114
Kuenenia_stuttgartiensis	2644	3.090766
Kuenenia_stuttgartiensis	2625	0.978226
Kuenenia_stuttgartiensis	2412	0.892320
Kuenenia_stuttgartiensis	2601	0.997202
Kuenenia_stuttgartiensis	2585	1.076923
Kuenenia_stuttgartiensis	2589	0.863855
Kuenenia_stuttgartiensis	2581	0.945608
Kuenenia_stuttgartiensis	2377	0.892023
Kuenenia_stuttgartiensis	2570	1.168758
Kuenenia_stuttgartiensis	2526	0.935261
Kuenenia_stuttgartiensis	2543	0.924205
Kuenenia_stuttgartiensis	2511	1.057756
Kuenenia_stuttgartiensis	2484	0.860797
Kuenenia_stuttgartiensis	2466	2.797634
Kuenenia_stuttgartiensis	2432	4.497011
Kuenenia_stuttgartiensis	2424	1.175914
Kuenenia_stuttgartiensis	2415	1.730138
Kuenenia_stuttgartiensis	2411	1.097751
Kuenenia_stuttgartiensis	2401	0.914422
Kuenenia_stuttgartiensis	2358	1.081452
Kuenenia_stuttgartiensis	2211	0.746897
Kuenenia_stuttgartiensis	2334	0.830599
Kuenenia_stuttgartiensis	2343	0.950089
Kuenenia_stuttgartiensis	2341	0.902319
Kuenenia_stuttgartiensis	2337	0.918677
Kuenenia_stuttgartiensis	2334	2.390604
Kuenenia_stuttgartiensis	2318	1.157729
Kuenenia_stuttgartiensis	2291	1.115718
Kuenenia_stuttgartiensis	2264	1.064203
Kuenenia_stuttgartiensis	2257	0.961538
Kuenenia_stuttgartiensis	2248	0.946952
Kuenenia_stuttgartiensis	2240	7.674451
Kuenenia_stuttgartiensis	2226	1.023397
Kuenenia_stuttgartiensis	2222	0.858415
Kuenenia_stuttgartiensis	2228	1.020667
Kuenenia_stuttgartiensis	2225	0.720602
Kuenenia_stuttgartiensis	2214	0.852955
Kuenenia_stuttgartiensis	2196	1.020408
Kuenenia_stuttgartiensis	2200	1.328891
Kuenenia_stuttgartiensis	2181	0.988953
Kuenenia_stuttgartiensis	2159	1.132850
Kuenenia_stuttgartiensis	2163	0.851260
Kuenenia_stuttgartiensis	2156	0.888673
Kuenenia_stuttgartiensis	2145	1.182796
Kuenenia_stuttgartiensis	2132	1.037875
Kuenenia_stuttgartiensis	2123	0.956028
Kuenenia_stuttgartiensis	2119	0.942079
Kuenenia_stuttgartiensis	2094	1.210813
Kuenenia_stuttgartiensis	2070	0.897527
Kuenenia_stuttgartiensis	2045	1.097636
Kuenenia_stuttgartiensis	2030	0.959299
Kuenenia_stuttgartiensis	4651	0.994306
Kuenenia_stuttgartiensis	2030	1.189539
Kuenenia_stuttgartiensis	1876	1.079646
Kuenenia_stuttgartiensis	40240	20.778359
Kuenenia_stuttgartiensis	1994	0.901319
Kuenenia_stuttgartiensis	1973	1.003735
Kuenenia_stuttgartiensis	1959	0.733333
Kuenenia_stuttgartiensis	1957	1.031755
Kuenenia_stuttgartiensis	1839	1.001076
Kuenenia_stuttgartiensis	1954	0.975202
Kuenenia_stuttgartiensis	1934	0.792992
Kuenenia_stuttgartiensis	1952	0.916892
Kuenenia_stuttgartiensis	1942	0.911557
Kuenenia_stuttgartiensis	1923	1.168570
Kuenenia_stuttgartiensis	1938	1.141925
Kuenenia_stuttgartiensis	1894	1.128134
Kuenenia_stuttgartiensis	1844	1.036676
Kuenenia_stuttgartiensis	1816	1.131625
Kuenenia_stuttgartiensis	1813	1.051925
Kuenenia_stuttgartiensis	1754	0.896677
Kuenenia_stuttgartiensis	1729	1.056098
Kuenenia_stuttgartiensis	1734	1.370031
Kuenenia_stuttgartiensis	1734	0.846483
Kuenenia_stuttgartiensis	1733	0.958384
Kuenenia_stuttgartiensis	3750	0.795062
Kuenenia_stuttgartiensis	24049	19.882644
Kuenenia_stuttgartiensis	1706	0.960174
Kuenenia_stuttgartiensis	1704	1.102804
Kuenenia_stuttgartiensis	37463	22.590399
Kuenenia_stuttgartiensis	1691	1.129213
Kuenenia_stuttgartiensis	1674	0.573392
Kuenenia_stuttgartiensis	1698	0.986241
Kuenenia_stuttgartiensis	1652	1.066541
Kuenenia_stuttgartiensis	1676	0.942659
Kuenenia_stuttgartiensis	25200	19.669829
Kuenenia_stuttgartiensis	1670	0.796331
Kuenenia_stuttgartiensis	1668	1.244742
Kuenenia_stuttgartiensis	1640	0.694391
Kuenenia_stuttgartiensis	1640	1.173913
Kuenenia_stuttgartiensis	1638	1.168941
Kuenenia_stuttgartiensis	1528	1.063440
Kuenenia_stuttgartiensis	1616	1.192485
Kuenenia_stuttgartiensis	1602	0.888962
Kuenenia_stuttgartiensis	1608	0.900596
Kuenenia_stuttgartiensis	1605	1.051129
Kuenenia_stuttgartiensis	1600	0.910060
Kuenenia_stuttgartiensis	1590	0.951710
Kuenenia_stuttgartiensis	1584	1.072727
Kuenenia_stuttgartiensis	1583	0.930593
Kuenenia_stuttgartiensis	1579	1.019595
Kuenenia_stuttgartiensis	1567	0.903951
Kuenenia_stuttgartiensis	1537	0.943672
Kuenenia_stuttgartiensis	1536	0.989562
Kuenenia_stuttgartiensis	1525	1.094670
Kuenenia_stuttgartiensis	1524	0.926316
Kuenenia_stuttgartiensis	1511	0.854430
Kuenenia_stuttgartiensis	1489	1.053957
Kuenenia_stuttgartiensis	1471	1.170872
Kuenenia_stuttgartiensis	1481	0.851664
Kuenenia_stuttgartiensis	1480	1.212165
Kuenenia_stuttgartiensis	1479	0.784058
Kuenenia_stuttgartiensis	1465	0.778917
Kuenenia_stuttgartiensis	1461	0.900881
Kuenenia_stuttgartiensis	1447	0.916914
Kuenenia_stuttgartiensis	1447	0.906528
Kuenenia_stuttgartiensis	1443	1.285714
Kuenenia_stuttgartiensis	1441	1.026080
Kuenenia_stuttgartiensis	1441	0.953055
Kuenenia_stuttgartiensis	1438	0.866318
Kuenenia_stuttgartiensis	1423	1.284962
Kuenenia_stuttgartiensis	1411	0.830030
Kuenenia_stuttgartiensis	1389	1.067442
Kuenenia_stuttgartiensis	1388	1.233514
Kuenenia_stuttgartiensis	1376	0.673660
Kuenenia_stuttgartiensis	2752	3.754894
Kuenenia_stuttgartiensis	1371	1.060535
Kuenenia_stuttgartiensis	1369	1.381890
Kuenenia_stuttgartiensis	2706	2.309410
Kuenenia_stuttgartiensis	1340	0.928058
Kuenenia_stuttgartiensis	1350	0.906475
Kuenenia_stuttgartiensis	1334	0.982996
Kuenenia_stuttgartiensis	1313	1.482026
Kuenenia_stuttgartiensis	1283	1.130912
Kuenenia_stuttgartiensis	1270	1.183604
Kuenenia_stuttgartiensis	1259	1.087179
Kuenenia_stuttgartiensis	1266	1.384747
Kuenenia_stuttgartiensis	1249	0.954310
Kuenenia_stuttgartiensis	1235	0.855634
Kuenenia_stuttgartiensis	1234	1.313656
Kuenenia_stuttgartiensis	1221	1.142602
Kuenenia_stuttgartiensis	1203	0.782609
Kuenenia_stuttgartiensis	1196	0.835916
Kuenenia_stuttgartiensis	1183	3.645756
Kuenenia_stuttgartiensis	1178	1.448563
Kuenenia_stuttgartiensis	1168	0.688494
Kuenenia_stuttgartiensis	1167	5.249064
Kuenenia_stuttgartiensis	1152	2.184384
Kuenenia_stuttgartiensis	1142	1.221172
Kuenenia_stuttgartiensis	1141	0.880038
Kuenenia_stuttgartiensis	1138	0.749759
Kuenenia_stuttgartiensis	1127	1.162451
Kuenenia_stuttgartiensis	1126	1.074002
Kuenenia_stuttgartiensis	1117	0.716110
Kuenenia_stuttgartiensis	1104	1.614925
Kuenenia_stuttgartiensis	1101	1.388224
Kuenenia_stuttgartiensis	1096	0.921765
Kuenenia_stuttgartiensis	1084	1.041624
Kuenenia_stuttgartiensis	11880	13.117227
Kuenenia_stuttgartiensis	1070	1.303811
Kuenenia_stuttgartiensis	1069	0.943299
Kuenenia_stuttgartiensis	1061	0.983368
Kuenenia_stuttgartiensis	1057	1.211900
Kuenenia_stuttgartiensis	1054	0.872251
Kuenenia_stuttgartiensis	1043	0.974576
Kuenenia_stuttgartiensis	1039	1.102128
Kuenenia_stuttgartiensis	1019	1.448913
Kuenenia_stuttgartiensis	1015	1.003261
Kuenenia_stuttgartiensis	1017	0.671024
Kuenenia_stuttgartiensis	1013	1.059081
