S1	E1	S2	E2	Reference	Contig	IDY	Ambiguous	Best_group
609328	767700	1	158373	Nitrosomonas_europaea_NC_004757.1	scaffold_19	100.0		True
CONTIG	scaffold_19	158373	correct
1500367	1653494	153128	1	Nitrosomonas_europaea_NC_004757.1	scaffold_20	100.0		True
CONTIG	scaffold_20	153128	correct
1389729	1474916	1	85188	Nitrosomonas_europaea_NC_004757.1	scaffold_58	100.0		True
CONTIG	scaffold_58	85188	correct
1048807	1125845	77036	1	Nitrosomonas_europaea_NC_004757.1	scaffold_70	100.0		True
CONTIG	scaffold_70	77036	correct
2566811	2624512	57702	1	Nitrosomonas_europaea_NC_004757.1	scaffold_71	100.0		True
relocation, inconsistency = 7510
2540281	2559300	76722	57703	Nitrosomonas_europaea_NC_004757.1	scaffold_71	100.0		True
CONTIG	scaffold_71	76722	misassembled
1022046	1024584	2539	1	Nitrosomonas_europaea_NC_004757.1	scaffold_79	100.0		True
fake: scaffold gap size wrong estimation (local)
959437	1021232	64652	2857	Nitrosomonas_europaea_NC_004757.1	scaffold_79	100.0		True
local misassembly
885998	959158	137813	64653	Nitrosomonas_europaea_NC_004757.1	scaffold_79	100.0		True
CONTIG	scaffold_79	137813	correct
4	73038	1	73035	Nitrosomonas_europaea_NC_004757.1	scaffold_80	100.0		True
local misassembly
73136	160808	73036	160547	Nitrosomonas_europaea_NC_004757.1	scaffold_80	99.82		True
CONTIG	scaffold_80	160547	correct
2419876	2463307	1	43432	Nitrosomonas_europaea_NC_004757.1	scaffold_81	100.0		True
fake: scaffold gap size wrong estimation (local)
2463963	2536173	43645	115855	Nitrosomonas_europaea_NC_004757.1	scaffold_81	100.0		True
CONTIG	scaffold_81	115855	correct
381667	451989	70323	1	Nitrosomonas_europaea_NC_004757.1	scaffold_85	100.0		True
CONTIG	scaffold_85	70323	correct
495319	555782	1	60464	Nitrosomonas_europaea_NC_004757.1	scaffold_105	100.0		True
CONTIG	scaffold_105	60464	correct
2095730	2151426	1	55697	Nitrosomonas_europaea_NC_004757.1	scaffold_114	100.0		True
fake: scaffold gap size wrong estimation (local)
2152045	2155601	55972	59528	Nitrosomonas_europaea_NC_004757.1	scaffold_114	100.0		True
CONTIG	scaffold_114	59528	correct
317206	326313	1	9108	Nitrosomonas_europaea_NC_004757.1	scaffold_120	100.0		True
local misassembly
326582	380037	9109	62564	Nitrosomonas_europaea_NC_004757.1	scaffold_120	100.0		True
CONTIG	scaffold_120	62564	correct
1278310	1330474	1	52165	Nitrosomonas_europaea_NC_004757.1	scaffold_123	100.0		True
CONTIG	scaffold_123	52165	correct
557449	607659	50211	1	Nitrosomonas_europaea_NC_004757.1	scaffold_125	100.0		True
CONTIG	scaffold_125	50211	correct
1331807	1379544	1	47738	Nitrosomonas_europaea_NC_004757.1	scaffold_129	100.0		True
CONTIG	scaffold_129	47738	correct
1715688	1762628	46941	1	Nitrosomonas_europaea_NC_004757.1	scaffold_134	100.0		True
fake: scaffold gap size wrong estimation (local)
1691044	1715029	71252	47267	Nitrosomonas_europaea_NC_004757.1	scaffold_134	100.0		True
fake: scaffold gap size wrong estimation (local)
1655595	1690466	106229	71358	Nitrosomonas_europaea_NC_004757.1	scaffold_134	100.0		True
CONTIG	scaffold_134	106229	correct
1829365	1875926	1	46562	Nitrosomonas_europaea_NC_004757.1	scaffold_136	100.0		True
CONTIG	scaffold_136	46562	correct
1763246	1809693	1	46448	Nitrosomonas_europaea_NC_004757.1	scaffold_137	100.0		True
CONTIG	scaffold_137	46448	correct
1231410	1277280	45871	1	Nitrosomonas_europaea_NC_004757.1	scaffold_138	100.0		True
CONTIG	scaffold_138	45871	correct
1199279	1230603	31325	1	Nitrosomonas_europaea_NC_004757.1	scaffold_139	100.0		True
fake: scaffold gap size wrong estimation (local)
1152922	1198667	77298	31553	Nitrosomonas_europaea_NC_004757.1	scaffold_139	100.0		True
CONTIG	scaffold_139	77298	correct
227522	273248	1	45727	Nitrosomonas_europaea_NC_004757.1	scaffold_140	100.0		True
CONTIG	scaffold_140	45727	correct
2033096	2078758	1	45663	Nitrosomonas_europaea_NC_004757.1	scaffold_141	100.0		True
CONTIG	scaffold_141	45663	correct
2294132	2339563	45432	1	Nitrosomonas_europaea_NC_004757.1	scaffold_145	100.0		True
CONTIG	scaffold_145	45432	correct
856638	884965	28328	1	Nitrosomonas_europaea_NC_004757.1	scaffold_153	100.0		True
local misassembly
812784	856272	71817	28329	Nitrosomonas_europaea_NC_004757.1	scaffold_153	100.0		True
CONTIG	scaffold_153	71817	correct
1993122	2032066	38945	1	Nitrosomonas_europaea_NC_004757.1	scaffold_162	100.0		True
CONTIG	scaffold_162	38945	correct
2627519	2666276	38758	1	Nitrosomonas_europaea_NC_004757.1	scaffold_163	100.0		True
CONTIG	scaffold_163	38758	correct
452987	490986	1	38000	Nitrosomonas_europaea_NC_004757.1	scaffold_166	100.0		True
local misassembly
491152	492427	38001	39276	Nitrosomonas_europaea_NC_004757.1	scaffold_166	100.0		True
CONTIG	scaffold_166	39276	correct
2376728	2378239	1512	1	Nitrosomonas_europaea_NC_004757.1	scaffold_170	100.0		True
local misassembly
2340686	2376529	37356	1513	Nitrosomonas_europaea_NC_004757.1	scaffold_170	100.0		True
CONTIG	scaffold_170	37356	correct
2776680	2812091	35412	1	Nitrosomonas_europaea_NC_004757.1	scaffold_172	100.0		True
CONTIG	scaffold_172	35412	correct
1932633	1965106	32474	1	Nitrosomonas_europaea_NC_004757.1	scaffold_178	100.0		True
CONTIG	scaffold_178	32474	correct
772931	805303	32373	1	Nitrosomonas_europaea_NC_004757.1	scaffold_179	100.0		True
CONTIG	scaffold_179	32373	correct
2241879	2272650	30772	1	Nitrosomonas_europaea_NC_004757.1	scaffold_184	100.0		True
CONTIG	scaffold_184	30772	correct
1903124	1931975	28852	1	Nitrosomonas_europaea_NC_004757.1	scaffold_188	100.0		True
CONTIG	scaffold_188	28852	correct
2738460	2741322	2863	1	Nitrosomonas_europaea_NC_004757.1	scaffold_195	100.0		True
fake: scaffold gap size wrong estimation (local)
2711313	2737654	29546	3205	Nitrosomonas_europaea_NC_004757.1	scaffold_195	100.0		True
fake: scaffold gap size wrong estimation (local)
2695072	2710496	45354	29930	Nitrosomonas_europaea_NC_004757.1	scaffold_195	100.0		True
CONTIG	scaffold_195	45354	correct
1876734	1902096	1	25363	Nitrosomonas_europaea_NC_004757.1	scaffold_197	100.0		True
CONTIG	scaffold_197	25363	correct
1125748	1150959	25212	1	Nitrosomonas_europaea_NC_004757.1	scaffold_198	100.0		True
CONTIG	scaffold_198	25212	correct
2391464	2415259	23796	1	Nitrosomonas_europaea_NC_004757.1	scaffold_204	100.0		True
fake: scaffold gap size wrong estimation (local)
2380060	2390805	34790	24045	Nitrosomonas_europaea_NC_004757.1	scaffold_204	100.0		True
local misassembly
2378142	2379783	36432	34791	Nitrosomonas_europaea_NC_004757.1	scaffold_204	100.0		True
CONTIG	scaffold_204	36432	correct
201649	225238	1	23590	Nitrosomonas_europaea_NC_004757.1	scaffold_209	100.0		True
local misassembly
225483	226490	23591	24598	Nitrosomonas_europaea_NC_004757.1	scaffold_209	100.0		True
CONTIG	scaffold_209	24598	correct
2189770	2212231	1	22462	Nitrosomonas_europaea_NC_004757.1	scaffold_213	100.0		True
local misassembly
2212511	2215533	22463	25485	Nitrosomonas_europaea_NC_004757.1	scaffold_213	100.0		True
CONTIG	scaffold_213	25485	correct
2670035	2671719	1	1685	Nitrosomonas_europaea_NC_004757.1	scaffold_220	100.0		True
fake: scaffold gap size wrong estimation (local)
2672374	2694264	1911	23801	Nitrosomonas_europaea_NC_004757.1	scaffold_220	100.0		True
CONTIG	scaffold_220	23801	correct
2749700	2770952	1	21253	Nitrosomonas_europaea_NC_004757.1	scaffold_222	100.0		True
CONTIG	scaffold_222	21253	correct
1966225	1986858	1	20634	Nitrosomonas_europaea_NC_004757.1	scaffold_227	100.0		True
CONTIG	scaffold_227	20634	correct
1810726	1828505	17780	1	Nitrosomonas_europaea_NC_004757.1	scaffold_253	100.0		True
CONTIG	scaffold_253	17780	correct
161665	178954	1	17290	Nitrosomonas_europaea_NC_004757.1	scaffold_255	100.0		True
local misassembly
179268	191892	17291	29915	Nitrosomonas_europaea_NC_004757.1	scaffold_255	100.0		True
CONTIG	scaffold_255	29915	correct
2156723	2172510	1	15788	Nitrosomonas_europaea_NC_004757.1	scaffold_267	100.0		True
CONTIG	scaffold_267	15788	correct
2079788	2094108	1	14321	Nitrosomonas_europaea_NC_004757.1	scaffold_278	100.0		True
CONTIG	scaffold_278	14321	correct
1031660	1044554	12895	1	Nitrosomonas_europaea_NC_004757.1	scaffold_294	100.0		True
CONTIG	scaffold_294	12895	correct
303600	316391	12792	1	Nitrosomonas_europaea_NC_004757.1	scaffold_296	100.0		True
fake: scaffold gap size wrong estimation (local)
300708	302982	15251	12977	Nitrosomonas_europaea_NC_004757.1	scaffold_296	100.0		True
CONTIG	scaffold_296	15251	correct
2215581	2228238	1	12658	Nitrosomonas_europaea_NC_004757.1	scaffold_298	100.0		True
CONTIG	scaffold_298	12658	correct
2187250	2188955	1706	1	Nitrosomonas_europaea_NC_004757.1	scaffold_302	100.0		True
fake: scaffold gap size wrong estimation (local)
2174138	2186630	14374	1882	Nitrosomonas_europaea_NC_004757.1	scaffold_302	100.0		True
CONTIG	scaffold_302	14374	correct
2273450	2283677	1	10228	Nitrosomonas_europaea_NC_004757.1	scaffold_338	100.0		True
CONTIG	scaffold_338	10228	correct
290366	299673	1	9308	Nitrosomonas_europaea_NC_004757.1	scaffold_353	100.0		True
CONTIG	scaffold_353	9308	correct
2229236	2237263	1	8028	Nitrosomonas_europaea_NC_004757.1	scaffold_391	100.0		True
CONTIG	scaffold_391	8028	correct
1497877	1499332	1456	1	Nitrosomonas_europaea_NC_004757.1	scaffold_424	100.0		True
local misassembly
1496662	1497686	2481	1457	Nitrosomonas_europaea_NC_004757.1	scaffold_424	100.0		True
local misassembly
1489450	1496385	9417	2482	Nitrosomonas_europaea_NC_004757.1	scaffold_424	100.0		True
CONTIG	scaffold_424	9417	correct
281428	287802	6375	1	Nitrosomonas_europaea_NC_004757.1	scaffold_451	100.0		True
CONTIG	scaffold_451	6375	correct
274274	280613	6340	1	Nitrosomonas_europaea_NC_004757.1	scaffold_453	100.0		True
CONTIG	scaffold_453	6340	correct
2287009	2293011	6003	1	Nitrosomonas_europaea_NC_004757.1	scaffold_467	100.0		True
CONTIG	scaffold_467	6003	correct
1481900	1487436	5537	1	Nitrosomonas_europaea_NC_004757.1	scaffold_498	100.0		True
local misassembly
1478449	1481486	8575	5538	Nitrosomonas_europaea_NC_004757.1	scaffold_498	100.0		True
CONTIG	scaffold_498	8575	correct
806161	810484	4324	1	Nitrosomonas_europaea_NC_004757.1	scaffold_583	100.0		True
CONTIG	scaffold_583	4324	correct
1026947	1031220	1	4274	Nitrosomonas_europaea_NC_004757.1	scaffold_592	100.0		True
CONTIG	scaffold_592	4274	correct
2772072	2775860	3789	1	Nitrosomonas_europaea_NC_004757.1	scaffold_663	100.0		True
CONTIG	scaffold_663	3789	correct
1385033	1388608	3576	1	Nitrosomonas_europaea_NC_004757.1	scaffold_704	100.0		True
CONTIG	scaffold_704	3576	correct
1380666	1384001	1	3336	Nitrosomonas_europaea_NC_004757.1	scaffold_755	100.0		True
CONTIG	scaffold_755	3336	correct
2745289	2748580	1	3292	Nitrosomonas_europaea_NC_004757.1	scaffold_766	100.0		True
CONTIG	scaffold_766	3292	correct
2741711	2744900	1	3190	Nitrosomonas_europaea_NC_004757.1	scaffold_783	100.0		True
CONTIG	scaffold_783	3190	correct
1987888	1990611	1	2724	Nitrosomonas_europaea_NC_004757.1	scaffold_902	100.0		True
CONTIG	scaffold_902	2724	correct
2416288	2418848	1	2561	Nitrosomonas_europaea_NC_004757.1	scaffold_955	100.0		True
CONTIG	scaffold_955	2561	correct
768818	771298	1	2481	Nitrosomonas_europaea_NC_004757.1	scaffold_987	100.0		True
CONTIG	scaffold_987	2481	correct
197837	199574	1738	1	Nitrosomonas_europaea_NC_004757.1	scaffold_1283	100.0		True
CONTIG	scaffold_1283	1738	correct
2667304	2669005	1	1702	Nitrosomonas_europaea_NC_004757.1	scaffold_1300	100.0		True
CONTIG	scaffold_1300	1702	correct
1475945	1477411	1467	1	Nitrosomonas_europaea_NC_004757.1	scaffold_1445	100.0		True
CONTIG	scaffold_1445	1467	correct
1025618	1027044	1	1427	Nitrosomonas_europaea_NC_004757.1	scaffold_1476	100.0		True
CONTIG	scaffold_1476	1427	correct
451892	453084	1193	1	Nitrosomonas_europaea_NC_004757.1	scaffold_1643	100.0		True
CONTIG	scaffold_1643	1193	correct
1487356	1488421	1	1066	Nitrosomonas_europaea_NC_004757.1	scaffold_1803	100.0		True
CONTIG	scaffold_1803	1066	correct
805209	806258	1	1050	Nitrosomonas_europaea_NC_004757.1	scaffold_1827	100.0		True
CONTIG	scaffold_1827	1050	correct
273208	274225	1018	1	Nitrosomonas_europaea_NC_004757.1	scaffold_1877	100.0		True
CONTIG	scaffold_1877	1018	correct
316298	317302	1005	1	Nitrosomonas_europaea_NC_004757.1	scaffold_1892	100.0		True
CONTIG	scaffold_1892	1005	correct
2536076	2537075	1000	1	Nitrosomonas_europaea_NC_004757.1	scaffold_1897	100.0		True
CONTIG	scaffold_1897	1000	correct
