S1	E1	S2	E2	Reference	Contig	IDY	Ambiguous	Best_group
493546	767701	274156	1	Nitrosomonas_europaea_NC_004757.1	NODE_21_length_274156_cov_7.243522	100.0		True
CONTIG	NODE_21_length_274156_cov_7.243522	274156	correct
4	160809	1	160806	Nitrosomonas_europaea_NC_004757.1	NODE_49_length_160806_cov_6.082417	100.0		True
CONTIG	NODE_49_length_160806_cov_6.082417	160806	correct
1500366	1654558	1	154193	Nitrosomonas_europaea_NC_004757.1	NODE_53_length_154193_cov_6.072657	100.0		True
CONTIG	NODE_53_length_154193_cov_6.072657	154193	correct
1655594	1809694	1	154101	Nitrosomonas_europaea_NC_004757.1	NODE_54_length_154101_cov_6.448838	99.99		True
CONTIG	NODE_54_length_154101_cov_6.448838	154101	correct
885997	1024585	1	138590	Nitrosomonas_europaea_NC_004757.1	NODE_58_length_138590_cov_6.743218	100.0		True
CONTIG	NODE_58_length_138590_cov_6.743218	138590	correct
2419875	2536174	1	116300	Nitrosomonas_europaea_NC_004757.1	NODE_70_length_116300_cov_6.308810	100.0		True
CONTIG	NODE_70_length_116300_cov_6.308810	116300	correct
381666	492428	110763	1	Nitrosomonas_europaea_NC_004757.1	NODE_73_length_110763_cov_6.161697	100.0		True
CONTIG	NODE_73_length_110763_cov_6.161697	110763	correct
1278309	1379545	101236	1	Nitrosomonas_europaea_NC_004757.1	NODE_86_length_101236_cov_6.562692	100.0		True
CONTIG	NODE_86_length_101236_cov_6.562692	101236	correct
2540280	2626494	1	86215	Nitrosomonas_europaea_NC_004757.1	NODE_99_length_86215_cov_8.430083	100.0		True
CONTIG	NODE_99_length_86215_cov_8.430083	86215	correct
1389729	1474917	1	85189	Nitrosomonas_europaea_NC_004757.1	NODE_100_length_85189_cov_6.169268	100.0		True
CONTIG	NODE_100_length_85189_cov_6.169268	85189	correct
300707	380038	79332	1	Nitrosomonas_europaea_NC_004757.1	NODE_102_length_79332_cov_7.486338	99.99		True
CONTIG	NODE_102_length_79332_cov_7.486338	79332	correct
2670034	2748581	1	78548	Nitrosomonas_europaea_NC_004757.1	NODE_103_length_78548_cov_7.950898	99.99		True
CONTIG	NODE_103_length_78548_cov_7.950898	78548	correct
1152921	1230604	77684	1	Nitrosomonas_europaea_NC_004757.1	NODE_105_length_77684_cov_6.492582	100.0		True
CONTIG	NODE_105_length_77684_cov_6.492582	77684	correct
1048806	1124795	1	75990	Nitrosomonas_europaea_NC_004757.1	NODE_108_length_75990_cov_6.055290	100.0		True
CONTIG	NODE_108_length_75990_cov_6.055290	75990	correct
2079787	2155602	1	75816	Nitrosomonas_europaea_NC_004757.1	NODE_109_length_75816_cov_7.949219	99.97		True
CONTIG	NODE_109_length_75816_cov_7.949219	75816	correct
1829364	1902095	72732	1	Nitrosomonas_europaea_NC_004757.1	NODE_115_length_72732_cov_6.467212	100.0		True
CONTIG	NODE_115_length_72732_cov_6.467212	72732	correct
812783	884966	72187	1	Nitrosomonas_europaea_NC_004757.1	NODE_116_length_72187_cov_6.122142	100.0		True
CONTIG	NODE_116_length_72187_cov_6.122142	72187	correct
1903123	1965107	1	61985	Nitrosomonas_europaea_NC_004757.1	NODE_129_length_61985_cov_6.635329	99.99		True
CONTIG	NODE_129_length_61985_cov_6.635329	61985	correct
1231409	1277281	45873	1	Nitrosomonas_europaea_NC_004757.1	NODE_162_length_45873_cov_6.046555	100.0		True
CONTIG	NODE_162_length_45873_cov_6.046555	45873	correct
227521	273249	1	45729	Nitrosomonas_europaea_NC_004757.1	NODE_163_length_45729_cov_6.035196	100.0		True
CONTIG	NODE_163_length_45729_cov_6.035196	45729	correct
2033095	2078759	45665	1	Nitrosomonas_europaea_NC_004757.1	NODE_165_length_45665_cov_6.110938	100.0		True
CONTIG	NODE_165_length_45665_cov_6.110938	45665	correct
2294131	2339564	1	45434	Nitrosomonas_europaea_NC_004757.1	NODE_168_length_45434_cov_6.188530	100.0		True
CONTIG	NODE_168_length_45434_cov_6.188530	45434	correct
2241878	2283678	1	41801	Nitrosomonas_europaea_NC_004757.1	NODE_176_length_41801_cov_6.163062	99.91		True
CONTIG	NODE_176_length_41801_cov_6.163062	41801	correct
2772071	2812091	40021	1	Nitrosomonas_europaea_NC_004757.1	NODE_179_length_40021_cov_8.102775	100.0		True
CONTIG	NODE_179_length_40021_cov_8.102775	40021	correct
1993121	2032067	1	38947	Nitrosomonas_europaea_NC_004757.1	NODE_180_length_38947_cov_6.047158	100.0		True
CONTIG	NODE_180_length_38947_cov_6.047158	38947	correct
2627518	2666277	38760	1	Nitrosomonas_europaea_NC_004757.1	NODE_182_length_38760_cov_6.008510	100.0		True
CONTIG	NODE_182_length_38760_cov_6.008510	38760	correct
2174137	2212231	38095	1	Nitrosomonas_europaea_NC_004757.1	NODE_185_length_38095_cov_9.014028	100.0		True
CONTIG	NODE_185_length_38095_cov_9.014028	38095	correct
2340685	2378240	37556	1	Nitrosomonas_europaea_NC_004757.1	NODE_188_length_37556_cov_6.090290	100.0		True
CONTIG	NODE_188_length_37556_cov_6.090290	37556	correct
2380059	2415260	1	35202	Nitrosomonas_europaea_NC_004757.1	NODE_197_length_35202_cov_6.799077	99.99		True
CONTIG	NODE_197_length_35202_cov_6.799077	35202	correct
197652	199575	1924	1	Nitrosomonas_europaea_NC_004757.1	NODE_202_length_33322_cov_8.017277	99.96		True
relocation, inconsistency = 4602
161664	193049	33322	1925	Nitrosomonas_europaea_NC_004757.1	NODE_202_length_33322_cov_8.017277	99.97		True
CONTIG	NODE_202_length_33322_cov_8.017277	33322	misassembled
772056	805304	33249	1	Nitrosomonas_europaea_NC_004757.1	NODE_203_length_33249_cov_7.019578	100.0		True
CONTIG	NODE_203_length_33249_cov_7.019578	33249	correct
1125747	1151972	1	26226	Nitrosomonas_europaea_NC_004757.1	NODE_227_length_26226_cov_9.343055	100.0		True
CONTIG	NODE_227_length_26226_cov_9.343055	26226	correct
225196	226491	1296	1	Nitrosomonas_europaea_NC_004757.1	NODE_228_length_26076_cov_6.021288	100.0		True
fake: scaffold gap size wrong estimation (local)
200605	225136	26076	1545	Nitrosomonas_europaea_NC_004757.1	NODE_228_length_26076_cov_6.021288	100.0		True
CONTIG	NODE_228_length_26076_cov_6.021288	26076	correct
2215580	2237264	1	21685	Nitrosomonas_europaea_NC_004757.1	NODE_249_length_21685_cov_6.503521	99.98		True
CONTIG	NODE_249_length_21685_cov_6.503521	21685	correct
2749699	2770953	21255	1	Nitrosomonas_europaea_NC_004757.1	NODE_254_length_21255_cov_6.261817	100.0		True
CONTIG	NODE_254_length_21255_cov_6.261817	21255	correct
1966224	1986859	20636	1	Nitrosomonas_europaea_NC_004757.1	NODE_258_length_20636_cov_6.220870	100.0		True
CONTIG	NODE_258_length_20636_cov_6.220870	20636	correct
1810725	1828506	1	17782	Nitrosomonas_europaea_NC_004757.1	NODE_287_length_17782_cov_6.225188	100.0		True
CONTIG	NODE_287_length_17782_cov_6.225188	17782	correct
2156722	2172511	15790	1	Nitrosomonas_europaea_NC_004757.1	NODE_306_length_15790_cov_6.074183	100.0		True
CONTIG	NODE_306_length_15790_cov_6.074183	15790	correct
274273	287803	1	13531	Nitrosomonas_europaea_NC_004757.1	NODE_332_length_13531_cov_12.020325	100.0		True
CONTIG	NODE_332_length_13531_cov_12.020325	13531	correct
1031659	1044555	12897	1	Nitrosomonas_europaea_NC_004757.1	NODE_348_length_12897_cov_5.996406	100.0		True
CONTIG	NODE_348_length_12897_cov_5.996406	12897	correct
1478448	1488422	9975	1	Nitrosomonas_europaea_NC_004757.1	NODE_403_length_9975_cov_5.955751	100.0		True
CONTIG	NODE_403_length_9975_cov_5.955751	9975	correct
1489449	1499333	1	9885	Nitrosomonas_europaea_NC_004757.1	NODE_405_length_9885_cov_6.062641	100.0		True
CONTIG	NODE_405_length_9885_cov_6.062641	9885	correct
290365	299674	9310	1	Nitrosomonas_europaea_NC_004757.1	NODE_423_length_9310_cov_5.925090	100.0		True
CONTIG	NODE_423_length_9310_cov_5.925090	9310	correct
2287008	2293012	6005	1	Nitrosomonas_europaea_NC_004757.1	NODE_552_length_6005_cov_6.281409	100.0		True
CONTIG	NODE_552_length_6005_cov_6.281409	6005	correct
1026947	1031757	1	4811	Nitrosomonas_europaea_NC_004757.1	NODE_619_length_4811_cov_11.969864	100.0		True
CONTIG	NODE_619_length_4811_cov_11.969864	4811	correct
806160	810611	1	4452	Nitrosomonas_europaea_NC_004757.1	NODE_644_length_4452_cov_8.003905	100.0		True
CONTIG	NODE_644_length_4452_cov_8.003905	4452	correct
1987887	1992089	4203	1	Nitrosomonas_europaea_NC_004757.1	NODE_660_length_4203_cov_26.469055	100.0		True
CONTIG	NODE_660_length_4203_cov_26.469055	4203	correct
1385032	1388609	1	3578	Nitrosomonas_europaea_NC_004757.1	NODE_703_length_3578_cov_6.938776	100.0		True
CONTIG	NODE_703_length_3578_cov_6.938776	3578	correct
1045359	1048759	1	3401	Nitrosomonas_europaea_NC_004757.1	NODE_719_length_3401_cov_17.744094	100.0		True
CONTIG	NODE_719_length_3401_cov_17.744094	3401	correct
1380665	1384002	1	3338	Nitrosomonas_europaea_NC_004757.1	NODE_725_length_3338_cov_6.651744	100.0		True
CONTIG	NODE_725_length_3338_cov_6.651744	3338	correct
2416287	2418849	2563	1	Nitrosomonas_europaea_NC_004757.1	NODE_797_length_2563_cov_6.312094	100.0		True
CONTIG	NODE_797_length_2563_cov_6.312094	2563	correct
768817	771299	1	2483	Nitrosomonas_europaea_NC_004757.1	NODE_803_length_2483_cov_6.029362	100.0		True
CONTIG	NODE_803_length_2483_cov_6.029362	2483	correct
2285091	2287106	2016	1	Nitrosomonas_europaea_NC_004757.1	NODE_864_length_2016_cov_12.034950	100.0		True
CONTIG	NODE_864_length_2016_cov_12.034950	2016	correct
2667303	2669006	1	1704	Nitrosomonas_europaea_NC_004757.1	NODE_899_length_1704_cov_6.201869	100.0		True
CONTIG	NODE_899_length_1704_cov_6.201869	1704	correct
1475944	1477412	1469	1	Nitrosomonas_europaea_NC_004757.1	NODE_950_length_1469_cov_5.951095	100.0		True
CONTIG	NODE_950_length_1469_cov_5.951095	1469	correct
1025617	1027045	1	1429	Nitrosomonas_europaea_NC_004757.1	NODE_959_length_1429_cov_6.572932	100.0		True
CONTIG	NODE_959_length_1429_cov_6.572932	1429	correct
492331	493642	1	1312	Nitrosomonas_europaea_NC_004757.1	NODE_984_length_1312_cov_76.690849	100.0		True
CONTIG	NODE_984_length_1312_cov_76.690849	1312	correct
1151874	1153019	1	1146	Nitrosomonas_europaea_NC_004757.1	NODE_1011_length_1146_cov_11.715377	99.91		True
CONTIG	NODE_1011_length_1146_cov_11.715377	1146	correct
273152	274226	1	1075	Nitrosomonas_europaea_NC_004757.1	NODE_1028_length_1075_cov_159.851434	100.0		True
CONTIG	NODE_1028_length_1075_cov_159.851434	1075	correct
160711	161760	1	1050	Nitrosomonas_europaea_NC_004757.1	NODE_1037_length_1050_cov_19.459516	100.0		True
CONTIG	NODE_1037_length_1050_cov_19.459516	1050	correct
2536076	2537076	1001	1	Nitrosomonas_europaea_NC_004757.1	NODE_1047_length_1001_cov_12.120843	100.0		True
CONTIG	NODE_1047_length_1001_cov_12.120843	1001	correct
