S1	E1	S2	E2	Reference	Contig	IDY	Ambiguous	Best_group
1505332	1531559	1	26228	Arcobacter_nitrofigilis_NC_014166.1	scaffold_6	100.0		True
local misassembly
1531838	1754251	26229	248642	Arcobacter_nitrofigilis_NC_014166.1	scaffold_6	100.0		True
CONTIG	scaffold_6	248642	correct
449077	661166	212090	1	Arcobacter_nitrofigilis_NC_014166.1	scaffold_7	100.0		True
CONTIG	scaffold_7	212090	correct
1762601	1945709	183109	1	Arcobacter_nitrofigilis_NC_014166.1	scaffold_9	100.0		True
CONTIG	scaffold_9	183109	correct
2791450	2922069	1	130620	Arcobacter_nitrofigilis_NC_014166.1	scaffold_18	100.0		True
local misassembly
2922402	3081710	130621	289929	Arcobacter_nitrofigilis_NC_014166.1	scaffold_18	100.0		True
CONTIG	scaffold_18	289929	correct
1348048	1443315	95268	1	Arcobacter_nitrofigilis_NC_014166.1	scaffold_24	100.0		True
fake: scaffold gap size wrong estimation (local)
1206303	1347610	236600	95293	Arcobacter_nitrofigilis_NC_014166.1	scaffold_24	100.0		True
local misassembly
1175415	1206024	267210	236601	Arcobacter_nitrofigilis_NC_014166.1	scaffold_24	100.0		True
local misassembly
1173027	1175291	269475	267211	Arcobacter_nitrofigilis_NC_014166.1	scaffold_24	100.0		True
local misassembly
1138226	1172761	304011	269476	Arcobacter_nitrofigilis_NC_014166.1	scaffold_24	100.0		True
local misassembly
1136870	1138016	305158	304012	Arcobacter_nitrofigilis_NC_014166.1	scaffold_24	100.0		True
local misassembly
1116489	1136658	325328	305159	Arcobacter_nitrofigilis_NC_014166.1	scaffold_24	100.0		True
local misassembly
1079225	1116147	362251	325329	Arcobacter_nitrofigilis_NC_014166.1	scaffold_24	100.0		True
fake: scaffold gap size wrong estimation (local)
1072697	1078787	368414	362324	Arcobacter_nitrofigilis_NC_014166.1	scaffold_24	100.0		True
local misassembly
1024649	1072418	416184	368415	Arcobacter_nitrofigilis_NC_014166.1	scaffold_24	100.0		True
CONTIG	scaffold_24	416184	correct
99159	237742	1	138584	Arcobacter_nitrofigilis_NC_014166.1	scaffold_27	100.0		True
CONTIG	scaffold_27	138584	correct
2662037	2790440	128404	1	Arcobacter_nitrofigilis_NC_014166.1	scaffold_29	100.0		True
CONTIG	scaffold_29	128404	correct
2133147	2255245	1	122099	Arcobacter_nitrofigilis_NC_014166.1	scaffold_30	100.0		True
CONTIG	scaffold_30	122099	correct
2538634	2656550	117917	1	Arcobacter_nitrofigilis_NC_014166.1	scaffold_33	100.0		True
CONTIG	scaffold_33	117917	correct
313295	426850	113556	1	Arcobacter_nitrofigilis_NC_014166.1	scaffold_34	100.0		True
CONTIG	scaffold_34	113556	correct
662461	753417	1	90953	Arcobacter_nitrofigilis_NC_014166.1	scaffold_44	99.96		True
local misassembly
753797	795700	90954	132857	Arcobacter_nitrofigilis_NC_014166.1	scaffold_44	99.95		True
local misassembly
796084	896036	132858	232810	Arcobacter_nitrofigilis_NC_014166.1	scaffold_44	100.0		True
local misassembly
896388	898039	232811	234462	Arcobacter_nitrofigilis_NC_014166.1	scaffold_44	100.0		True
local misassembly
898418	950543	234463	286588	Arcobacter_nitrofigilis_NC_014166.1	scaffold_44	100.0		True
local misassembly
950694	951641	286589	287536	Arcobacter_nitrofigilis_NC_014166.1	scaffold_44	100.0		True
local misassembly
951816	951939	287834	287957	Arcobacter_nitrofigilis_NC_014166.1	scaffold_44	97.58		True
CONTIG	scaffold_44	287957	correct
95197	96849	1653	1	Arcobacter_nitrofigilis_NC_014166.1	scaffold_50	100.0		True
local misassembly
3	95006	96657	1654	Arcobacter_nitrofigilis_NC_014166.1	scaffold_50	100.0		True
CONTIG	scaffold_50	96657	correct
1947042	2032436	1	85395	Arcobacter_nitrofigilis_NC_014166.1	scaffold_57	100.0		True
local misassembly
2032654	2034391	85396	87133	Arcobacter_nitrofigilis_NC_014166.1	scaffold_57	100.0		True
local misassembly
2034614	2039409	87134	91929	Arcobacter_nitrofigilis_NC_014166.1	scaffold_57	100.0		True
CONTIG	scaffold_57	91929	correct
2330649	2393420	1	62772	Arcobacter_nitrofigilis_NC_014166.1	scaffold_59	100.0		True
local misassembly
2393758	2477528	62773	146484	Arcobacter_nitrofigilis_NC_014166.1	scaffold_59	99.93		True
local misassembly
2477841	2526712	146485	195356	Arcobacter_nitrofigilis_NC_014166.1	scaffold_59	99.82		True
CONTIG	scaffold_59	195356	correct
3089067	3164219	1	75153	Arcobacter_nitrofigilis_NC_014166.1	scaffold_74	100.0		True
local misassembly
3164407	3167184	75154	77931	Arcobacter_nitrofigilis_NC_014166.1	scaffold_74	100.0		True
CONTIG	scaffold_74	77931	correct
243208	310770	67563	1	Arcobacter_nitrofigilis_NC_014166.1	scaffold_88	100.0		True
CONTIG	scaffold_88	67563	correct
2270976	2325203	54228	1	Arcobacter_nitrofigilis_NC_014166.1	scaffold_117	100.0		True
local misassembly
2256479	2270731	68481	54229	Arcobacter_nitrofigilis_NC_014166.1	scaffold_117	100.0		True
CONTIG	scaffold_117	68481	correct
2039755	2055507	1	15753	Arcobacter_nitrofigilis_NC_014166.1	scaffold_143	100.0		True
local misassembly
2055902	2101060	15754	60912	Arcobacter_nitrofigilis_NC_014166.1	scaffold_143	100.0		True
local misassembly
2101455	2127810	60913	87268	Arcobacter_nitrofigilis_NC_014166.1	scaffold_143	100.0		True
local misassembly
2128156	2131778	87269	90891	Arcobacter_nitrofigilis_NC_014166.1	scaffold_143	100.0		True
CONTIG	scaffold_143	90891	correct
983638	1023639	40002	1	Arcobacter_nitrofigilis_NC_014166.1	scaffold_158	100.0		True
local misassembly
952269	983225	70959	40003	Arcobacter_nitrofigilis_NC_014166.1	scaffold_158	100.0		True
CONTIG	scaffold_158	70959	correct
1456034	1487527	31494	1	Arcobacter_nitrofigilis_NC_014166.1	scaffold_182	100.0		True
local misassembly
1445802	1455754	41447	31495	Arcobacter_nitrofigilis_NC_014166.1	scaffold_182	100.0		True
CONTIG	scaffold_182	41447	correct
3168517	3192213	23697	1	Arcobacter_nitrofigilis_NC_014166.1	scaffold_206	100.0		True
CONTIG	scaffold_206	23697	correct
438284	447929	9646	1	Arcobacter_nitrofigilis_NC_014166.1	scaffold_346	100.0		True
CONTIG	scaffold_346	9646	correct
2528882	2535756	6875	1	Arcobacter_nitrofigilis_NC_014166.1	scaffold_432	100.0		True
CONTIG	scaffold_432	6875	correct
2657155	2662111	1	4957	Arcobacter_nitrofigilis_NC_014166.1	scaffold_536	100.0		True
CONTIG	scaffold_536	4957	correct
1755981	1760871	4891	1	Arcobacter_nitrofigilis_NC_014166.1	scaffold_542	100.0		True
CONTIG	scaffold_542	4891	correct
427500	432371	1	4872	Arcobacter_nitrofigilis_NC_014166.1	scaffold_543	100.0		True
CONTIG	scaffold_543	4872	correct
433666	437634	3969	1	Arcobacter_nitrofigilis_NC_014166.1	scaffold_631	100.0		True
CONTIG	scaffold_631	3969	correct
1498625	1500194	1	1570	Arcobacter_nitrofigilis_NC_014166.1	scaffold_859	100.0		True
local misassembly
1500605	1503432	1571	4398	Arcobacter_nitrofigilis_NC_014166.1	scaffold_859	100.0		True
CONTIG	scaffold_859	4398	correct
2536349	2538041	1693	1	Arcobacter_nitrofigilis_NC_014166.1	scaffold_1305	100.0		True
CONTIG	scaffold_1305	1693	correct
1760774	1762459	1686	1	Arcobacter_nitrofigilis_NC_014166.1	scaffold_1308	100.0		True
CONTIG	scaffold_1308	1686	correct
1489120	1490440	1	1321	Arcobacter_nitrofigilis_NC_014166.1	scaffold_1432	100.0		True
fake: scaffold gap size wrong estimation (local)
1490848	1492336	1383	2871	Arcobacter_nitrofigilis_NC_014166.1	scaffold_1432	100.0		True
CONTIG	scaffold_1432	2871	correct
2255260	2256464	1205	1	Arcobacter_nitrofigilis_NC_014166.1	scaffold_1623	100.0		True
CONTIG	scaffold_1623	1205	correct
3167101	3168290	1190	1	Arcobacter_nitrofigilis_NC_014166.1	scaffold_1646	100.0		True
CONTIG	scaffold_1646	1190	correct
1945626	1946815	1	1190	Arcobacter_nitrofigilis_NC_014166.1	scaffold_1648	100.0		True
CONTIG	scaffold_1648	1190	correct
661564	662558	1	995	Arcobacter_nitrofigilis_NC_014166.1	scaffold_1908	99.6		True
CONTIG	scaffold_1908	995	correct
448193	449174	982	1	Arcobacter_nitrofigilis_NC_014166.1	scaffold_1931	100.0		True
CONTIG	scaffold_1931	982	correct
2131692	2132673	1	982	Arcobacter_nitrofigilis_NC_014166.1	scaffold_1932	100.0		True
CONTIG	scaffold_1932	982	correct
426753	427597	1	845	Arcobacter_nitrofigilis_NC_014166.1	scaffold_2130	100.0		True
CONTIG	scaffold_2130	845	correct
1494084	1494914	1	831	Arcobacter_nitrofigilis_NC_014166.1	scaffold_2159	100.0		True
CONTIG	scaffold_2159	831	correct
1504339	1505138	1	800	Arcobacter_nitrofigilis_NC_014166.1	scaffold_2215	100.0		True
CONTIG	scaffold_2215	800	correct
3082858	3083619	1	762	Arcobacter_nitrofigilis_NC_014166.1	scaffold_2297	100.0		True
CONTIG	scaffold_2297	762	correct
2790805	2791547	743	1	Arcobacter_nitrofigilis_NC_014166.1	scaffold_2340	100.0		True
CONTIG	scaffold_2340	743	correct
2325106	2325807	1	702	Arcobacter_nitrofigilis_NC_014166.1	scaffold_2433	100.0		True
CONTIG	scaffold_2433	702	correct
1494817	1495493	1	677	Arcobacter_nitrofigilis_NC_014166.1	scaffold_2486	100.0		True
CONTIG	scaffold_2486	677	correct
312323	312960	638	1	Arcobacter_nitrofigilis_NC_014166.1	scaffold_2584	100.0		True
CONTIG	scaffold_2584	638	correct
1496457	1497091	1	635	Arcobacter_nitrofigilis_NC_014166.1	scaffold_2596	100.0		True
CONTIG	scaffold_2596	635	correct
1347513	1348145	1	633	Arcobacter_nitrofigilis_NC_014166.1	scaffold_2602	100.0		True
CONTIG	scaffold_2602	633	correct
311462	312013	1	552	Arcobacter_nitrofigilis_NC_014166.1	scaffold_2826	100.0		True
CONTIG	scaffold_2826	552	correct
97916	98467	552	1	Arcobacter_nitrofigilis_NC_014166.1	scaffold_2828	100.0		True
CONTIG	scaffold_2828	552	correct
2132688	2133233	546	1	Arcobacter_nitrofigilis_NC_014166.1	scaffold_2839	100.0		True
CONTIG	scaffold_2839	546	correct
1024187	1024716	1	530	Arcobacter_nitrofigilis_NC_014166.1	scaffold_2888	100.0		True
CONTIG	scaffold_2888	530	correct
2790373	2790902	530	1	Arcobacter_nitrofigilis_NC_014166.1	scaffold_2890	100.0		True
CONTIG	scaffold_2890	530	correct
312863	313392	530	1	Arcobacter_nitrofigilis_NC_014166.1	scaffold_2893	100.0		True
CONTIG	scaffold_2893	530	correct
97509	98013	1	505	Arcobacter_nitrofigilis_NC_014166.1	scaffold_2966	100.0		True
CONTIG	scaffold_2966	505	correct
