S1	E1	S2	E2	Reference	Contig	IDY	Ambiguous	Best_group
795616	1443763	1	648167	Arcobacter_nitrofigilis_NC_014166.1	NODE_4_length_690942_cov_5.454248	100.0		True
relocation, inconsistency = 2136
1445900	1488674	648168	690942	Arcobacter_nitrofigilis_NC_014166.1	NODE_4_length_690942_cov_5.454248	99.99		True
CONTIG	NODE_4_length_690942_cov_5.454248	690942	misassembled
1502226	2055492	553255	1	Arcobacter_nitrofigilis_NC_014166.1	NODE_6_length_554348_cov_5.517190	99.96		True
CONTIG	NODE_6_length_554348_cov_5.517190	554348	correct
753617	795682	42066	1	Arcobacter_nitrofigilis_NC_014166.1	NODE_7_length_552576_cov_5.435327	100.0		True
fake: scaffold gap size wrong estimation (local)
243207	753616	552576	42167	Arcobacter_nitrofigilis_NC_014166.1	NODE_7_length_552576_cov_5.435327	99.98		True
CONTIG	NODE_7_length_552576_cov_5.435327	552576	correct
2662036	3083654	421619	1	Arcobacter_nitrofigilis_NC_014166.1	NODE_12_length_421619_cov_5.413029	100.0		True
CONTIG	NODE_12_length_421619_cov_5.413029	421619	correct
2330648	2526713	1	196112	Arcobacter_nitrofigilis_NC_014166.1	NODE_18_length_324225_cov_5.451636	99.99		True
fake: scaffold gap size wrong estimation (extensive)
2528539	2656551	196213	324225	Arcobacter_nitrofigilis_NC_014166.1	NODE_18_length_324225_cov_5.451636	100.0		True
CONTIG	NODE_18_length_324225_cov_5.451636	324225	correct
3	237743	1	237741	Arcobacter_nitrofigilis_NC_014166.1	NODE_35_length_237741_cov_5.423195	100.0		True
CONTIG	NODE_35_length_237741_cov_5.423195	237741	correct
2132687	2271014	1	138328	Arcobacter_nitrofigilis_NC_014166.1	NODE_59_length_138328_cov_5.534562	100.0		True
CONTIG	NODE_59_length_138328_cov_5.534562	138328	correct
2055555	2132658	1	77104	Arcobacter_nitrofigilis_NC_014166.1	NODE_106_length_77104_cov_5.282735	100.0		True
CONTIG	NODE_106_length_77104_cov_5.282735	77104	correct
3089066	3164220	75155	1	Arcobacter_nitrofigilis_NC_014166.1	NODE_110_length_75155_cov_5.357000	100.0		True
CONTIG	NODE_110_length_75155_cov_5.357000	75155	correct
2270975	2325204	54230	1	Arcobacter_nitrofigilis_NC_014166.1	NODE_141_length_54230_cov_5.359406	100.0		True
CONTIG	NODE_141_length_54230_cov_5.359406	54230	correct
3164167	3192213	28047	1	Arcobacter_nitrofigilis_NC_014166.1	NODE_219_length_28047_cov_5.451124	99.99		True
CONTIG	NODE_219_length_28047_cov_5.451124	28047	correct
237668	243274	1	5607	Arcobacter_nitrofigilis_NC_014166.1	NODE_567_length_5607_cov_22.478758	99.96		True
CONTIG	NODE_567_length_5607_cov_22.478758	5607	correct
1488591	1492337	1	3747	Arcobacter_nitrofigilis_NC_014166.1	NODE_688_length_3747_cov_5.590461	100.0		True
CONTIG	NODE_688_length_3747_cov_5.590461	3747	correct
1498808	1500187	1380	1	Arcobacter_nitrofigilis_NC_014166.1	NODE_969_length_1380_cov_5.637783	100.0		True
CONTIG	NODE_969_length_1380_cov_5.637783	1380	correct
