Assembly	spades_assembly	spades_assembly.m1000	idbaud_assembly	idbaud_assembly.m1000
# misassemblies	1	1	0	0
  # contig misassemblies	1	1	0	0
    # c. relocations	1	1	0	0
    # c. translocations	0	0	0	0
    # c. inversions	0	0	0	0
  # scaffold misassemblies	0	0	0	0
    # s. relocations	0	0	0	0
    # s. translocations	0	0	0	0
    # s. inversions	0	0	0	0
# misassembled contigs	1	1	0	0
Misassembled contigs length	690942	690942	0	0
# possibly misassembled contigs	0	0	0	0
    # possible misassemblies	0	0	0	0
# local misassemblies	0	0	28	28
# scaffold gap ext. mis.	1	1	0	0
# scaffold gap loc. mis.	1	1	3	3
# unaligned mis. contigs	0	0	0	0
# mismatches	284	284	11	7
# indels	20	20	6	6
    # indels (<= 5 bp)	14	14	3	3
    # indels (> 5 bp)	6	6	3	3
Indels length	113	113	93	93
