Assembly	spades_assembly	spades_assembly.m1000	idbaud_assembly	idbaud_assembly.m1000
# contigs (>= 1000 bp)	100	100	106	106
# contigs (>= 5000 bp)	74	74	79	79
# contigs (>= 10000 bp)	60	60	58	58
# contigs (>= 25000 bp)	33	33	36	36
# contigs (>= 50000 bp)	21	21	20	20
Total length (>= 1000 bp)	3293358	3293358	3263102	3263102
Total length (>= 5000 bp)	3228154	3228154	3200657	3200657
Total length (>= 10000 bp)	3125337	3125337	3040337	3040337
Total length (>= 25000 bp)	2673628	2673628	2699451	2699451
Total length (>= 50000 bp)	2216569	2216569	2093264	2093264
# contigs	109	100	125	106
Largest contig	254365	254365	224973	224973
Total length	3299615	3293358	3275934	3263102
Reference length	3402093	3402093	3402093	3402093
GC (%)	62.05	62.05	62.06	62.06
Reference GC (%)	62.05	62.05	62.05	62.05
N50	83592	83592	72198	72198
NG50	67081	67081	63231	63231
N75	41061	41061	36862	40508
NG75	32886	32886	31242	31242
L50	12	12	13	13
LG50	13	13	14	14
L75	27	27	29	28
LG75	29	29	31	31
# misassemblies	0	0	0	0
# misassembled contigs	0	0	0	0
Misassembled contigs length	0	0	0	0
# local misassemblies	1	0	23	23
# scaffold gap ext. mis.	0	0	0	0
# scaffold gap loc. mis.	0	0	4	4
# unaligned mis. contigs	0	0	0	0
# unaligned contigs	0 + 0 part	0 + 0 part	0 + 0 part	0 + 0 part
Unaligned length	0	0	0	0
Genome fraction (%)	96.927	96.761	96.177	95.820
Duplication ratio	1.001	1.000	1.001	1.001
# N's per 100 kbp	0.61	0.30	29.61	29.73
# mismatches per 100 kbp	2.55	2.55	0.09	0.06
# indels per 100 kbp	0.21	0.21	0.00	0.00
Largest alignment	254365	254365	223855	223855
Total aligned length	3299600	3293353	3273845	3261013
NA50	83592	83592	72198	72198
NGA50	67081	67081	63231	63231
NA75	41061	41061	36862	40508
NGA75	32886	32886	31242	31242
LA50	12	12	13	13
LGA50	13	13	14	14
LA75	27	27	29	28
LGA75	29	29	31	31
