S1	E1	S2	E2	Reference	Contig	IDY	Ambiguous	Best_group
332688	442820	110241	1	Vibrio_cholerae_NZ_CP038178.1	NODE_8_length_536382_cov_2.816442	99.87		True
indel: stretch of mismatches
1	332687	442936	110242	Vibrio_cholerae_NZ_CP038178.1	NODE_8_length_536382_cov_2.816442	99.99		True
relocation, inconsistency = -2994 [linear representation of circular genome]
2962563	3052917	536382	446031	Vibrio_cholerae_NZ_CP038178.1	NODE_8_length_536382_cov_2.816442	99.99		True
CONTIG	NODE_8_length_536382_cov_2.816442	536382	misassembled
2028155	2244533	216387	1	Vibrio_cholerae_NZ_CP038178.1	NODE_11_length_452078_cov_2.819250	99.99		True
relocation, inconsistency = 1313
1791157	2026841	452078	216388	Vibrio_cholerae_NZ_CP038178.1	NODE_11_length_452078_cov_2.819250	99.99		True
CONTIG	NODE_11_length_452078_cov_2.819250	452078	misassembled
2733739	2885701	151996	1	Vibrio_cholerae_NZ_CP038178.1	NODE_15_length_349952_cov_2.838341	99.99		True
fake: scaffold gap size wrong estimation (extensive)
2531988	2729840	349952	152097	Vibrio_cholerae_NZ_CP038178.1	NODE_15_length_349952_cov_2.838341	99.99		True
CONTIG	NODE_15_length_349952_cov_2.838341	349952	correct
2246927	2530142	283234	1	Vibrio_cholerae_NZ_CP038178.1	NODE_20_length_283234_cov_2.813891	99.99		True
CONTIG	NODE_20_length_283234_cov_2.813891	283234	correct
973049	998950	25902	1	Vibrio_cholerae_NZ_CP038178.1	NODE_23_length_259462_cov_2.797901	100.0		True
relocation, inconsistency = -13120
811349	971792	200717	40279	Vibrio_cholerae_NZ_CP038178.1	NODE_23_length_259462_cov_2.797901	99.99		True
relocation, inconsistency = 99141
653463	712207	259462	200718	Vibrio_cholerae_NZ_CP038178.1	NODE_23_length_259462_cov_2.797901	99.99		True
CONTIG	NODE_23_length_259462_cov_2.797901	259462	misassembled
1539639	1785904	246638	387	Vibrio_cholerae_NZ_CP038178.1	NODE_32_length_246638_cov_2.803496	99.99		True
CONTIG	NODE_32_length_246638_cov_2.803496	246638	correct
480260	648196	167950	1	Vibrio_cholerae_NZ_CP038178.1	NODE_46_length_167950_cov_2.768652	99.98		True
CONTIG	NODE_46_length_167950_cov_2.768652	167950	correct
1249827	1356037	96	106327	Vibrio_cholerae_NZ_CP038178.1	NODE_77_length_106327_cov_2.861317	100.0		True
CONTIG	NODE_77_length_106327_cov_2.861317	106327	correct
999256	1095175	95949	1	Vibrio_cholerae_NZ_CP038178.1	NODE_89_length_95949_cov_2.811028	99.96		True
CONTIG	NODE_89_length_95949_cov_2.811028	95949	correct
1442375	1534417	1	92050	Vibrio_cholerae_NZ_CP038178.1	NODE_93_length_92050_cov_2.834183	99.99		True
CONTIG	NODE_93_length_92050_cov_2.834183	92050	correct
1189518	1249832	1	60315	Vibrio_cholerae_NZ_CP038178.1	NODE_132_length_60407_cov_2.892170	100.0		True
CONTIG	NODE_132_length_60407_cov_2.892170	60407	correct
1383477	1437157	53681	1	Vibrio_cholerae_NZ_CP038178.1	NODE_144_length_53681_cov_2.870479	99.99		True
CONTIG	NODE_144_length_53681_cov_2.870479	53681	correct
2910236	2961915	1	51688	Vibrio_cholerae_NZ_CP038178.1	NODE_146_length_51688_cov_2.789141	100.0		True
CONTIG	NODE_146_length_51688_cov_2.789141	51688	correct
1131508	1176959	45460	1	Vibrio_cholerae_NZ_CP038178.1	NODE_167_length_45460_cov_2.717136	99.99		True
CONTIG	NODE_167_length_45460_cov_2.717136	45460	correct
442802	479883	37097	1	Vibrio_cholerae_NZ_CP038178.1	NODE_191_length_37097_cov_2.729445	99.99		True
CONTIG	NODE_191_length_37097_cov_2.729445	37097	correct
1361399	1383442	1	22044	Vibrio_cholerae_NZ_CP038178.1	NODE_247_length_22044_cov_2.802871	100.0		True
CONTIG	NODE_247_length_22044_cov_2.802871	22044	correct
1111725	1131606	19882	1	Vibrio_cholerae_NZ_CP038178.1	NODE_263_length_19882_cov_3.075519	99.98		True
CONTIG	NODE_263_length_19882_cov_3.075519	19882	correct
1177943	1183926	5984	1	Vibrio_cholerae_NZ_CP038178.1	NODE_554_length_5984_cov_2.661682	100.0		True
CONTIG	NODE_554_length_5984_cov_2.661682	5984	correct
2903383	2908043	1	4655	Vibrio_cholerae_NZ_CP038178.1	NODE_620_length_4747_cov_3.195138	99.76		True
CONTIG	NODE_620_length_4747_cov_3.195138	4747	correct
2893889	2897867	3981	1	Vibrio_cholerae_NZ_CP038178.1	NODE_671_length_3981_cov_4.858063	99.92		True
CONTIG	NODE_671_length_3981_cov_4.858063	3981	correct
1184052	1187549	1	3499	Vibrio_cholerae_NZ_CP038178.1	NODE_707_length_3499_cov_22.415294	99.91		True
CONTIG	NODE_707_length_3499_cov_22.415294	3499	correct
2908046	2910211	1	2166	Vibrio_cholerae_NZ_CP038178.1	NODE_843_length_2166_cov_3.133043	99.95		True
CONTIG	NODE_843_length_2166_cov_3.133043	2166	correct
2898395	2900383	1	1989	Vibrio_cholerae_NZ_CP038178.1	NODE_868_length_1989_cov_5.853968	99.85		True
CONTIG	NODE_868_length_1989_cov_5.853968	1989	correct
651697	653392	1	1696	Vibrio_cholerae_NZ_CP038178.1	NODE_906_length_1696_cov_19.996243	99.88		True
CONTIG	NODE_906_length_1696_cov_19.996243	1696	correct
268859	270041	1	1183	Vibrio_cholerae_NZ_CP038179.1	NODE_1003_length_1183_cov_16.758303	100.0		True
CONTIG	NODE_1003_length_1183_cov_16.758303	1183	correct
570313	905692	1	335386	Vibrio_cholerae_NZ_CP038179.1	NODE_16_length_335386_cov_2.828693	99.98		True
CONTIG	NODE_16_length_335386_cov_2.828693	335386	correct
1	130845	130972	1	Vibrio_cholerae_NZ_CP038179.1	NODE_30_length_251758_cov_2.829480	99.97		True
fake: not a misassembly [linear representation of circular genome]
926900	1047683	251758	130973	Vibrio_cholerae_NZ_CP038179.1	NODE_30_length_251758_cov_2.829480	99.99		True
CONTIG	NODE_30_length_251758_cov_2.829480	251758	correct
393013	569249	1	176256	Vibrio_cholerae_NZ_CP038179.1	NODE_42_length_176256_cov_2.844281	99.98		True
CONTIG	NODE_42_length_176256_cov_2.844281	176256	correct
269946	341497	1	71553	Vibrio_cholerae_NZ_CP038179.1	NODE_117_length_71553_cov_2.852437	99.99		True
CONTIG	NODE_117_length_71553_cov_2.852437	71553	correct
341439	392789	1	51352	Vibrio_cholerae_NZ_CP038179.1	NODE_147_length_51352_cov_2.724289	99.99		True
CONTIG	NODE_147_length_51352_cov_2.724289	51352	correct
130874	159652	28779	1	Vibrio_cholerae_NZ_CP038179.1	NODE_216_length_28779_cov_2.902301	99.98		True
CONTIG	NODE_216_length_28779_cov_2.902301	28779	correct
905709	925445	1	19738	Vibrio_cholerae_NZ_CP038179.1	NODE_267_length_19738_cov_2.785732	99.99		True
CONTIG	NODE_267_length_19738_cov_2.785732	19738	correct
256070	265322	9253	1	Vibrio_cholerae_NZ_CP038179.1	NODE_424_length_9253_cov_3.393489	99.97		True
CONTIG	NODE_424_length_9253_cov_3.393489	9253	correct
175565	180094	4564	35	Vibrio_cholerae_NZ_CP038179.1	NODE_446_length_8739_cov_3.268287	100.0		True
fake: scaffold gap size wrong estimation (local)
171225	175389	8739	4575	Vibrio_cholerae_NZ_CP038179.1	NODE_446_length_8739_cov_3.268287	99.98		True
CONTIG	NODE_446_length_8739_cov_3.268287	8739	correct
160652	168933	8336	91	Vibrio_cholerae_NZ_CP038179.1	NODE_458_length_8336_cov_2.701348	99.57		True
CONTIG	NODE_458_length_8336_cov_2.701348	8336	correct
235781	243802	8022	1	Vibrio_cholerae_NZ_CP038179.1	NODE_472_length_8022_cov_2.735201	99.94		True
CONTIG	NODE_472_length_8022_cov_2.735201	8022	correct
181013	181822	178	987	Vibrio_cholerae_NZ_CP038179.1	NODE_501_length_7089_cov_3.101431	99.01		True
unknown
223951	224073	3191	3313	Vibrio_cholerae_NZ_CP038179.1	NODE_501_length_7089_cov_3.101431	97.56		True
unknown
224607	224728	3861	3982	Vibrio_cholerae_NZ_CP038179.1	NODE_501_length_7089_cov_3.101431	96.72		True
unknown
225951	226098	5231	5378	Vibrio_cholerae_NZ_CP038179.1	NODE_501_length_7089_cov_3.101431	95.27		True
unknown
CONTIG	NODE_501_length_7089_cov_3.101431	7089	mis_unaligned
224110	228611	1	4502	Vibrio_cholerae_NZ_CP038179.1	NODE_502_length_7069_cov_2.914921	99.96		True
relocation, inconsistency = 30300
260730	261392	6321	6982	Vibrio_cholerae_NZ_CP038179.1	NODE_502_length_7069_cov_2.914921	96.68		True
CONTIG	NODE_502_length_7069_cov_2.914921	7069	misassembled
207560	209109	1550	1	Vibrio_cholerae_NZ_CP038179.1	NODE_549_length_6059_cov_3.093289	98.75		True
relocation, inconsistency = -28320
232604	235879	4826	1551	Vibrio_cholerae_NZ_CP038179.1	NODE_549_length_6059_cov_3.093289	99.79		True
local misassembly
232169	232416	5074	4827	Vibrio_cholerae_NZ_CP038179.1	NODE_549_length_6059_cov_3.093289	100.0		True
relocation, scaffold gap is present, inconsistency = -20615
251799	252773	6059	5085	Vibrio_cholerae_NZ_CP038179.1	NODE_549_length_6059_cov_3.093289	100.0		True
CONTIG	NODE_549_length_6059_cov_3.093289	6059	misassembled
243526	244125	53	654	Vibrio_cholerae_NZ_CP038179.1	NODE_641_length_4495_cov_3.099636	97.34		True
CONTIG	NODE_641_length_4495_cov_3.099636	4495	correct_unaligned
189329	193483	1	4100	Vibrio_cholerae_NZ_CP038179.1	NODE_665_length_4100_cov_2.826043	98.46		True
CONTIG	NODE_665_length_4100_cov_2.826043	4100	correct
173465	173589	435	558	Vibrio_cholerae_NZ_CP038179.1	NODE_667_length_4048_cov_3.082046	96.0		True
unknown
175426	175613	2402	2589	Vibrio_cholerae_NZ_CP038179.1	NODE_667_length_4048_cov_3.082046	98.4		True
unknown
267051	267823	2574	3346	Vibrio_cholerae_NZ_CP038179.1	NODE_667_length_4048_cov_3.082046	96.9		True
unknown
228069	228778	3328	4048	Vibrio_cholerae_NZ_CP038179.1	NODE_667_length_4048_cov_3.082046	98.34		True
unknown
CONTIG	NODE_667_length_4048_cov_3.082046	4048	mis_unaligned
203317	207331	1	4025	Vibrio_cholerae_NZ_CP038179.1	NODE_669_length_4025_cov_3.601375	99.98		True
CONTIG	NODE_669_length_4025_cov_3.601375	4025	correct
197333	200630	1	3298	Vibrio_cholerae_NZ_CP038179.1	NODE_732_length_3298_cov_4.208815	99.91		True
CONTIG	NODE_732_length_3298_cov_4.208815	3298	correct
194947	197419	1	2473	Vibrio_cholerae_NZ_CP038179.1	NODE_751_length_3020_cov_4.113317	99.92		True
relocation, inconsistency = -9113
188307	188853	2474	3020	Vibrio_cholerae_NZ_CP038179.1	NODE_751_length_3020_cov_4.113317	99.5		True
CONTIG	NODE_751_length_3020_cov_4.113317	3020	misassembled
211521	214419	1	2899	Vibrio_cholerae_NZ_CP038179.1	NODE_764_length_2899_cov_2.668929	100.0		True
CONTIG	NODE_764_length_2899_cov_2.668929	2899	correct
216267	218803	2537	1	Vibrio_cholerae_NZ_CP038179.1	NODE_800_length_2537_cov_3.034865	99.96		True
CONTIG	NODE_800_length_2537_cov_3.034865	2537	correct
181697	182485	1154	366	Vibrio_cholerae_NZ_CP038179.1	NODE_806_length_2430_cov_3.483054	96.7		True
relocation, inconsistency = -60012
240446	241035	2418	1828	Vibrio_cholerae_NZ_CP038179.1	NODE_806_length_2430_cov_3.483054	95.43		True
CONTIG	NODE_806_length_2430_cov_3.483054	2430	misassembled
243954	246372	2419	1	Vibrio_cholerae_NZ_CP038179.1	NODE_808_length_2419_cov_3.765948	99.83		True
CONTIG	NODE_808_length_2419_cov_3.765948	2419	correct
220595	221441	847	1	Vibrio_cholerae_NZ_CP038179.1	NODE_809_length_2417_cov_2.477135	99.65		True
fake: scaffold gap size wrong estimation (local)
219761	220688	2417	1490	Vibrio_cholerae_NZ_CP038179.1	NODE_809_length_2417_cov_2.477135	99.57		True
CONTIG	NODE_809_length_2417_cov_2.477135	2417	correct
186953	187718	766	1	Vibrio_cholerae_NZ_CP038179.1	NODE_825_length_2291_cov_2.746350	99.03		True
local misassembly
185793	186785	1759	767	Vibrio_cholerae_NZ_CP038179.1	NODE_825_length_2291_cov_2.746350	100.0		True
relocation, inconsistency = 1313
183948	184479	2291	1760	Vibrio_cholerae_NZ_CP038179.1	NODE_825_length_2291_cov_2.746350	100.0		True
CONTIG	NODE_825_length_2291_cov_2.746350	2291	misassembled
229635	231837	1	2203	Vibrio_cholerae_NZ_CP038179.1	NODE_839_length_2203_cov_2.831274	100.0		True
CONTIG	NODE_839_length_2203_cov_2.831274	2203	correct
201908	202298	391	1	Vibrio_cholerae_NZ_CP038179.1	NODE_883_length_1876_cov_4.381542	99.76		True
relocation, inconsistency = -65266
265689	267173	1876	392	Vibrio_cholerae_NZ_CP038179.1	NODE_883_length_1876_cov_4.381542	100.0		True
CONTIG	NODE_883_length_1876_cov_4.381542	1876	misassembled
248140	249954	1	1815	Vibrio_cholerae_NZ_CP038179.1	NODE_887_length_1815_cov_2.857226	100.0		True
CONTIG	NODE_887_length_1815_cov_2.857226	1815	correct
211521	211613	1	93	Vibrio_cholerae_NZ_CP038179.1	NODE_928_length_1593_cov_2.585676	100.0		True
relocation, inconsistency = -42689
168925	170424	94	1593	Vibrio_cholerae_NZ_CP038179.1	NODE_928_length_1593_cov_2.585676	100.0		True
CONTIG	NODE_928_length_1593_cov_2.585676	1593	misassembled
221721	223277	1	1557	Vibrio_cholerae_NZ_CP038179.1	NODE_934_length_1557_cov_2.697531	100.0		True
CONTIG	NODE_934_length_1557_cov_2.697531	1557	correct
210238	211619	1	1381	Vibrio_cholerae_NZ_CP038179.1	NODE_968_length_1381_cov_5.627145	99.93		True
CONTIG	NODE_968_length_1381_cov_5.627145	1381	correct
174524	174677	165	13	Vibrio_cholerae_NZ_CP038179.1	NODE_973_length_1364_cov_2.754150	95.45		True
relocation, inconsistency = -79892
253217	254059	1364	522	Vibrio_cholerae_NZ_CP038179.1	NODE_973_length_1364_cov_2.754150	99.76		True
CONTIG	NODE_973_length_1364_cov_2.754150	1364	misassembled
159554	160750	1197	1	Vibrio_cholerae_NZ_CP038179.1	NODE_999_length_1197_cov_5.938069	100.0		True
CONTIG	NODE_999_length_1197_cov_5.938069	1197	correct
182293	183484	1192	1	Vibrio_cholerae_NZ_CP038179.1	NODE_1001_length_1192_cov_5.286368	100.0		True
CONTIG	NODE_1001_length_1192_cov_5.286368	1192	correct
267715	268881	1	1167	Vibrio_cholerae_NZ_CP038179.1	NODE_1008_length_1167_cov_4.143258	100.0		True
CONTIG	NODE_1008_length_1167_cov_4.143258	1167	correct
209238	210336	1	1099	Vibrio_cholerae_NZ_CP038179.1	NODE_1024_length_1099_cov_2.235000	99.82		True
CONTIG	NODE_1024_length_1099_cov_2.235000	1099	correct
228680	229733	1	1054	Vibrio_cholerae_NZ_CP038179.1	NODE_1033_length_1054_cov_5.994764	100.0		True
CONTIG	NODE_1033_length_1054_cov_5.994764	1054	correct
202395	203444	1	1049	Vibrio_cholerae_NZ_CP038179.1	NODE_1038_length_1049_cov_2.818947	99.81		True
CONTIG	NODE_1038_length_1049_cov_2.818947	1049	correct
