S1	E1	S2	E2	Reference	Contig	IDY	Ambiguous	Best_group
1791158	2026841	1	235681	Vibrio_cholerae_NZ_CP038178.1	scaffold_1	99.99		True
relocation, inconsistency = 1313
2028155	2136451	235682	343976	Vibrio_cholerae_NZ_CP038178.1	scaffold_1	99.99		True
CONTIG	scaffold_1	343976	misassembled
1539640	1785916	1	246275	Vibrio_cholerae_NZ_CP038178.1	scaffold_3	99.99		True
CONTIG	scaffold_3	246275	correct
2531947	2729839	1	197896	Vibrio_cholerae_NZ_CP038178.1	scaffold_8	99.99		True
CONTIG	scaffold_8	197896	correct
653557	712207	1	58651	Vibrio_cholerae_NZ_CP038178.1	scaffold_12	99.99		True
relocation, inconsistency = 99141
811349	933666	58652	180968	Vibrio_cholerae_NZ_CP038178.1	scaffold_12	99.99		True
local misassembly
933948	955586	180969	202607	Vibrio_cholerae_NZ_CP038178.1	scaffold_12	99.93		True
local misassembly
955871	971792	202608	218527	Vibrio_cholerae_NZ_CP038178.1	scaffold_12	99.98		True
relocation, inconsistency = -13120
973049	999270	232904	259125	Vibrio_cholerae_NZ_CP038178.1	scaffold_12	100.0		True
CONTIG	scaffold_12	259125	misassembled
480261	648195	167939	1	Vibrio_cholerae_NZ_CP038178.1	scaffold_13	99.98		True
local misassembly
463412	479830	184358	167940	Vibrio_cholerae_NZ_CP038178.1	scaffold_13	100.0		True
local misassembly
461510	463261	186110	184359	Vibrio_cholerae_NZ_CP038178.1	scaffold_13	100.0		True
local misassembly
442989	461126	204249	186111	Vibrio_cholerae_NZ_CP038178.1	scaffold_13	99.99		True
local misassembly
332438	442650	314399	204250	Vibrio_cholerae_NZ_CP038178.1	scaffold_13	99.89		True
local misassembly
316029	332197	330567	314400	Vibrio_cholerae_NZ_CP038178.1	scaffold_13	99.99		True
local misassembly
214494	315714	431787	330568	Vibrio_cholerae_NZ_CP038178.1	scaffold_13	99.99		True
local misassembly
36746	214209	609252	431788	Vibrio_cholerae_NZ_CP038178.1	scaffold_13	99.99		True
local misassembly
1	36525	645776	609253	Vibrio_cholerae_NZ_CP038178.1	scaffold_13	99.99		True
relocation, inconsistency = -2994 [linear representation of circular genome]
2962564	3052917	739221	648871	Vibrio_cholerae_NZ_CP038178.1	scaffold_13	99.99		True
CONTIG	scaffold_13	739221	misassembled
2398388	2530141	131753	1	Vibrio_cholerae_NZ_CP038178.1	scaffold_21	99.99		True
local misassembly
2246927	2398245	283070	131754	Vibrio_cholerae_NZ_CP038178.1	scaffold_21	99.99		True
CONTIG	scaffold_21	283070	correct
1249827	1251595	95	1863	Vibrio_cholerae_NZ_CP038178.1	scaffold_38	100.0		True
local misassembly
1251789	1356046	1864	106124	Vibrio_cholerae_NZ_CP038178.1	scaffold_38	99.99		True
CONTIG	scaffold_38	106124	correct
2893889	2898492	4606	1	Vibrio_cholerae_NZ_CP038178.1	scaffold_46	99.93		True
relocation, inconsistency = 7554
2786869	2886153	104068	4788	Vibrio_cholerae_NZ_CP038178.1	scaffold_46	99.99		True
local misassembly
2734082	2786600	156588	104069	Vibrio_cholerae_NZ_CP038178.1	scaffold_46	99.99		True
CONTIG	scaffold_46	156588	misassembled
2148077	2244533	96458	1	Vibrio_cholerae_NZ_CP038178.1	scaffold_48	99.99		True
local misassembly
2137176	2147947	107230	96459	Vibrio_cholerae_NZ_CP038178.1	scaffold_48	100.0		True
CONTIG	scaffold_48	107230	correct
1000352	1095121	1	94799	Vibrio_cholerae_NZ_CP038178.1	scaffold_51	99.96		True
CONTIG	scaffold_51	94799	correct
1442376	1534414	1	92046	Vibrio_cholerae_NZ_CP038178.1	scaffold_53	99.99		True
CONTIG	scaffold_53	92046	correct
1189519	1249832	1	60314	Vibrio_cholerae_NZ_CP038178.1	scaffold_107	100.0		True
CONTIG	scaffold_107	60405	correct
1383477	1437304	53828	1	Vibrio_cholerae_NZ_CP038178.1	scaffold_119	100.0		True
CONTIG	scaffold_119	53828	correct
2908079	2961107	53028	1	Vibrio_cholerae_NZ_CP038178.1	scaffold_122	99.99		True
CONTIG	scaffold_122	53028	correct
1131509	1176965	1	45456	Vibrio_cholerae_NZ_CP038178.1	scaffold_144	99.99		True
CONTIG	scaffold_144	45456	correct
1361400	1383442	22043	1	Vibrio_cholerae_NZ_CP038178.1	scaffold_216	100.0		True
CONTIG	scaffold_216	22043	correct
1111896	1130530	1	18635	Vibrio_cholerae_NZ_CP038178.1	scaffold_245	100.0		True
CONTIG	scaffold_245	18635	correct
1177944	1183958	1	6015	Vibrio_cholerae_NZ_CP038178.1	scaffold_466	100.0		True
CONTIG	scaffold_466	6015	correct
2903384	2908043	4745	92	Vibrio_cholerae_NZ_CP038178.1	scaffold_553	99.76		True
CONTIG	scaffold_553	4745	correct
1185231	1187420	2191	1	Vibrio_cholerae_NZ_CP038178.1	scaffold_1087	99.91		True
local misassembly
1184086	1185042	3148	2192	Vibrio_cholerae_NZ_CP038178.1	scaffold_1087	100.0		True
CONTIG	scaffold_1087	3148	correct
2898395	2900475	2081	1	Vibrio_cholerae_NZ_CP038178.1	scaffold_1124	100.0		True
CONTIG	scaffold_1124	2081	correct
215105	216287	1	1183	Vibrio_cholerae_NZ_CP038179.1	scaffold_1658	100.0		True
CONTIG	scaffold_1658	1183	correct
1130433	1131606	1	1174	Vibrio_cholerae_NZ_CP038178.1	scaffold_1669	100.0		True
CONTIG	scaffold_1669	1174	correct
999257	1000392	1136	1	Vibrio_cholerae_NZ_CP038178.1	scaffold_1707	100.0		True
CONTIG	scaffold_1707	1136	correct
1437921	1438814	894	1	Vibrio_cholerae_NZ_CP038178.1	scaffold_2066	100.0		True
CONTIG	scaffold_2066	894	correct
2531208	2532044	1	837	Vibrio_cholerae_NZ_CP038178.1	scaffold_2146	100.0		True
CONTIG	scaffold_2146	837	correct
2961817	2962569	1	753	Vibrio_cholerae_NZ_CP038178.1	scaffold_2313	99.87		True
CONTIG	scaffold_2313	753	correct
1098475	1099116	1	642	Vibrio_cholerae_NZ_CP038178.1	scaffold_2573	100.0		True
CONTIG	scaffold_2573	642	correct
341399	341496	98	1	Vibrio_cholerae_NZ_CP038179.1	scaffold_2791	100.0		True
translocation
2900661	2901126	566	101	Vibrio_cholerae_NZ_CP038178.1	scaffold_2791	100.0		True
CONTIG	scaffold_2791	566	misassembled
2961378	2961914	537	1	Vibrio_cholerae_NZ_CP038178.1	scaffold_2866	99.44		True
CONTIG	scaffold_2866	537	correct
392775	569248	176484	1	Vibrio_cholerae_NZ_CP038179.1	scaffold_14	99.98		True
CONTIG	scaffold_14	176484	correct
926901	1047683	1	120785	Vibrio_cholerae_NZ_CP038179.1	scaffold_17	99.99		True
fake: not a misassembly [linear representation of circular genome]
1	77811	120786	198708	Vibrio_cholerae_NZ_CP038179.1	scaffold_17	99.84		True
fake: scaffold gap size wrong estimation (local)
78241	106591	198746	227096	Vibrio_cholerae_NZ_CP038179.1	scaffold_17	100.0		True
local misassembly
106678	130963	227097	251381	Vibrio_cholerae_NZ_CP038179.1	scaffold_17	100.0		True
local misassembly
131402	150251	251382	270230	Vibrio_cholerae_NZ_CP038179.1	scaffold_17	99.98		True
CONTIG	scaffold_17	270230	correct
570314	711998	1	141682	Vibrio_cholerae_NZ_CP038179.1	scaffold_23	99.99		True
local misassembly
712197	795468	141683	224954	Vibrio_cholerae_NZ_CP038179.1	scaffold_23	100.0		True
local misassembly
795619	905692	224955	335037	Vibrio_cholerae_NZ_CP038179.1	scaffold_23	99.97		True
CONTIG	scaffold_23	335037	correct
341433	391693	50262	1	Vibrio_cholerae_NZ_CP038179.1	scaffold_83	99.99		True
local misassembly
269947	341088	121405	50263	Vibrio_cholerae_NZ_CP038179.1	scaffold_83	99.99		True
CONTIG	scaffold_83	121405	correct
905709	925444	19737	1	Vibrio_cholerae_NZ_CP038179.1	scaffold_234	99.99		True
CONTIG	scaffold_234	19737	correct
150681	159651	1	8972	Vibrio_cholerae_NZ_CP038179.1	scaffold_362	99.97		True
CONTIG	scaffold_362	8972	correct
160653	168933	1	8245	Vibrio_cholerae_NZ_CP038179.1	scaffold_377	99.57		True
CONTIG	scaffold_377	8334	correct
235782	240975	1	5194	Vibrio_cholerae_NZ_CP038179.1	scaffold_516	99.96		True
CONTIG	scaffold_516	5194	correct
256071	261072	5002	1	Vibrio_cholerae_NZ_CP038179.1	scaffold_529	99.98		True
CONTIG	scaffold_529	5002	correct
189225	193482	1	4258	Vibrio_cholerae_NZ_CP038179.1	scaffold_594	100.0		True
CONTIG	scaffold_594	4258	correct
223977	228204	1	4228	Vibrio_cholerae_NZ_CP038179.1	scaffold_598	99.98		True
relocation, scaffold gap is present, inconsistency = 30462
260730	261072	6292	6633	Vibrio_cholerae_NZ_CP038179.1	scaffold_598	97.38		True
CONTIG	scaffold_598	6633	misassembled
175516	179258	3743	1	Vibrio_cholerae_NZ_CP038179.1	scaffold_673	100.0		True
CONTIG	scaffold_673	3743	correct
262141	265321	1	3181	Vibrio_cholerae_NZ_CP038179.1	scaffold_786	100.0		True
CONTIG	scaffold_786	3181	correct
243955	244125	3009	2838	Vibrio_cholerae_NZ_CP038179.1	scaffold_823	95.93		True
CONTIG	scaffold_823	3009	correct_unaligned
170740	174201	3369	1	Vibrio_cholerae_NZ_CP038179.1	scaffold_829	96.97		True
relocation, inconsistency = -17901
187749	188306	4261	3704	Vibrio_cholerae_NZ_CP038179.1	scaffold_829	99.64		True
local misassembly
185793	187366	5835	4262	Vibrio_cholerae_NZ_CP038179.1	scaffold_829	100.0		True
relocation, inconsistency = 1313
183925	184479	6390	5836	Vibrio_cholerae_NZ_CP038179.1	scaffold_829	100.0		True
CONTIG	scaffold_829	6390	misassembled
240878	243844	2967	1	Vibrio_cholerae_NZ_CP038179.1	scaffold_832	100.0		True
CONTIG	scaffold_832	2967	correct
211522	214460	2939	1	Vibrio_cholerae_NZ_CP038179.1	scaffold_845	99.97		True
CONTIG	scaffold_845	2939	correct
181697	182212	516	1	Vibrio_cholerae_NZ_CP038179.1	scaffold_860	96.51		True
unknown
240376	241035	1850	1190	Vibrio_cholerae_NZ_CP038179.1	scaffold_860	95.01		True
unknown
CONTIG	scaffold_860	2880	mis_unaligned
203399	206155	2757	1	Vibrio_cholerae_NZ_CP038179.1	scaffold_896	100.0		True
CONTIG	scaffold_896	2757	correct
181106	181822	1	717	Vibrio_cholerae_NZ_CP038179.1	scaffold_924	100.0		True
unknown
254508	254667	1059	1218	Vibrio_cholerae_NZ_CP038179.1	scaffold_924	95.0		True
unknown
255012	255132	1564	1684	Vibrio_cholerae_NZ_CP038179.1	scaffold_924	95.04		True
unknown
223961	224073	2653	2765	Vibrio_cholerae_NZ_CP038179.1	scaffold_924	97.35		True
unknown
224607	224728	3313	3434	Vibrio_cholerae_NZ_CP038179.1	scaffold_924	96.72		True
unknown
225951	226041	4683	4773	Vibrio_cholerae_NZ_CP038179.1	scaffold_924	98.9		True
unknown
CONTIG	scaffold_924	4780	mis_unaligned
219926	220051	362	486	Vibrio_cholerae_NZ_CP038179.1	scaffold_995	96.03		True
unknown
220600	220731	1968	2099	Vibrio_cholerae_NZ_CP038179.1	scaffold_995	95.45		True
unknown
CONTIG	scaffold_995	2464	mis_unaligned
232442	234824	2383	1	Vibrio_cholerae_NZ_CP038179.1	scaffold_1017	100.0		True
CONTIG	scaffold_1017	2383	correct
216268	218548	2281	1	Vibrio_cholerae_NZ_CP038179.1	scaffold_1058	100.0		True
CONTIG	scaffold_1058	2281	correct
228514	229733	1	1220	Vibrio_cholerae_NZ_CP038179.1	scaffold_1219	100.0		True
local misassembly
230128	231503	1221	2596	Vibrio_cholerae_NZ_CP038179.1	scaffold_1219	100.0		True
CONTIG	scaffold_1219	2596	correct
243955	245810	1856	1	Vibrio_cholerae_NZ_CP038179.1	scaffold_1229	100.0		True
CONTIG	scaffold_1229	1856	correct
248121	249953	1833	1	Vibrio_cholerae_NZ_CP038179.1	scaffold_1237	100.0		True
CONTIG	scaffold_1237	1833	correct
207355	209108	1754	1	Vibrio_cholerae_NZ_CP038179.1	scaffold_1273	100.0		True
CONTIG	scaffold_1273	1754	correct
198975	200629	1655	1	Vibrio_cholerae_NZ_CP038179.1	scaffold_1327	100.0		True
CONTIG	scaffold_1327	1655	correct
221722	223333	1	1612	Vibrio_cholerae_NZ_CP038179.1	scaffold_1352	100.0		True
CONTIG	scaffold_1352	1612	correct
211522	211613	1	92	Vibrio_cholerae_NZ_CP038179.1	scaffold_1368	100.0		True
relocation, inconsistency = -42689
168925	170423	93	1591	Vibrio_cholerae_NZ_CP038179.1	scaffold_1368	100.0		True
CONTIG	scaffold_1368	1591	misassembled
219953	221440	1488	1	Vibrio_cholerae_NZ_CP038179.1	scaffold_1433	100.0		True
CONTIG	scaffold_1433	1488	correct
265788	267173	1455	70	Vibrio_cholerae_NZ_CP038179.1	scaffold_1452	100.0		True
CONTIG	scaffold_1452	1455	correct
253936	254132	197	1	Vibrio_cholerae_NZ_CP038179.1	scaffold_1503	95.94		True
unknown
209046	209416	1388	1019	Vibrio_cholerae_NZ_CP038179.1	scaffold_1503	96.5		True
unknown
CONTIG	scaffold_1503	1390	mis_unaligned
210238	211619	1	1381	Vibrio_cholerae_NZ_CP038179.1	scaffold_1506	99.93		True
CONTIG	scaffold_1506	1381	correct
209052	210335	1284	1	Vibrio_cholerae_NZ_CP038179.1	scaffold_1574	100.0		True
CONTIG	scaffold_1574	1284	correct
159554	160750	1	1197	Vibrio_cholerae_NZ_CP038179.1	scaffold_1637	100.0		True
CONTIG	scaffold_1637	1197	correct
182294	183484	1191	1	Vibrio_cholerae_NZ_CP038179.1	scaffold_1644	100.0		True
CONTIG	scaffold_1644	1191	correct
251800	252973	1174	1	Vibrio_cholerae_NZ_CP038179.1	scaffold_1668	100.0		True
CONTIG	scaffold_1668	1174	correct
391653	392788	1136	1	Vibrio_cholerae_NZ_CP038179.1	scaffold_1708	100.0		True
CONTIG	scaffold_1708	1136	correct
202396	203496	1100	1	Vibrio_cholerae_NZ_CP038179.1	scaffold_1747	99.82		True
CONTIG	scaffold_1747	1100	correct
174485	175561	1	1077	Vibrio_cholerae_NZ_CP038179.1	scaffold_1780	100.0		True
CONTIG	scaffold_1780	1077	correct
254035	255107	1	1073	Vibrio_cholerae_NZ_CP038179.1	scaffold_1793	100.0		True
CONTIG	scaffold_1793	1073	correct
253218	254132	1	915	Vibrio_cholerae_NZ_CP038179.1	scaffold_2035	100.0		True
CONTIG	scaffold_2035	915	correct
243526	243844	320	1	Vibrio_cholerae_NZ_CP038179.1	scaffold_2046	96.88		True
relocation, inconsistency = 60630
182311	182485	905	731	Vibrio_cholerae_NZ_CP038179.1	scaffold_2046	95.43		True
CONTIG	scaffold_2046	905	misassembled
267993	268880	1	888	Vibrio_cholerae_NZ_CP038179.1	scaffold_2073	100.0		True
CONTIG	scaffold_2073	888	correct
181013	181203	191	1	Vibrio_cholerae_NZ_CP038179.1	scaffold_2099	95.29		True
CONTIG	scaffold_2099	868	correct_unaligned
196098	196959	862	1	Vibrio_cholerae_NZ_CP038179.1	scaffold_2107	100.0		True
CONTIG	scaffold_2107	862	correct
223236	224074	839	1	Vibrio_cholerae_NZ_CP038179.1	scaffold_2140	100.0		True
CONTIG	scaffold_2140	839	correct
179997	180784	788	1	Vibrio_cholerae_NZ_CP038179.1	scaffold_2236	100.0		True
CONTIG	scaffold_2236	788	correct
195431	196188	758	1	Vibrio_cholerae_NZ_CP038179.1	scaffold_2306	100.0		True
CONTIG	scaffold_2306	758	correct
218897	219604	708	1	Vibrio_cholerae_NZ_CP038179.1	scaffold_2415	100.0		True
CONTIG	scaffold_2415	708	correct
CONTIG	scaffold_2474	683	unaligned
235116	235766	1	651	Vibrio_cholerae_NZ_CP038179.1	scaffold_2546	100.0		True
CONTIG	scaffold_2546	651	correct
188666	189233	1	568	Vibrio_cholerae_NZ_CP038179.1	scaffold_2572	100.0		True
CONTIG	scaffold_2572	642	correct
183387	184022	636	1	Vibrio_cholerae_NZ_CP038179.1	scaffold_2592	99.37		True
CONTIG	scaffold_2592	636	correct
250955	251563	1	609	Vibrio_cholerae_NZ_CP038179.1	scaffold_2655	100.0		True
CONTIG	scaffold_2655	609	correct
206877	207446	12	581	Vibrio_cholerae_NZ_CP038179.1	scaffold_2755	99.82		True
CONTIG	scaffold_2755	581	correct
206366	206939	574	1	Vibrio_cholerae_NZ_CP038179.1	scaffold_2770	100.0		True
CONTIG	scaffold_2770	574	correct
219507	220050	544	1	Vibrio_cholerae_NZ_CP038179.1	scaffold_2842	100.0		True
CONTIG	scaffold_2842	544	correct
926094	926630	537	1	Vibrio_cholerae_NZ_CP038179.1	scaffold_2864	100.0		True
CONTIG	scaffold_2864	537	correct
196084	196236	1	153	Vibrio_cholerae_NZ_CP038179.1	scaffold_2874	95.42		True
CONTIG	scaffold_2874	534	correct
267386	267911	526	1	Vibrio_cholerae_NZ_CP038179.1	scaffold_2907	100.0		True
CONTIG	scaffold_2907	526	correct
267051	267483	433	1	Vibrio_cholerae_NZ_CP038179.1	scaffold_2935	97.47		True
relocation, inconsistency = 91453
175516	175597	515	434	Vibrio_cholerae_NZ_CP038179.1	scaffold_2935	100.0		True
CONTIG	scaffold_2935	515	misassembled
228107	228611	1	505	Vibrio_cholerae_NZ_CP038179.1	scaffold_2968	100.0		True
CONTIG	scaffold_2968	505	correct
180531	181032	503	1	Vibrio_cholerae_NZ_CP038179.1	scaffold_2980	95.63		True
CONTIG	scaffold_2980	503	correct
