S1	E1	S2	E2	Reference	Contig	IDY	Ambiguous	Best_group
644621	644703	10458	10540	Desulfovibrio_desulfuricans_NZ_CP036295.1	scaffold_25	96.39		True
unknown
679249	679363	45105	45219	Desulfovibrio_desulfuricans_NZ_CP036295.1	scaffold_25	97.39		True
unknown
738792	738867	103845	103920	Desulfovibrio_desulfuricans_NZ_CP036295.1	scaffold_25	98.68		True
unknown
763666	763769	128641	128744	Desulfovibrio_desulfuricans_NZ_CP036295.1	scaffold_25	97.12		True
unknown
862386	863427	227813	228854	Desulfovibrio_desulfuricans_NZ_CP036295.1	scaffold_25	95.11		True
unknown
CONTIG	scaffold_25	261830	mis_unaligned
1119532	1119623	21100	21009	Desulfovibrio_desulfuricans_NZ_CP036295.1	scaffold_31	100.0		True
unknown
1094399	1094691	45722	45430	Desulfovibrio_desulfuricans_NZ_CP036295.1	scaffold_31	97.95		True
unknown
1086267	1086393	53387	53261	Desulfovibrio_desulfuricans_NZ_CP036295.1	scaffold_31	98.43		True
unknown
1002957	1003028	163187	163116	Desulfovibrio_desulfuricans_NZ_CP036295.1	scaffold_31	95.83		True
unknown
988385	995865	177758	170278	Desulfovibrio_desulfuricans_NZ_CP036295.1	scaffold_31	95.51		True
unknown
930109	930185	236154	236078	Desulfovibrio_desulfuricans_NZ_CP036295.1	scaffold_31	97.4		True
unknown
CONTIG	scaffold_31	325679	mis_unaligned
3132408	3132489	1	82	Desulfovibrio_desulfuricans_NZ_CP036295.1	scaffold_32	96.34		True
unknown
3142202	3144087	10500	12385	Desulfovibrio_desulfuricans_NZ_CP036295.1	scaffold_32	95.76		True
unknown
3171353	3171492	41012	41151	Desulfovibrio_desulfuricans_NZ_CP036295.1	scaffold_32	96.43		True
unknown
3178850	3179192	48559	48901	Desulfovibrio_desulfuricans_NZ_CP036295.1	scaffold_32	96.5		True
unknown
3179292	3179399	49000	49107	Desulfovibrio_desulfuricans_NZ_CP036295.1	scaffold_32	96.3		True
unknown
3211392	3211490	81713	81811	Desulfovibrio_desulfuricans_NZ_CP036295.1	scaffold_32	96.97		True
unknown
55110	55193	185932	186015	Desulfovibrio_desulfuricans_NZ_CP036295.1	scaffold_32	95.24		True
unknown
90398	93950	220339	223893	Desulfovibrio_desulfuricans_NZ_CP036295.1	scaffold_32	95.31		True
unknown
116329	116664	245824	246159	Desulfovibrio_desulfuricans_NZ_CP036295.1	scaffold_32	95.83		True
unknown
CONTIG	scaffold_32	246159	mis_unaligned
3063419	3063549	39875	39745	Desulfovibrio_desulfuricans_NZ_CP036295.1	scaffold_40	99.24		True
unknown
3048552	3048660	54164	54056	Desulfovibrio_desulfuricans_NZ_CP036295.1	scaffold_40	95.41		True
unknown
CONTIG	scaffold_40	178582	mis_unaligned
2550374	2550640	72701	72967	Desulfovibrio_desulfuricans_NZ_CP036295.1	scaffold_41	95.51		True
unknown
2668383	2668682	217140	217439	Desulfovibrio_desulfuricans_NZ_CP036295.1	scaffold_41	97.33		True
unknown
2671198	2671262	219952	220016	Desulfovibrio_desulfuricans_NZ_CP036295.1	scaffold_41	95.38		True
unknown
2671263	2671415	220018	220170	Desulfovibrio_desulfuricans_NZ_CP036295.1	scaffold_41	98.69		True
unknown
2686952	2687051	235583	235682	Desulfovibrio_desulfuricans_NZ_CP036295.1	scaffold_41	97.0		True
unknown
2765819	2766246	317724	318151	Desulfovibrio_desulfuricans_NZ_CP036295.1	scaffold_41	96.96		True
unknown
CONTIG	scaffold_41	368947	mis_unaligned
1911261	1911352	118	209	Desulfovibrio_desulfuricans_NZ_CP036295.1	scaffold_42	95.65		True
CONTIG	scaffold_42	101449	correct_unaligned
117625	118854	1	1230	Desulfovibrio_desulfuricans_NZ_CP036295.1	scaffold_45	97.07		True
unknown
228697	229098	91565	91966	Desulfovibrio_desulfuricans_NZ_CP036295.1	scaffold_45	97.76		True
unknown
230776	230870	93659	93753	Desulfovibrio_desulfuricans_NZ_CP036295.1	scaffold_45	97.89		True
unknown
232798	233199	95620	96021	Desulfovibrio_desulfuricans_NZ_CP036295.1	scaffold_45	95.27		True
unknown
233288	233599	96105	96416	Desulfovibrio_desulfuricans_NZ_CP036295.1	scaffold_45	95.19		True
unknown
233602	233682	96417	96497	Desulfovibrio_desulfuricans_NZ_CP036295.1	scaffold_45	97.53		True
unknown
257957	258134	121090	121267	Desulfovibrio_desulfuricans_NZ_CP036295.1	scaffold_45	97.19		True
unknown
258135	260730	121271	123866	Desulfovibrio_desulfuricans_NZ_CP036295.1	scaffold_45	95.07		True
unknown
CONTIG	scaffold_45	139978	mis_unaligned
2839345	2839545	101054	100854	Desulfovibrio_desulfuricans_NZ_CP036295.1	scaffold_55	95.02		True
unknown
2822370	2823029	117870	117211	Desulfovibrio_desulfuricans_NZ_CP036295.1	scaffold_55	95.3		True
unknown
CONTIG	scaffold_55	122162	mis_unaligned
2246296	2246395	82455	82356	Desulfovibrio_desulfuricans_NZ_CP036295.1	scaffold_65	98.0		True
unknown
2210764	2210887	117663	117540	Desulfovibrio_desulfuricans_NZ_CP036295.1	scaffold_65	99.19		True
unknown
2180977	2183367	147808	145418	Desulfovibrio_desulfuricans_NZ_CP036295.1	scaffold_65	95.02		True
unknown
2180817	2180961	147966	147822	Desulfovibrio_desulfuricans_NZ_CP036295.1	scaffold_65	99.31		True
unknown
2180689	2180816	148095	147968	Desulfovibrio_desulfuricans_NZ_CP036295.1	scaffold_65	99.22		True
unknown
2044918	2046000	308388	307306	Desulfovibrio_desulfuricans_NZ_CP036295.1	scaffold_65	95.75		True
unknown
CONTIG	scaffold_65	349665	mis_unaligned
1934812	1935048	151293	151529	Desulfovibrio_desulfuricans_NZ_CP036295.1	scaffold_66	96.2		True
unknown
1938940	1939111	155035	155206	Desulfovibrio_desulfuricans_NZ_CP036295.1	scaffold_66	95.93		True
unknown
1941937	1942018	158032	158113	Desulfovibrio_desulfuricans_NZ_CP036295.1	scaffold_66	97.56		True
unknown
1955859	1955943	171036	171120	Desulfovibrio_desulfuricans_NZ_CP036295.1	scaffold_66	95.29		True
unknown
1970232	1970338	186009	186115	Desulfovibrio_desulfuricans_NZ_CP036295.1	scaffold_66	95.33		True
unknown
CONTIG	scaffold_66	233465	mis_unaligned
1293934	1294065	7951	8082	Desulfovibrio_desulfuricans_NZ_CP036295.1	scaffold_72	98.48		True
unknown
1324568	1324903	37601	37936	Desulfovibrio_desulfuricans_NZ_CP036295.1	scaffold_72	96.73		True
unknown
1828713	1828987	134461	134187	Desulfovibrio_desulfuricans_NZ_CP036295.1	scaffold_72	95.27		True
unknown
CONTIG	scaffold_72	173660	mis_unaligned
1166470	1166595	76397	76272	Desulfovibrio_desulfuricans_NZ_CP036295.1	scaffold_89	96.83		True
unknown
1154533	1154598	88552	88487	Desulfovibrio_desulfuricans_NZ_CP036295.1	scaffold_89	96.97		True
unknown
1154146	1154531	88938	88553	Desulfovibrio_desulfuricans_NZ_CP036295.1	scaffold_89	95.34		True
unknown
1136128	1136337	106804	106597	Desulfovibrio_desulfuricans_NZ_CP036295.1	scaffold_89	96.68		True
unknown
CONTIG	scaffold_89	112469	mis_unaligned
466166	466254	29617	29529	Desulfovibrio_desulfuricans_NZ_CP036295.1	scaffold_121	97.75		True
unknown
459328	459756	36496	36068	Desulfovibrio_desulfuricans_NZ_CP036295.1	scaffold_121	95.1		True
unknown
450908	450976	45232	45164	Desulfovibrio_desulfuricans_NZ_CP036295.1	scaffold_121	95.65		True
unknown
412374	412583	83468	83259	Desulfovibrio_desulfuricans_NZ_CP036295.1	scaffold_121	95.71		True
unknown
378481	378896	114978	114563	Desulfovibrio_desulfuricans_NZ_CP036295.1	scaffold_121	98.08		True
unknown
375012	375173	118448	118287	Desulfovibrio_desulfuricans_NZ_CP036295.1	scaffold_121	95.06		True
unknown
CONTIG	scaffold_121	146188	mis_unaligned
CONTIG	scaffold_124	89564	unaligned
1658790	1658865	66738	66663	Desulfovibrio_desulfuricans_NZ_CP036295.1	scaffold_150	98.68		True
unknown
1639264	1639332	86274	86206	Desulfovibrio_desulfuricans_NZ_CP036295.1	scaffold_150	97.1		True
unknown
CONTIG	scaffold_150	111771	mis_unaligned
2311314	2312704	66188	67581	Desulfovibrio_desulfuricans_NZ_CP036295.1	scaffold_154	95.34		True
CONTIG	scaffold_154	67692	correct_unaligned
118783	118926	60008	59865	Desulfovibrio_desulfuricans_NZ_CP036295.1	scaffold_169	97.92		True
CONTIG	scaffold_169	60914	correct_unaligned
508992	509110	38788	38670	Desulfovibrio_desulfuricans_NZ_CP036295.1	scaffold_174	95.8		True
CONTIG	scaffold_174	49008	correct_unaligned
272446	273845	953	2352	Desulfovibrio_desulfuricans_NZ_CP036295.1	scaffold_189	96.14		True
unknown
275433	275556	3942	4065	Desulfovibrio_desulfuricans_NZ_CP036295.1	scaffold_189	95.97		True
unknown
CONTIG	scaffold_189	71709	mis_unaligned
1783211	1783514	23464	23161	Desulfovibrio_desulfuricans_NZ_CP036295.1	scaffold_219	96.71		True
unknown
1772838	1773002	33291	33127	Desulfovibrio_desulfuricans_NZ_CP036295.1	scaffold_219	96.36		True
unknown
CONTIG	scaffold_219	59403	mis_unaligned
508880	509190	11585	11895	Desulfovibrio_desulfuricans_NZ_CP036295.1	scaffold_254	95.19		True
CONTIG	scaffold_254	17650	correct_unaligned
2486483	2486568	7192	7107	Desulfovibrio_desulfuricans_NZ_CP036295.1	scaffold_266	96.51		True
CONTIG	scaffold_266	15796	correct_unaligned
593890	594037	18369	18222	Desulfovibrio_desulfuricans_NZ_CP036295.1	scaffold_275	97.3		True
unknown
591219	591480	21074	20814	Desulfovibrio_desulfuricans_NZ_CP036295.1	scaffold_275	96.56		True
unknown
587729	587873	24700	24556	Desulfovibrio_desulfuricans_NZ_CP036295.1	scaffold_275	97.24		True
unknown
CONTIG	scaffold_275	25686	mis_unaligned
2372862	2378197	5328	1	Desulfovibrio_desulfuricans_NZ_CP036295.1	scaffold_501	98.33		True
CONTIG	scaffold_501	5498	correct
633927	634087	161	1	Desulfovibrio_desulfuricans_NZ_CP036295.1	scaffold_1912	98.76		True
CONTIG	scaffold_1912	992	correct_unaligned
117037	117717	686	6	Desulfovibrio_desulfuricans_NZ_CP036295.1	scaffold_2471	98.83		True
CONTIG	scaffold_2471	686	correct
