S1	E1	S2	E2	Reference	Contig	IDY	Ambiguous	Best_group
2896282	2896366	41257	41173	Desulfovibrio_desulfuricans_NZ_CP036295.1	NODE_2_length_834985_cov_2.016407	100.0		True
unknown
2839345	2839545	101249	101049	Desulfovibrio_desulfuricans_NZ_CP036295.1	NODE_2_length_834985_cov_2.016407	95.02		True
unknown
2822370	2823029	118065	117406	Desulfovibrio_desulfuricans_NZ_CP036295.1	NODE_2_length_834985_cov_2.016407	95.3		True
unknown
2765819	2766246	173566	173139	Desulfovibrio_desulfuricans_NZ_CP036295.1	NODE_2_length_834985_cov_2.016407	96.96		True
unknown
2686952	2687051	256166	256067	Desulfovibrio_desulfuricans_NZ_CP036295.1	NODE_2_length_834985_cov_2.016407	97.0		True
unknown
2671263	2671415	271731	271579	Desulfovibrio_desulfuricans_NZ_CP036295.1	NODE_2_length_834985_cov_2.016407	98.69		True
unknown
2671198	2671262	271797	271733	Desulfovibrio_desulfuricans_NZ_CP036295.1	NODE_2_length_834985_cov_2.016407	95.38		True
unknown
2668383	2668682	274609	274310	Desulfovibrio_desulfuricans_NZ_CP036295.1	NODE_2_length_834985_cov_2.016407	97.33		True
unknown
2550374	2550640	419738	419472	Desulfovibrio_desulfuricans_NZ_CP036295.1	NODE_2_length_834985_cov_2.016407	95.51		True
unknown
2534531	2534713	446220	446038	Desulfovibrio_desulfuricans_NZ_CP036295.1	NODE_2_length_834985_cov_2.016407	96.17		True
unknown
2486483	2486568	499808	499723	Desulfovibrio_desulfuricans_NZ_CP036295.1	NODE_2_length_834985_cov_2.016407	96.51		True
unknown
930109	930185	597948	598024	Desulfovibrio_desulfuricans_NZ_CP036295.1	NODE_2_length_834985_cov_2.016407	97.4		True
unknown
988385	995865	656882	664362	Desulfovibrio_desulfuricans_NZ_CP036295.1	NODE_2_length_834985_cov_2.016407	95.51		True
unknown
1002957	1003028	671453	671524	Desulfovibrio_desulfuricans_NZ_CP036295.1	NODE_2_length_834985_cov_2.016407	95.83		True
unknown
1086267	1086393	781599	781725	Desulfovibrio_desulfuricans_NZ_CP036295.1	NODE_2_length_834985_cov_2.016407	98.43		True
unknown
1094399	1094691	789264	789556	Desulfovibrio_desulfuricans_NZ_CP036295.1	NODE_2_length_834985_cov_2.016407	97.95		True
unknown
1119532	1119623	813886	813977	Desulfovibrio_desulfuricans_NZ_CP036295.1	NODE_2_length_834985_cov_2.016407	100.0		True
unknown
CONTIG	NODE_2_length_834985_cov_2.016407	834985	mis_unaligned
2309686	2309838	4000	3848	Desulfovibrio_desulfuricans_NZ_CP036295.1	NODE_5_length_586102_cov_2.017389	96.08		True
unknown
2295376	2295452	20645	20569	Desulfovibrio_desulfuricans_NZ_CP036295.1	NODE_5_length_586102_cov_2.017389	96.1		True
unknown
2286143	2286283	29720	29580	Desulfovibrio_desulfuricans_NZ_CP036295.1	NODE_5_length_586102_cov_2.017389	99.29		True
unknown
2246296	2246395	83042	82943	Desulfovibrio_desulfuricans_NZ_CP036295.1	NODE_5_length_586102_cov_2.017389	98.0		True
unknown
2210764	2210887	118494	118371	Desulfovibrio_desulfuricans_NZ_CP036295.1	NODE_5_length_586102_cov_2.017389	99.19		True
unknown
2180977	2183367	148639	146249	Desulfovibrio_desulfuricans_NZ_CP036295.1	NODE_5_length_586102_cov_2.017389	95.02		True
unknown
2180817	2180961	148797	148653	Desulfovibrio_desulfuricans_NZ_CP036295.1	NODE_5_length_586102_cov_2.017389	99.31		True
unknown
2180689	2180816	148926	148799	Desulfovibrio_desulfuricans_NZ_CP036295.1	NODE_5_length_586102_cov_2.017389	99.22		True
unknown
2044918	2046000	310258	309176	Desulfovibrio_desulfuricans_NZ_CP036295.1	NODE_5_length_586102_cov_2.017389	95.75		True
unknown
1970232	1970338	399002	398896	Desulfovibrio_desulfuricans_NZ_CP036295.1	NODE_5_length_586102_cov_2.017389	95.33		True
unknown
1955859	1955943	413975	413891	Desulfovibrio_desulfuricans_NZ_CP036295.1	NODE_5_length_586102_cov_2.017389	95.29		True
unknown
1941937	1942018	427180	427099	Desulfovibrio_desulfuricans_NZ_CP036295.1	NODE_5_length_586102_cov_2.017389	97.56		True
unknown
1938940	1939111	430177	430006	Desulfovibrio_desulfuricans_NZ_CP036295.1	NODE_5_length_586102_cov_2.017389	95.93		True
unknown
1934812	1935048	433919	433683	Desulfovibrio_desulfuricans_NZ_CP036295.1	NODE_5_length_586102_cov_2.017389	96.2		True
unknown
CONTIG	NODE_5_length_586102_cov_2.017389	586102	mis_unaligned
1828713	1828987	129261	129535	Desulfovibrio_desulfuricans_NZ_CP036295.1	NODE_13_length_405822_cov_2.017677	95.27		True
unknown
1324568	1324903	226343	226008	Desulfovibrio_desulfuricans_NZ_CP036295.1	NODE_13_length_405822_cov_2.017677	96.73		True
unknown
1293934	1294065	256358	256227	Desulfovibrio_desulfuricans_NZ_CP036295.1	NODE_13_length_405822_cov_2.017677	98.48		True
unknown
116567	117882	264554	265869	Desulfovibrio_desulfuricans_NZ_CP036295.1	NODE_13_length_405822_cov_2.017677	96.5		True
unknown
228697	229098	357409	357810	Desulfovibrio_desulfuricans_NZ_CP036295.1	NODE_13_length_405822_cov_2.017677	97.76		True
unknown
230776	230870	359503	359597	Desulfovibrio_desulfuricans_NZ_CP036295.1	NODE_13_length_405822_cov_2.017677	97.89		True
unknown
232798	233199	361464	361865	Desulfovibrio_desulfuricans_NZ_CP036295.1	NODE_13_length_405822_cov_2.017677	95.27		True
unknown
233288	233599	361949	362260	Desulfovibrio_desulfuricans_NZ_CP036295.1	NODE_13_length_405822_cov_2.017677	95.19		True
unknown
233602	233682	362261	362341	Desulfovibrio_desulfuricans_NZ_CP036295.1	NODE_13_length_405822_cov_2.017677	97.53		True
unknown
257957	258134	386934	387111	Desulfovibrio_desulfuricans_NZ_CP036295.1	NODE_13_length_405822_cov_2.017677	97.19		True
unknown
258135	260730	387115	389710	Desulfovibrio_desulfuricans_NZ_CP036295.1	NODE_13_length_405822_cov_2.017677	95.07		True
unknown
CONTIG	NODE_13_length_405822_cov_2.017677	405822	mis_unaligned
587729	587873	951	1095	Desulfovibrio_desulfuricans_NZ_CP036295.1	NODE_19_length_291727_cov_2.016710	97.24		True
unknown
591219	591480	4577	4837	Desulfovibrio_desulfuricans_NZ_CP036295.1	NODE_19_length_291727_cov_2.016710	96.56		True
unknown
593890	594037	7282	7429	Desulfovibrio_desulfuricans_NZ_CP036295.1	NODE_19_length_291727_cov_2.016710	97.3		True
unknown
644621	644703	38042	38124	Desulfovibrio_desulfuricans_NZ_CP036295.1	NODE_19_length_291727_cov_2.016710	96.39		True
unknown
679249	679363	72689	72803	Desulfovibrio_desulfuricans_NZ_CP036295.1	NODE_19_length_291727_cov_2.016710	97.39		True
unknown
738792	738867	131771	131846	Desulfovibrio_desulfuricans_NZ_CP036295.1	NODE_19_length_291727_cov_2.016710	98.68		True
unknown
763666	763769	156717	156820	Desulfovibrio_desulfuricans_NZ_CP036295.1	NODE_19_length_291727_cov_2.016710	97.12		True
unknown
862386	863427	255889	256930	Desulfovibrio_desulfuricans_NZ_CP036295.1	NODE_19_length_291727_cov_2.016710	95.11		True
unknown
CONTIG	NODE_19_length_291727_cov_2.016710	291727	mis_unaligned
3132406	3132489	1	84	Desulfovibrio_desulfuricans_NZ_CP036295.1	NODE_31_length_247431_cov_2.020644	96.43		True
unknown
3142202	3144087	10502	12387	Desulfovibrio_desulfuricans_NZ_CP036295.1	NODE_31_length_247431_cov_2.020644	95.76		True
unknown
3171353	3171492	41268	41407	Desulfovibrio_desulfuricans_NZ_CP036295.1	NODE_31_length_247431_cov_2.020644	96.43		True
unknown
3178850	3179192	48815	49157	Desulfovibrio_desulfuricans_NZ_CP036295.1	NODE_31_length_247431_cov_2.020644	96.79		True
unknown
3179292	3179399	49256	49363	Desulfovibrio_desulfuricans_NZ_CP036295.1	NODE_31_length_247431_cov_2.020644	96.3		True
unknown
3211392	3211490	81969	82067	Desulfovibrio_desulfuricans_NZ_CP036295.1	NODE_31_length_247431_cov_2.020644	96.97		True
unknown
55110	55193	186571	186654	Desulfovibrio_desulfuricans_NZ_CP036295.1	NODE_31_length_247431_cov_2.020644	95.24		True
unknown
90924	93457	221715	224248	Desulfovibrio_desulfuricans_NZ_CP036295.1	NODE_31_length_247431_cov_2.020644	96.09		True
unknown
116329	116664	247095	247430	Desulfovibrio_desulfuricans_NZ_CP036295.1	NODE_31_length_247431_cov_2.020644	95.83		True
unknown
CONTIG	NODE_31_length_247431_cov_2.020644	247431	mis_unaligned
466166	466254	29632	29544	Desulfovibrio_desulfuricans_NZ_CP036295.1	NODE_38_length_220187_cov_2.020601	97.75		True
unknown
459328	459756	36511	36083	Desulfovibrio_desulfuricans_NZ_CP036295.1	NODE_38_length_220187_cov_2.020601	95.1		True
unknown
450908	450976	45555	45487	Desulfovibrio_desulfuricans_NZ_CP036295.1	NODE_38_length_220187_cov_2.020601	95.65		True
unknown
412374	412583	83791	83582	Desulfovibrio_desulfuricans_NZ_CP036295.1	NODE_38_length_220187_cov_2.020601	95.71		True
unknown
378481	378896	115508	115093	Desulfovibrio_desulfuricans_NZ_CP036295.1	NODE_38_length_220187_cov_2.020601	98.08		True
unknown
375012	375173	118978	118817	Desulfovibrio_desulfuricans_NZ_CP036295.1	NODE_38_length_220187_cov_2.020601	95.06		True
unknown
275433	275556	216244	216121	Desulfovibrio_desulfuricans_NZ_CP036295.1	NODE_38_length_220187_cov_2.020601	95.97		True
unknown
272446	273845	219233	217834	Desulfovibrio_desulfuricans_NZ_CP036295.1	NODE_38_length_220187_cov_2.020601	96.14		True
unknown
CONTIG	NODE_38_length_220187_cov_2.020601	220187	mis_unaligned
3063419	3063549	40161	40031	Desulfovibrio_desulfuricans_NZ_CP036295.1	NODE_40_length_179785_cov_2.021181	99.24		True
unknown
3048552	3048660	54450	54342	Desulfovibrio_desulfuricans_NZ_CP036295.1	NODE_40_length_179785_cov_2.021181	95.41		True
unknown
CONTIG	NODE_40_length_179785_cov_2.021181	179785	mis_unaligned
1136128	1136337	5606	5813	Desulfovibrio_desulfuricans_NZ_CP036295.1	NODE_71_length_113281_cov_2.021585	96.68		True
unknown
1154146	1154531	23472	23857	Desulfovibrio_desulfuricans_NZ_CP036295.1	NODE_71_length_113281_cov_2.021585	95.34		True
unknown
1154533	1154598	23858	23923	Desulfovibrio_desulfuricans_NZ_CP036295.1	NODE_71_length_113281_cov_2.021585	96.97		True
unknown
1166470	1166595	36013	36138	Desulfovibrio_desulfuricans_NZ_CP036295.1	NODE_71_length_113281_cov_2.021585	96.83		True
unknown
CONTIG	NODE_71_length_113281_cov_2.021585	113281	mis_unaligned
1911261	1911352	119	210	Desulfovibrio_desulfuricans_NZ_CP036295.1	NODE_84_length_101450_cov_2.017237	95.65		True
CONTIG	NODE_84_length_101450_cov_2.017237	101450	correct_unaligned
2311314	2312704	1505	112	Desulfovibrio_desulfuricans_NZ_CP036295.1	NODE_121_length_67967_cov_2.021277	95.34		True
CONTIG	NODE_121_length_67967_cov_2.021277	67967	correct_unaligned
2372862	2377751	60794	65676	Desulfovibrio_desulfuricans_NZ_CP036295.1	NODE_124_length_65676_cov_2.055828	98.63		True
CONTIG	NODE_124_length_65676_cov_2.055828	65676	correct_unaligned
1714737	1714877	45120	45260	Desulfovibrio_desulfuricans_NZ_CP036295.1	NODE_126_length_64360_cov_1.979474	95.04		True
CONTIG	NODE_126_length_64360_cov_1.979474	64360	correct_unaligned
1772838	1773002	26450	26614	Desulfovibrio_desulfuricans_NZ_CP036295.1	NODE_133_length_60339_cov_2.020402	96.36		True
unknown
1783139	1783514	36427	36802	Desulfovibrio_desulfuricans_NZ_CP036295.1	NODE_133_length_60339_cov_2.020402	96.01		True
unknown
CONTIG	NODE_133_length_60339_cov_2.020402	60339	mis_unaligned
508992	509110	10184	10302	Desulfovibrio_desulfuricans_NZ_CP036295.1	NODE_152_length_49090_cov_2.029863	95.8		True
CONTIG	NODE_152_length_49090_cov_2.029863	49090	correct_unaligned
1639264	1639332	25490	25558	Desulfovibrio_desulfuricans_NZ_CP036295.1	NODE_154_length_47956_cov_2.064087	97.1		True
unknown
1658740	1658865	44956	45081	Desulfovibrio_desulfuricans_NZ_CP036295.1	NODE_154_length_47956_cov_2.064087	95.24		True
unknown
CONTIG	NODE_154_length_47956_cov_2.064087	47956	mis_unaligned
508880	509190	11792	12102	Desulfovibrio_desulfuricans_NZ_CP036295.1	NODE_286_length_17839_cov_2.047407	95.19		True
CONTIG	NODE_286_length_17839_cov_2.047407	17839	correct_unaligned
117624	118851	1	1228	Desulfovibrio_desulfuricans_NZ_CP036295.1	NODE_994_length_1228_cov_1.828167	96.99		True
CONTIG	NODE_994_length_1228_cov_1.828167	1228	correct
