Assembly	spades_assembly	spades_assembly.m1000	idbaud_assembly	idbaud_assembly.m1000
# misassemblies	0	0	0	0
  # contig misassemblies	0	0	0	0
    # c. relocations	0	0	0	0
    # c. translocations	0	0	0	0
    # c. inversions	0	0	0	0
  # scaffold misassemblies	0	0	0	0
    # s. relocations	0	0	0	0
    # s. translocations	0	0	0	0
    # s. inversions	0	0	0	0
# misassembled contigs	0	0	0	0
Misassembled contigs length	0	0	0	0
# possibly misassembled contigs	6	6	7	6
    # possible misassemblies	9	9	11	10
# local misassemblies	0	0	0	0
# scaffold gap ext. mis.	0	0	0	0
# scaffold gap loc. mis.	0	0	0	0
# unaligned mis. contigs	10	10	16	16
# mismatches	1554	1554	1566	1556
# indels	19	19	29	29
    # indels (<= 5 bp)	19	19	29	29
    # indels (> 5 bp)	0	0	0	0
Indels length	23	23	34	34
