S1	E1	S2	E2	Reference	Contig	IDY	Ambiguous	Best_group
10	254372	254365	1	Nitrobacter_winogradskyi_NC_007406.1	NODE_29_length_254365_cov_3.959739	100.0		True
CONTIG	NODE_29_length_254365_cov_3.959739	254365	correct
1893099	2116810	1	223712	Nitrobacter_winogradskyi_NC_007406.1	NODE_36_length_223712_cov_3.523547	100.0		True
CONTIG	NODE_36_length_223712_cov_3.523547	223712	correct
539866	719458	1	179593	Nitrobacter_winogradskyi_NC_007406.1	NODE_41_length_179593_cov_3.639799	100.0		True
CONTIG	NODE_41_length_179593_cov_3.639799	179593	correct
2721550	2897154	175605	1	Nitrobacter_winogradskyi_NC_007406.1	NODE_44_length_175605_cov_3.524797	100.0		True
CONTIG	NODE_44_length_175605_cov_3.524797	175605	correct
2906976	3056206	1	149231	Nitrobacter_winogradskyi_NC_007406.1	NODE_55_length_149231_cov_3.527378	100.0		True
CONTIG	NODE_55_length_149231_cov_3.527378	149231	correct
1269806	1399959	1	130154	Nitrobacter_winogradskyi_NC_007406.1	NODE_64_length_130154_cov_3.512960	100.0		True
CONTIG	NODE_64_length_130154_cov_3.512960	130154	correct
943541	1047690	1	104150	Nitrobacter_winogradskyi_NC_007406.1	NODE_78_length_104150_cov_3.563522	100.0		True
CONTIG	NODE_78_length_104150_cov_3.563522	104150	correct
1772183	1874622	1	102440	Nitrobacter_winogradskyi_NC_007406.1	NODE_80_length_102440_cov_3.504705	100.0		True
CONTIG	NODE_80_length_102440_cov_3.504705	102440	correct
3256879	3350960	1	94082	Nitrobacter_winogradskyi_NC_007406.1	NODE_92_length_94082_cov_4.491121	100.0		True
CONTIG	NODE_92_length_94082_cov_4.491121	94082	correct
1116449	1204598	88150	1	Nitrobacter_winogradskyi_NC_007406.1	NODE_97_length_88150_cov_3.534713	100.0		True
CONTIG	NODE_97_length_88150_cov_3.534713	88150	correct
1522053	1608758	1	86706	Nitrobacter_winogradskyi_NC_007406.1	NODE_98_length_86706_cov_3.990035	100.0		True
CONTIG	NODE_98_length_86706_cov_3.990035	86706	correct
2334866	2418457	83592	1	Nitrobacter_winogradskyi_NC_007406.1	NODE_101_length_83592_cov_3.446948	100.0		True
CONTIG	NODE_101_length_83592_cov_3.446948	83592	correct
412752	479832	67081	1	Nitrobacter_winogradskyi_NC_007406.1	NODE_122_length_67081_cov_3.560972	100.0		True
CONTIG	NODE_122_length_67081_cov_3.560972	67081	correct
285027	348259	63233	1	Nitrobacter_winogradskyi_NC_007406.1	NODE_127_length_63233_cov_3.536430	100.0		True
CONTIG	NODE_127_length_63233_cov_3.536430	63233	correct
1623197	1686287	1	63091	Nitrobacter_winogradskyi_NC_007406.1	NODE_128_length_63091_cov_3.607871	100.0		True
CONTIG	NODE_128_length_63091_cov_3.607871	63091	correct
2659380	2720881	61502	1	Nitrobacter_winogradskyi_NC_007406.1	NODE_130_length_61502_cov_4.232041	100.0		True
CONTIG	NODE_130_length_61502_cov_4.232041	61502	correct
2462030	2523098	61069	1	Nitrobacter_winogradskyi_NC_007406.1	NODE_131_length_61069_cov_3.510333	100.0		True
CONTIG	NODE_131_length_61069_cov_3.510333	61069	correct
349920	409947	1	60028	Nitrobacter_winogradskyi_NC_007406.1	NODE_134_length_60028_cov_3.599092	100.0		True
CONTIG	NODE_134_length_60028_cov_3.599092	60028	correct
479762	537902	1	58141	Nitrobacter_winogradskyi_NC_007406.1	NODE_138_length_58141_cov_4.161090	100.0		True
CONTIG	NODE_138_length_58141_cov_4.161090	58141	correct
790007	846556	1	56550	Nitrobacter_winogradskyi_NC_007406.1	NODE_140_length_56550_cov_3.611947	100.0		True
CONTIG	NODE_140_length_56550_cov_3.611947	56550	correct
3201906	3255999	54094	1	Nitrobacter_winogradskyi_NC_007406.1	NODE_142_length_54094_cov_3.491453	100.0		True
CONTIG	NODE_142_length_54094_cov_3.491453	54094	correct
1206255	1254602	1	48348	Nitrobacter_winogradskyi_NC_007406.1	NODE_153_length_48348_cov_3.466269	100.0		True
CONTIG	NODE_153_length_48348_cov_3.466269	48348	correct
1721613	1767923	1	46311	Nitrobacter_winogradskyi_NC_007406.1	NODE_161_length_46311_cov_4.504652	100.0		True
CONTIG	NODE_161_length_46311_cov_4.504652	46311	correct
740676	786335	1	45660	Nitrobacter_winogradskyi_NC_007406.1	NODE_166_length_45660_cov_3.518075	100.0		True
CONTIG	NODE_166_length_45660_cov_3.518075	45660	correct
873020	918324	1	45305	Nitrobacter_winogradskyi_NC_007406.1	NODE_169_length_45310_cov_3.630599	100.0		True
CONTIG	NODE_169_length_45310_cov_3.630599	45310	correct
1071987	1115133	43147	1	Nitrobacter_winogradskyi_NC_007406.1	NODE_171_length_43147_cov_4.929567	99.99		True
CONTIG	NODE_171_length_43147_cov_4.929567	43147	correct
2420116	2461176	1	41061	Nitrobacter_winogradskyi_NC_007406.1	NODE_177_length_41061_cov_3.560959	100.0		True
CONTIG	NODE_177_length_41061_cov_3.560959	41061	correct
2593279	2630142	36864	1	Nitrobacter_winogradskyi_NC_007406.1	NODE_192_length_36864_cov_3.391133	100.0		True
CONTIG	NODE_192_length_36864_cov_3.391133	36864	correct
1687604	1720489	1	32886	Nitrobacter_winogradskyi_NC_007406.1	NODE_204_length_32886_cov_3.528563	100.0		True
CONTIG	NODE_204_length_32886_cov_3.528563	32886	correct
2188884	2220090	31207	1	Nitrobacter_winogradskyi_NC_007406.1	NODE_208_length_31207_cov_3.567732	100.0		True
CONTIG	NODE_208_length_31207_cov_3.567732	31207	correct
3371606	3402067	30462	1	Nitrobacter_winogradskyi_NC_007406.1	NODE_209_length_30462_cov_4.876857	100.0		True
CONTIG	NODE_209_length_30462_cov_4.876857	30462	correct
2548579	2577504	28926	1	Nitrobacter_winogradskyi_NC_007406.1	NODE_214_length_28926_cov_3.379540	100.0		True
CONTIG	NODE_214_length_28926_cov_3.379540	28926	correct
1494316	1521192	1	26877	Nitrobacter_winogradskyi_NC_007406.1	NODE_223_length_26877_cov_3.582157	100.0		True
CONTIG	NODE_223_length_26877_cov_3.582157	26877	correct
1447345	1472132	24788	1	Nitrobacter_winogradskyi_NC_007406.1	NODE_232_length_24788_cov_3.626797	100.0		True
CONTIG	NODE_232_length_24788_cov_3.626797	24788	correct
3111025	3134321	1	23297	Nitrobacter_winogradskyi_NC_007406.1	NODE_237_length_23297_cov_3.459005	100.0		True
CONTIG	NODE_237_length_23297_cov_3.459005	23297	correct
2524860	2547263	1	22404	Nitrobacter_winogradskyi_NC_007406.1	NODE_241_length_22404_cov_3.557588	100.0		True
CONTIG	NODE_241_length_22404_cov_3.557588	22404	correct
3135131	3157502	1	22372	Nitrobacter_winogradskyi_NC_007406.1	NODE_242_length_22372_cov_5.320253	100.0		True
CONTIG	NODE_242_length_22372_cov_5.320253	22372	correct
1472056	1493617	1	21562	Nitrobacter_winogradskyi_NC_007406.1	NODE_250_length_21562_cov_3.580441	100.0		True
CONTIG	NODE_250_length_21562_cov_3.580441	21562	correct
3058454	3079960	21507	1	Nitrobacter_winogradskyi_NC_007406.1	NODE_251_length_21507_cov_7.539284	99.98		True
CONTIG	NODE_251_length_21507_cov_7.539284	21507	correct
2634696	2655509	20814	1	Nitrobacter_winogradskyi_NC_007406.1	NODE_256_length_20814_cov_5.206855	100.0		True
CONTIG	NODE_256_length_20814_cov_5.206855	20814	correct
264456	283710	1	19255	Nitrobacter_winogradskyi_NC_007406.1	NODE_272_length_19255_cov_3.467112	100.0		True
CONTIG	NODE_272_length_19255_cov_3.467112	19255	correct
2134720	2153913	19194	1	Nitrobacter_winogradskyi_NC_007406.1	NODE_273_length_19194_cov_3.589683	100.0		True
CONTIG	NODE_273_length_19194_cov_3.589683	19194	correct
2157208	2176374	19167	1	Nitrobacter_winogradskyi_NC_007406.1	NODE_274_length_19167_cov_3.520243	100.0		True
CONTIG	NODE_274_length_19167_cov_3.520243	19167	correct
3183672	3201993	1	18322	Nitrobacter_winogradskyi_NC_007406.1	NODE_280_length_18322_cov_3.384130	100.0		True
CONTIG	NODE_280_length_18322_cov_3.384130	18322	correct
2315492	2333548	18057	1	Nitrobacter_winogradskyi_NC_007406.1	NODE_283_length_18057_cov_3.437187	100.0		True
CONTIG	NODE_283_length_18057_cov_3.437187	18057	correct
3160896	3176525	15631	1	Nitrobacter_winogradskyi_NC_007406.1	NODE_307_length_15631_cov_6.496523	99.97		True
CONTIG	NODE_307_length_15631_cov_6.496523	15631	correct
1876281	1891747	1	15467	Nitrobacter_winogradskyi_NC_007406.1	NODE_308_length_15467_cov_3.402915	100.0		True
CONTIG	NODE_308_length_15467_cov_3.402915	15467	correct
2118273	2133404	15132	1	Nitrobacter_winogradskyi_NC_007406.1	NODE_312_length_15132_cov_6.495776	99.99		True
CONTIG	NODE_312_length_15132_cov_6.495776	15132	correct
2282169	2296462	14294	1	Nitrobacter_winogradskyi_NC_007406.1	NODE_322_length_14294_cov_3.448890	100.0		True
CONTIG	NODE_322_length_14294_cov_3.448890	14294	correct
846458	860728	1	14271	Nitrobacter_winogradskyi_NC_007406.1	NODE_323_length_14271_cov_4.702724	100.0		True
CONTIG	NODE_323_length_14271_cov_4.702724	14271	correct
720776	734699	1	13924	Nitrobacter_winogradskyi_NC_007406.1	NODE_326_length_13924_cov_3.514864	100.0		True
CONTIG	NODE_326_length_13924_cov_3.514864	13924	correct
2578821	2592418	1	13598	Nitrobacter_winogradskyi_NC_007406.1	NODE_331_length_13598_cov_3.622861	100.0		True
CONTIG	NODE_331_length_13598_cov_3.622861	13598	correct
1048544	1062071	13528	1	Nitrobacter_winogradskyi_NC_007406.1	NODE_333_length_13528_cov_3.533547	99.99		True
CONTIG	NODE_333_length_13528_cov_3.533547	13528	correct
1255926	1268944	1	13019	Nitrobacter_winogradskyi_NC_007406.1	NODE_342_length_13019_cov_3.327477	100.0		True
CONTIG	NODE_342_length_13019_cov_3.327477	13019	correct
2301374	2314368	1	12995	Nitrobacter_winogradskyi_NC_007406.1	NODE_343_length_12995_cov_7.638880	99.99		True
CONTIG	NODE_343_length_12995_cov_7.638880	12995	correct
1401721	1414498	1	12778	Nitrobacter_winogradskyi_NC_007406.1	NODE_351_length_12778_cov_3.456739	100.0		True
CONTIG	NODE_351_length_12778_cov_3.456739	12778	correct
2176276	2188029	1	11754	Nitrobacter_winogradskyi_NC_007406.1	NODE_372_length_11754_cov_4.064607	99.82		True
CONTIG	NODE_372_length_11754_cov_4.064607	11754	correct
2236001	2247630	11630	1	Nitrobacter_winogradskyi_NC_007406.1	NODE_375_length_11630_cov_3.384095	100.0		True
CONTIG	NODE_375_length_11630_cov_3.384095	11630	correct
1434813	1446382	11570	1	Nitrobacter_winogradskyi_NC_007406.1	NODE_377_length_11570_cov_3.500915	100.0		True
CONTIG	NODE_377_length_11570_cov_3.500915	11570	correct
2248487	2259865	1	11379	Nitrobacter_winogradskyi_NC_007406.1	NODE_380_length_11379_cov_3.828457	99.99		True
CONTIG	NODE_380_length_11379_cov_3.828457	11379	correct
1415176	1424530	1	9356	Nitrobacter_winogradskyi_NC_007406.1	NODE_418_length_9356_cov_7.889489	99.96		True
CONTIG	NODE_418_length_9356_cov_7.889489	9356	correct
928447	937773	9327	1	Nitrobacter_winogradskyi_NC_007406.1	NODE_421_length_9327_cov_3.935197	100.0		True
CONTIG	NODE_421_length_9327_cov_3.935197	9327	correct
3100717	3109708	8992	1	Nitrobacter_winogradskyi_NC_007406.1	NODE_433_length_8992_cov_3.536489	100.0		True
CONTIG	NODE_433_length_8992_cov_3.536489	8992	correct
1613018	1621881	1	8864	Nitrobacter_winogradskyi_NC_007406.1	NODE_438_length_8864_cov_3.628294	100.0		True
CONTIG	NODE_438_length_8864_cov_3.628294	8864	correct
2266367	2275154	8788	1	Nitrobacter_winogradskyi_NC_007406.1	NODE_442_length_8788_cov_3.702037	100.0		True
CONTIG	NODE_442_length_8788_cov_3.702037	8788	correct
1063026	1071129	8104	1	Nitrobacter_winogradskyi_NC_007406.1	NODE_469_length_8104_cov_8.688195	99.98		True
CONTIG	NODE_469_length_8104_cov_8.688195	8104	correct
3082836	3090438	7603	1	Nitrobacter_winogradskyi_NC_007406.1	NODE_481_length_7603_cov_3.373934	100.0		True
CONTIG	NODE_481_length_7603_cov_3.373934	7603	correct
2898469	2905655	1	7187	Nitrobacter_winogradskyi_NC_007406.1	NODE_498_length_7187_cov_3.539221	100.0		True
CONTIG	NODE_498_length_7187_cov_3.539221	7187	correct
2220958	2227786	6829	1	Nitrobacter_winogradskyi_NC_007406.1	NODE_508_length_6829_cov_3.591530	100.0		True
CONTIG	NODE_508_length_6829_cov_3.591530	6829	correct
865616	871698	1	6083	Nitrobacter_winogradskyi_NC_007406.1	NODE_548_length_6083_cov_3.478610	100.0		True
CONTIG	NODE_548_length_6083_cov_3.478610	6083	correct
3352277	3358298	1	6022	Nitrobacter_winogradskyi_NC_007406.1	NODE_551_length_6022_cov_3.855310	100.0		True
CONTIG	NODE_551_length_6022_cov_3.855310	6022	correct
922030	927587	1	5558	Nitrobacter_winogradskyi_NC_007406.1	NODE_571_length_5558_cov_3.618062	100.0		True
CONTIG	NODE_571_length_5558_cov_3.618062	5558	correct
2229626	2234680	1	5055	Nitrobacter_winogradskyi_NC_007406.1	NODE_596_length_5055_cov_3.746368	100.0		True
CONTIG	NODE_596_length_5055_cov_3.746368	5055	correct
3359614	3364662	5049	1	Nitrobacter_winogradskyi_NC_007406.1	NODE_597_length_5049_cov_3.570707	100.0		True
CONTIG	NODE_597_length_5049_cov_3.570707	5049	correct
3177841	3182816	1	4976	Nitrobacter_winogradskyi_NC_007406.1	NODE_603_length_4976_cov_3.174493	100.0		True
CONTIG	NODE_603_length_4976_cov_3.174493	4976	correct
2276506	2280852	4347	1	Nitrobacter_winogradskyi_NC_007406.1	NODE_649_length_4347_cov_3.816855	100.0		True
CONTIG	NODE_649_length_4347_cov_3.816855	4347	correct
3365977	3370287	4311	1	Nitrobacter_winogradskyi_NC_007406.1	NODE_652_length_4311_cov_3.225309	100.0		True
CONTIG	NODE_652_length_4311_cov_3.225309	4311	correct
259636	263539	1	3904	Nitrobacter_winogradskyi_NC_007406.1	NODE_676_length_3904_cov_3.528515	100.0		True
CONTIG	NODE_676_length_3904_cov_3.528515	3904	correct
735557	739361	3805	1	Nitrobacter_winogradskyi_NC_007406.1	NODE_683_length_3805_cov_3.443605	100.0		True
CONTIG	NODE_683_length_3805_cov_3.443605	3805	correct
3090375	3094122	1	3748	Nitrobacter_winogradskyi_NC_007406.1	NODE_686_length_3748_cov_3.471910	100.0		True
CONTIG	NODE_686_length_3748_cov_3.471910	3748	correct
1427236	1430918	1	3683	Nitrobacter_winogradskyi_NC_007406.1	NODE_693_length_3683_cov_3.638393	100.0		True
CONTIG	NODE_693_length_3683_cov_3.638393	3683	correct
1768680	1772281	1	3602	Nitrobacter_winogradskyi_NC_007406.1	NODE_701_length_3602_cov_7.083643	100.0		True
CONTIG	NODE_701_length_3602_cov_7.083643	3602	correct
862346	865615	3270	1	Nitrobacter_winogradskyi_NC_007406.1	NODE_733_length_3270_cov_4.937559	99.51		True
CONTIG	NODE_733_length_3270_cov_4.937559	3270	correct
3094801	3097965	3165	1	Nitrobacter_winogradskyi_NC_007406.1	NODE_742_length_3165_cov_3.581539	100.0		True
CONTIG	NODE_742_length_3165_cov_3.581539	3165	correct
2631458	2633839	1	2382	Nitrobacter_winogradskyi_NC_007406.1	NODE_815_length_2382_cov_3.853263	100.0		True
CONTIG	NODE_815_length_2382_cov_3.853263	2382	correct
919153	921365	1	2213	Nitrobacter_winogradskyi_NC_007406.1	NODE_836_length_2213_cov_3.400189	100.0		True
CONTIG	NODE_836_length_2213_cov_3.400189	2213	correct
2297779	2299855	2077	1	Nitrobacter_winogradskyi_NC_007406.1	NODE_854_length_2077_cov_3.472194	100.0		True
CONTIG	NODE_854_length_2077_cov_3.472194	2077	correct
2261722	2263817	1	2040	Nitrobacter_winogradskyi_NC_007406.1	NODE_857_length_2040_cov_2.694487	97.22		True
CONTIG	NODE_857_length_2040_cov_2.694487	2040	correct
786237	788273	1	2037	Nitrobacter_winogradskyi_NC_007406.1	NODE_860_length_2037_cov_7.510320	100.0		True
CONTIG	NODE_860_length_2037_cov_7.510320	2037	correct
1399861	1401819	1	1959	Nitrobacter_winogradskyi_NC_007406.1	NODE_870_length_1959_cov_6.784409	99.95		True
CONTIG	NODE_870_length_1959_cov_6.784409	1959	correct
939105	940924	1	1820	Nitrobacter_winogradskyi_NC_007406.1	NODE_885_length_1820_cov_3.162696	100.0		True
CONTIG	NODE_885_length_1820_cov_3.162696	1820	correct
2656825	2658526	1702	1	Nitrobacter_winogradskyi_NC_007406.1	NODE_902_length_1702_cov_3.305053	100.0		True
CONTIG	NODE_902_length_1702_cov_3.305053	1702	correct
2275056	2276604	1549	1	Nitrobacter_winogradskyi_NC_007406.1	NODE_935_length_1549_cov_7.220690	100.0		True
CONTIG	NODE_935_length_1549_cov_7.220690	1549	correct
942220	943637	1418	1	Nitrobacter_winogradskyi_NC_007406.1	NODE_961_length_1418_cov_79.736164	100.0		True
CONTIG	NODE_961_length_1418_cov_79.736164	1418	correct
3358278	3359620	1343	1	Nitrobacter_winogradskyi_NC_007406.1	NODE_978_length_1343_cov_39.361736	100.0		True
CONTIG	NODE_978_length_1343_cov_39.361736	1343	correct
2314270	2315590	1321	1	Nitrobacter_winogradskyi_NC_007406.1	NODE_983_length_1321_cov_8.090016	100.0		True
CONTIG	NODE_983_length_1321_cov_8.090016	1321	correct
860630	861924	1295	1	Nitrobacter_winogradskyi_NC_007406.1	NODE_985_length_1295_cov_6.950669	99.77		True
CONTIG	NODE_985_length_1295_cov_6.950669	1295	correct
410817	411939	1	1123	Nitrobacter_winogradskyi_NC_007406.1	NODE_1018_length_1123_cov_35.690430	99.91		True
CONTIG	NODE_1018_length_1123_cov_35.690430	1123	correct
2155252	2156351	1100	1	Nitrobacter_winogradskyi_NC_007406.1	NODE_1023_length_1100_cov_3.448551	100.0		True
CONTIG	NODE_1023_length_1100_cov_3.448551	1100	correct
1432577	1433590	1014	1	Nitrobacter_winogradskyi_NC_007406.1	NODE_1045_length_1014_cov_4.280874	100.0		True
CONTIG	NODE_1045_length_1014_cov_4.280874	1014	correct
