S1	E1	S2	E2	Reference	Contig	IDY	Ambiguous	Best_group
1893100	2116954	223855	1	Nitrobacter_winogradskyi_NC_007406.1	scaffold_5	100.0		True
CONTIG	scaffold_5	224973	correct
23993	205224	181232	1	Nitrobacter_winogradskyi_NC_007406.1	scaffold_11	100.0		True
local misassembly
8962	23783	196054	181233	Nitrobacter_winogradskyi_NC_007406.1	scaffold_11	100.0		True
CONTIG	scaffold_11	196054	correct
2721551	2897153	1	175603	Nitrobacter_winogradskyi_NC_007406.1	scaffold_15	100.0		True
CONTIG	scaffold_15	175603	correct
2906977	3056205	149229	1	Nitrobacter_winogradskyi_NC_007406.1	scaffold_22	100.0		True
CONTIG	scaffold_22	149229	correct
1269918	1399958	1	130041	Nitrobacter_winogradskyi_NC_007406.1	scaffold_28	100.0		True
CONTIG	scaffold_28	130041	correct
943782	1047689	103908	1	Nitrobacter_winogradskyi_NC_007406.1	scaffold_39	100.0		True
CONTIG	scaffold_39	103908	correct
539867	635277	1	95411	Nitrobacter_winogradskyi_NC_007406.1	scaffold_49	100.0		True
local misassembly
635420	692742	95412	152734	Nitrobacter_winogradskyi_NC_007406.1	scaffold_49	100.0		True
local misassembly
692939	701518	152735	161314	Nitrobacter_winogradskyi_NC_007406.1	scaffold_49	100.0		True
local misassembly
701670	719457	161315	179102	Nitrobacter_winogradskyi_NC_007406.1	scaffold_49	100.0		True
CONTIG	scaffold_49	179102	correct
1772184	1859812	1	87629	Nitrobacter_winogradskyi_NC_007406.1	scaffold_56	100.0		True
local misassembly
1860033	1874620	87630	102217	Nitrobacter_winogradskyi_NC_007406.1	scaffold_56	100.0		True
CONTIG	scaffold_56	102217	correct
1522995	1604336	1	81342	Nitrobacter_winogradskyi_NC_007406.1	scaffold_62	100.0		True
local misassembly
1604651	1608757	81343	85449	Nitrobacter_winogradskyi_NC_007406.1	scaffold_62	100.0		True
fake: scaffold gap size wrong estimation (local)
1609515	1613116	85770	89371	Nitrobacter_winogradskyi_NC_007406.1	scaffold_62	100.0		True
CONTIG	scaffold_62	89371	correct
1116450	1130920	1	14471	Nitrobacter_winogradskyi_NC_007406.1	scaffold_78	100.0		True
local misassembly
1131114	1204597	14472	87955	Nitrobacter_winogradskyi_NC_007406.1	scaffold_78	100.0		True
CONTIG	scaffold_78	87955	correct
2354892	2418457	63566	1	Nitrobacter_winogradskyi_NC_007406.1	scaffold_96	100.0		True
local misassembly
2334867	2354583	83283	63567	Nitrobacter_winogradskyi_NC_007406.1	scaffold_96	100.0		True
CONTIG	scaffold_96	83283	correct
285028	348258	1	63231	Nitrobacter_winogradskyi_NC_007406.1	scaffold_97	100.0		True
CONTIG	scaffold_97	63231	correct
1623198	1686286	63089	1	Nitrobacter_winogradskyi_NC_007406.1	scaffold_98	100.0		True
CONTIG	scaffold_98	63089	correct
479763	490018	10256	1	Nitrobacter_winogradskyi_NC_007406.1	scaffold_99	100.0		True
local misassembly
417083	479556	72730	10257	Nitrobacter_winogradskyi_NC_007406.1	scaffold_99	100.0		True
local misassembly
412754	416806	76783	72731	Nitrobacter_winogradskyi_NC_007406.1	scaffold_99	100.0		True
CONTIG	scaffold_99	76783	correct
2462031	2523097	1	61067	Nitrobacter_winogradskyi_NC_007406.1	scaffold_101	100.0		True
CONTIG	scaffold_101	61067	correct
349921	351166	1	1246	Nitrobacter_winogradskyi_NC_007406.1	scaffold_109	100.0		True
local misassembly
351317	409946	1247	59876	Nitrobacter_winogradskyi_NC_007406.1	scaffold_109	100.0		True
CONTIG	scaffold_109	59876	correct
3293362	3350959	1	57598	Nitrobacter_winogradskyi_NC_007406.1	scaffold_110	100.0		True
CONTIG	scaffold_110	57598	correct
790008	846555	1	56548	Nitrobacter_winogradskyi_NC_007406.1	scaffold_113	100.0		True
CONTIG	scaffold_113	56548	correct
3183673	3201992	1	18320	Nitrobacter_winogradskyi_NC_007406.1	scaffold_118	100.0		True
local misassembly
3202143	3256020	18321	72198	Nitrobacter_winogradskyi_NC_007406.1	scaffold_118	100.0		True
CONTIG	scaffold_118	72198	correct
1206257	1254607	1	48351	Nitrobacter_winogradskyi_NC_007406.1	scaffold_128	100.0		True
CONTIG	scaffold_128	48351	correct
490682	537901	1	47220	Nitrobacter_winogradskyi_NC_007406.1	scaffold_132	100.0		True
CONTIG	scaffold_132	47220	correct
740679	786334	45656	1	Nitrobacter_winogradskyi_NC_007406.1	scaffold_142	100.0		True
CONTIG	scaffold_142	45656	correct
873021	918301	45281	1	Nitrobacter_winogradskyi_NC_007406.1	scaffold_148	100.0		True
CONTIG	scaffold_148	45281	correct
2420117	2461175	1	41059	Nitrobacter_winogradskyi_NC_007406.1	scaffold_155	100.0		True
CONTIG	scaffold_155	41059	correct
1071988	1112495	1	40508	Nitrobacter_winogradskyi_NC_007406.1	scaffold_157	100.0		True
CONTIG	scaffold_157	40508	correct
245825	254371	8547	1	Nitrobacter_winogradskyi_NC_007406.1	scaffold_160	100.0		True
fake: scaffold gap size wrong estimation (local)
205889	245292	48061	8658	Nitrobacter_winogradskyi_NC_007406.1	scaffold_160	100.0		True
CONTIG	scaffold_160	48061	correct
2659381	2697644	1	38264	Nitrobacter_winogradskyi_NC_007406.1	scaffold_164	100.0		True
fake: scaffold gap size wrong estimation (local)
2698310	2720884	38564	61138	Nitrobacter_winogradskyi_NC_007406.1	scaffold_164	100.0		True
CONTIG	scaffold_164	61138	correct
2593280	2630141	36862	1	Nitrobacter_winogradskyi_NC_007406.1	scaffold_168	100.0		True
CONTIG	scaffold_168	36862	correct
2188885	2220089	1	31205	Nitrobacter_winogradskyi_NC_007406.1	scaffold_183	100.0		True
CONTIG	scaffold_183	31205	correct
3372986	3402067	1	29082	Nitrobacter_winogradskyi_NC_007406.1	scaffold_186	100.0		True
CONTIG	scaffold_186	29082	correct
2548580	2577503	1	28924	Nitrobacter_winogradskyi_NC_007406.1	scaffold_187	100.0		True
CONTIG	scaffold_187	28924	correct
1494318	1521191	26874	1	Nitrobacter_winogradskyi_NC_007406.1	scaffold_191	100.0		True
CONTIG	scaffold_191	26874	correct
1472057	1493667	21611	1	Nitrobacter_winogradskyi_NC_007406.1	scaffold_200	100.0		True
local misassembly
1447346	1471812	46078	21612	Nitrobacter_winogradskyi_NC_007406.1	scaffold_200	100.0		True
CONTIG	scaffold_200	46078	correct
3111026	3134320	1	23295	Nitrobacter_winogradskyi_NC_007406.1	scaffold_211	100.0		True
CONTIG	scaffold_211	23295	correct
1740485	1763516	1	23032	Nitrobacter_winogradskyi_NC_007406.1	scaffold_212	100.0		True
local misassembly
1763723	1767922	23033	27232	Nitrobacter_winogradskyi_NC_007406.1	scaffold_212	100.0		True
CONTIG	scaffold_212	27232	correct
3272267	3292696	20430	1	Nitrobacter_winogradskyi_NC_007406.1	scaffold_230	100.0		True
local misassembly
3261266	3272077	31242	20431	Nitrobacter_winogradskyi_NC_007406.1	scaffold_230	100.0		True
CONTIG	scaffold_230	31242	correct
3135132	3155401	20270	1	Nitrobacter_winogradskyi_NC_007406.1	scaffold_232	100.0		True
CONTIG	scaffold_232	20270	correct
2635541	2655508	19968	1	Nitrobacter_winogradskyi_NC_007406.1	scaffold_233	100.0		True
CONTIG	scaffold_233	19968	correct
264413	283709	19297	1	Nitrobacter_winogradskyi_NC_007406.1	scaffold_238	100.0		True
CONTIG	scaffold_238	19297	correct
2134721	2153934	19214	1	Nitrobacter_winogradskyi_NC_007406.1	scaffold_239	100.0		True
CONTIG	scaffold_239	19214	correct
2157209	2176373	19165	1	Nitrobacter_winogradskyi_NC_007406.1	scaffold_240	100.0		True
CONTIG	scaffold_240	19165	correct
1721614	1739820	18207	1	Nitrobacter_winogradskyi_NC_007406.1	scaffold_248	100.0		True
CONTIG	scaffold_248	18207	correct
1705584	1720488	14905	1	Nitrobacter_winogradskyi_NC_007406.1	scaffold_249	100.0		True
local misassembly
1687605	1705251	32552	14906	Nitrobacter_winogradskyi_NC_007406.1	scaffold_249	100.0		True
CONTIG	scaffold_249	32552	correct
2315493	2333547	1	18055	Nitrobacter_winogradskyi_NC_007406.1	scaffold_250	100.0		True
CONTIG	scaffold_250	18055	correct
2524861	2541110	1	16250	Nitrobacter_winogradskyi_NC_007406.1	scaffold_262	100.0		True
local misassembly
2541456	2547262	16251	22057	Nitrobacter_winogradskyi_NC_007406.1	scaffold_262	100.0		True
CONTIG	scaffold_262	22057	correct
2282170	2296461	14292	1	Nitrobacter_winogradskyi_NC_007406.1	scaffold_279	100.0		True
CONTIG	scaffold_279	14292	correct
720777	734698	1	13922	Nitrobacter_winogradskyi_NC_007406.1	scaffold_284	100.0		True
CONTIG	scaffold_284	13922	correct
1048545	1061697	1	13153	Nitrobacter_winogradskyi_NC_007406.1	scaffold_291	100.0		True
CONTIG	scaffold_291	13153	correct
1255927	1268943	1	13017	Nitrobacter_winogradskyi_NC_007406.1	scaffold_293	100.0		True
CONTIG	scaffold_293	13017	correct
1401722	1414497	1	12776	Nitrobacter_winogradskyi_NC_007406.1	scaffold_297	100.0		True
CONTIG	scaffold_297	12776	correct
2578822	2590796	1	11975	Nitrobacter_winogradskyi_NC_007406.1	scaffold_310	100.0		True
local misassembly
2591016	2592419	11976	13379	Nitrobacter_winogradskyi_NC_007406.1	scaffold_310	100.0		True
CONTIG	scaffold_310	13379	correct
2236002	2247627	11626	1	Nitrobacter_winogradskyi_NC_007406.1	scaffold_316	100.0		True
CONTIG	scaffold_316	11626	correct
1434814	1446381	11568	1	Nitrobacter_winogradskyi_NC_007406.1	scaffold_317	100.0		True
CONTIG	scaffold_317	11568	correct
2303807	2314367	1	10561	Nitrobacter_winogradskyi_NC_007406.1	scaffold_331	100.0		True
CONTIG	scaffold_331	10561	correct
2248488	2258998	10511	1	Nitrobacter_winogradskyi_NC_007406.1	scaffold_332	100.0		True
CONTIG	scaffold_332	10511	correct
2123628	2133402	1	9775	Nitrobacter_winogradskyi_NC_007406.1	scaffold_342	100.0		True
CONTIG	scaffold_342	9775	correct
928449	937598	9150	1	Nitrobacter_winogradskyi_NC_007406.1	scaffold_357	100.0		True
CONTIG	scaffold_357	9150	correct
2178925	2188028	1	9104	Nitrobacter_winogradskyi_NC_007406.1	scaffold_358	100.0		True
CONTIG	scaffold_358	9104	correct
3100718	3109707	8990	1	Nitrobacter_winogradskyi_NC_007406.1	scaffold_360	100.0		True
CONTIG	scaffold_360	8990	correct
851813	860727	8915	1	Nitrobacter_winogradskyi_NC_007406.1	scaffold_365	100.0		True
CONTIG	scaffold_365	8915	correct
1613019	1621880	8862	1	Nitrobacter_winogradskyi_NC_007406.1	scaffold_366	100.0		True
CONTIG	scaffold_366	8862	correct
2266368	2275153	8786	1	Nitrobacter_winogradskyi_NC_007406.1	scaffold_368	100.0		True
CONTIG	scaffold_368	8786	correct
1415164	1423644	1	8481	Nitrobacter_winogradskyi_NC_007406.1	scaffold_371	100.0		True
CONTIG	scaffold_371	8481	correct
3069562	3071458	1	1897	Nitrobacter_winogradskyi_NC_007406.1	scaffold_376	100.0		True
local misassembly
3071622	3079959	1904	10241	Nitrobacter_winogradskyi_NC_007406.1	scaffold_376	100.0		True
CONTIG	scaffold_376	10241	correct
11	8290	8280	1	Nitrobacter_winogradskyi_NC_007406.1	scaffold_380	100.0		True
CONTIG	scaffold_380	8280	correct
1876282	1884224	1	7943	Nitrobacter_winogradskyi_NC_007406.1	scaffold_394	100.0		True
local misassembly
1884370	1891746	7944	15320	Nitrobacter_winogradskyi_NC_007406.1	scaffold_394	100.0		True
CONTIG	scaffold_394	15320	correct
3161784	3169495	1	7712	Nitrobacter_winogradskyi_NC_007406.1	scaffold_400	100.0		True
CONTIG	scaffold_400	7712	correct
3090376	3094136	3761	1	Nitrobacter_winogradskyi_NC_007406.1	scaffold_406	100.0		True
local misassembly
3082837	3090067	10992	3762	Nitrobacter_winogradskyi_NC_007406.1	scaffold_406	100.0		True
CONTIG	scaffold_406	10992	correct
2898470	2905654	1	7185	Nitrobacter_winogradskyi_NC_007406.1	scaffold_425	100.0		True
CONTIG	scaffold_425	7185	correct
2227689	2229724	2036	1	Nitrobacter_winogradskyi_NC_007406.1	scaffold_433	99.95		True
local misassembly
2220949	2227538	8626	2037	Nitrobacter_winogradskyi_NC_007406.1	scaffold_433	100.0		True
CONTIG	scaffold_433	8626	correct
3352278	3358297	1	6020	Nitrobacter_winogradskyi_NC_007406.1	scaffold_465	100.0		True
CONTIG	scaffold_465	6020	correct
3170567	3176524	1	5958	Nitrobacter_winogradskyi_NC_007406.1	scaffold_470	100.0		True
CONTIG	scaffold_470	5958	correct
1063027	1068914	1	5888	Nitrobacter_winogradskyi_NC_007406.1	scaffold_475	100.0		True
CONTIG	scaffold_475	5888	correct
865836	871701	1	5866	Nitrobacter_winogradskyi_NC_007406.1	scaffold_478	100.0		True
CONTIG	scaffold_478	5866	correct
922031	927586	5556	1	Nitrobacter_winogradskyi_NC_007406.1	scaffold_496	100.0		True
fake: scaffold gap size wrong estimation (local)
919154	921381	8019	5792	Nitrobacter_winogradskyi_NC_007406.1	scaffold_496	100.0		True
CONTIG	scaffold_496	8019	correct
254274	259726	5453	1	Nitrobacter_winogradskyi_NC_007406.1	scaffold_506	100.0		True
CONTIG	scaffold_506	5453	correct
2229627	2234679	5053	1	Nitrobacter_winogradskyi_NC_007406.1	scaffold_523	100.0		True
CONTIG	scaffold_523	5053	correct
3359615	3364661	1	5047	Nitrobacter_winogradskyi_NC_007406.1	scaffold_525	100.0		True
CONTIG	scaffold_525	5047	correct
3177842	3182813	4972	1	Nitrobacter_winogradskyi_NC_007406.1	scaffold_532	100.0		True
CONTIG	scaffold_532	4972	correct
3064772	3069328	4557	1	Nitrobacter_winogradskyi_NC_007406.1	scaffold_544	100.0		True
local misassembly
3060018	3064610	9150	4558	Nitrobacter_winogradskyi_NC_007406.1	scaffold_544	100.0		True
CONTIG	scaffold_544	9150	correct
2118274	2122962	1	4689	Nitrobacter_winogradskyi_NC_007406.1	scaffold_556	100.0		True
CONTIG	scaffold_556	4689	correct
3365978	3370286	1	4309	Nitrobacter_winogradskyi_NC_007406.1	scaffold_587	100.0		True
CONTIG	scaffold_587	4309	correct
259629	263552	3924	1	Nitrobacter_winogradskyi_NC_007406.1	scaffold_640	100.0		True
CONTIG	scaffold_640	3924	correct
735558	739360	1	3803	Nitrobacter_winogradskyi_NC_007406.1	scaffold_661	100.0		True
CONTIG	scaffold_661	3803	correct
3256880	3260602	3723	1	Nitrobacter_winogradskyi_NC_007406.1	scaffold_675	100.0		True
CONTIG	scaffold_675	3723	correct
1427232	1430917	1	3686	Nitrobacter_winogradskyi_NC_007406.1	scaffold_679	100.0		True
CONTIG	scaffold_679	3686	correct
3094802	3097964	3163	1	Nitrobacter_winogradskyi_NC_007406.1	scaffold_792	100.0		True
CONTIG	scaffold_792	3163	correct
2277703	2280851	3149	1	Nitrobacter_winogradskyi_NC_007406.1	scaffold_796	100.0		True
CONTIG	scaffold_796	3149	correct
2631459	2633838	2380	1	Nitrobacter_winogradskyi_NC_007406.1	scaffold_1019	100.0		True
CONTIG	scaffold_1019	2380	correct
2261723	2263816	2094	1	Nitrobacter_winogradskyi_NC_007406.1	scaffold_1119	100.0		True
CONTIG	scaffold_1119	2094	correct
2297780	2299854	2075	1	Nitrobacter_winogradskyi_NC_007406.1	scaffold_1127	100.0		True
CONTIG	scaffold_1127	2075	correct
1399861	1401819	1959	1	Nitrobacter_winogradskyi_NC_007406.1	scaffold_1181	99.95		True
CONTIG	scaffold_1181	1959	correct
939091	940923	1	1833	Nitrobacter_winogradskyi_NC_007406.1	scaffold_1238	100.0		True
CONTIG	scaffold_1238	1833	correct
2656826	2658525	1	1700	Nitrobacter_winogradskyi_NC_007406.1	scaffold_1301	100.0		True
CONTIG	scaffold_1301	1700	correct
1069503	1071128	1626	1	Nitrobacter_winogradskyi_NC_007406.1	scaffold_1337	100.0		True
CONTIG	scaffold_1337	1626	correct
2301375	2302981	1	1607	Nitrobacter_winogradskyi_NC_007406.1	scaffold_1356	100.0		True
CONTIG	scaffold_1356	1607	correct
1686282	1687701	1	1420	Nitrobacter_winogradskyi_NC_007406.1	scaffold_1482	100.0		True
CONTIG	scaffold_1482	1420	correct
937678	939095	1418	1	Nitrobacter_winogradskyi_NC_007406.1	scaffold_1483	100.0		True
CONTIG	scaffold_1483	1418	correct
1720391	1721711	1321	1	Nitrobacter_winogradskyi_NC_007406.1	scaffold_1544	100.0		True
CONTIG	scaffold_1544	1321	correct
3169419	3170599	1	1181	Nitrobacter_winogradskyi_NC_007406.1	scaffold_1661	100.0		True
CONTIG	scaffold_1661	1181	correct
3155372	3156497	1126	1	Nitrobacter_winogradskyi_NC_007406.1	scaffold_1720	100.0		True
CONTIG	scaffold_1720	1126	correct
2155253	2156349	1097	1	Nitrobacter_winogradskyi_NC_007406.1	scaffold_1751	100.0		True
CONTIG	scaffold_1751	1097	correct
2260733	2261820	1	1088	Nitrobacter_winogradskyi_NC_007406.1	scaffold_1762	100.0		True
CONTIG	scaffold_1762	1088	correct
863452	864506	1	1055	Nitrobacter_winogradskyi_NC_007406.1	scaffold_1822	100.0		True
CONTIG	scaffold_1822	1055	correct
2276507	2277539	1	1033	Nitrobacter_winogradskyi_NC_007406.1	scaffold_1858	100.0		True
CONTIG	scaffold_1858	1033	correct
1432576	1433589	1	1014	Nitrobacter_winogradskyi_NC_007406.1	scaffold_1883	100.0		True
CONTIG	scaffold_1883	1014	correct
