Assembly	spades_assembly	spades_assembly.m1000	idbaud_assembly	idbaud_assembly.m1000
# misassemblies	0	0	0	0
  # contig misassemblies	0	0	0	0
    # c. relocations	0	0	0	0
    # c. translocations	0	0	0	0
    # c. inversions	0	0	0	0
  # scaffold misassemblies	0	0	0	0
    # s. relocations	0	0	0	0
    # s. translocations	0	0	0	0
    # s. inversions	0	0	0	0
# misassembled contigs	0	0	0	0
Misassembled contigs length	0	0	0	0
# possibly misassembled contigs	0	0	0	0
    # possible misassemblies	0	0	0	0
# local misassemblies	1	0	23	23
# scaffold gap ext. mis.	0	0	0	0
# scaffold gap loc. mis.	0	0	4	4
# unaligned mis. contigs	0	0	0	0
# mismatches	84	84	3	2
# indels	7	7	0	0
    # indels (<= 5 bp)	6	6	0	0
    # indels (> 5 bp)	1	1	0	0
Indels length	62	62	0	0
