Assemblies	spades_assembly	spades_assembly.m1000	idbaud_assembly	idbaud_assembly.m1000
Arcobacter_nitrofigilis	3165724	3165049	3146795	3132825
Desulfovibrio_desulfuricans	3355225	3355225	3336602	3334924
Kuenenia_stuttgartiensis	3672922	3611564	3376245	2753458
Nautilia_profundicola	1660815	1660815	1659278	1657316
Nitrobacter_winogradskyi	3299615	3293358	3275934	3263102
Nitrosomonas_europaea	2747561	2747561	2710237	2704521
Prochlorococcus_marinus	1635403	1635403	1332992	1332992
Pseudomonas_aeruginosa	6137912	6134859	6099760	6083517
Staphylococcus_aureus	2904946	2897347	2794821	2733973
Vibrio_cholerae	3963018	3951441	3947930	3928130
not_aligned	1185520	1182845	1524478	1502084
