S1	E1	S2	E2	Reference	Contig	IDY	Ambiguous	Best_group
647010	1293078	1	645761	Nautilia_profundicola_NC_012115.1	scaffold_0	99.95		True
local misassembly
1293392	1300160	645762	652530	Nautilia_profundicola_NC_012115.1	scaffold_0	100.0		True
local misassembly
1300352	1426753	652531	778932	Nautilia_profundicola_NC_012115.1	scaffold_0	100.0		True
local misassembly
1426997	1515008	778933	866944	Nautilia_profundicola_NC_012115.1	scaffold_0	100.0		True
CONTIG	scaffold_0	866944	correct
144846	376167	1	231322	Nautilia_profundicola_NC_012115.1	scaffold_4	100.0		True
local misassembly
376291	396516	231323	251548	Nautilia_profundicola_NC_012115.1	scaffold_4	100.0		True
local misassembly
396793	567477	251549	422233	Nautilia_profundicola_NC_012115.1	scaffold_4	100.0		True
local misassembly
567668	641872	422234	496438	Nautilia_profundicola_NC_012115.1	scaffold_4	100.0		True
CONTIG	scaffold_4	496438	correct
6	139552	1	139547	Nautilia_profundicola_NC_012115.1	scaffold_26	100.0		True
CONTIG	scaffold_26	139547	correct
1523609	1633639	1	110031	Nautilia_profundicola_NC_012115.1	scaffold_35	100.0		True
CONTIG	scaffold_35	110031	correct
1638933	1676439	1	37507	Nautilia_profundicola_NC_012115.1	scaffold_167	100.0		True
CONTIG	scaffold_167	37507	correct
1519016	1523706	4691	1	Nautilia_profundicola_NC_012115.1	scaffold_555	100.0		True
CONTIG	scaffold_555	4691	correct
1514918	1516002	1	1085	Nautilia_profundicola_NC_012115.1	scaffold_1768	100.0		True
CONTIG	scaffold_1768	1085	correct
1516610	1517682	1	1073	Nautilia_profundicola_NC_012115.1	scaffold_1792	100.0		True
CONTIG	scaffold_1792	1073	correct
