S1	E1	S2	E2	Reference	Contig	IDY	Ambiguous	Best_group
647009	725806	1	78798	Nautilia_profundicola_NC_012115.1	NODE_1_length_871420_cov_6.348909	100.0		True
local misassembly
726079	1518594	78805	871420	Nautilia_profundicola_NC_012115.1	NODE_1_length_871420_cov_6.348909	100.0		True
CONTIG	NODE_1_length_871420_cov_6.348909	871420	correct
144845	641873	1	497095	Nautilia_profundicola_NC_012115.1	NODE_10_length_497095_cov_6.378900	100.0		True
CONTIG	NODE_10_length_497095_cov_6.378900	497095	correct
6	139553	1	139548	Nautilia_profundicola_NC_012115.1	NODE_57_length_139548_cov_6.394345	100.0		True
CONTIG	NODE_57_length_139548_cov_6.394345	139548	correct
1523608	1633640	1	110033	Nautilia_profundicola_NC_012115.1	NODE_74_length_110033_cov_6.288864	100.0		True
CONTIG	NODE_74_length_110033_cov_6.288864	110033	correct
1638932	1676439	37508	1	Nautilia_profundicola_NC_012115.1	NODE_189_length_37508_cov_6.335908	100.0		True
CONTIG	NODE_189_length_37508_cov_6.335908	37508	correct
139557	144767	5211	1	Nautilia_profundicola_NC_012115.1	NODE_591_length_5211_cov_25.188576	100.0		True
CONTIG	NODE_591_length_5211_cov_25.188576	5211	correct
