Assembly	# misassemblies	  # contig misassemblies	    # c. relocations	    # c. translocations	    # c. inversions	  # scaffold misassemblies	    # s. relocations	    # s. translocations	    # s. inversions	# misassembled contigs	Misassembled contigs length	# possibly misassembled contigs	    # possible misassemblies	# local misassemblies	# scaffold gap ext. mis.	# scaffold gap loc. mis.	# unaligned mis. contigs	# mismatches	# indels	    # indels (<= 5 bp)	    # indels (> 5 bp)	Indels length
spades_assembly	0	0	0	0	0	0	0	0	0	0	0	0	0	1	0	0	0	5	2	0	2	166
spades_assembly.m1000	0	0	0	0	0	0	0	0	0	0	0	0	0	1	0	0	0	5	2	0	2	166
idbaud_assembly	0	0	0	0	0	0	0	0	0	0	0	0	0	6	0	0	0	0	1	0	1	308
idbaud_assembly.m1000	0	0	0	0	0	0	0	0	0	0	0	0	0	6	0	0	0	0	1	0	1	308
